time,open,high,low,close
2026-01-07 10:00:00+00:00,79.88,82.4,78.57,79.48
2026-01-07 11:00:00+00:00,79.48,79.84,78.61,78.98
2026-01-07 12:00:00+00:00,78.98,79.2,78.21,78.71
2026-01-07 13:00:00+00:00,78.69,78.92,77.19,77.67
2026-01-07 14:00:00+00:00,77.69,78.19,76.8,77.93
2026-01-07 15:00:00+00:00,77.95,79.99,76.5,77.24
2026-01-07 16:00:00+00:00,77.3,79.1,77.3,78.96
2026-01-07 17:00:00+00:00,79.01,79.03,78.01,78.19
2026-01-07 18:00:00+00:00,78.19,78.4,77.56,78.33
2026-01-07 19:00:00+00:00,78.33,78.62,77.96,78.57
2026-01-07 20:00:00+00:00,78.6,78.75,78.3,78.46
2026-01-07 21:00:00+00:00,78.46,78.5,77.9,78.24
2026-01-07 22:00:00+00:00,78.24,78.86,77.4,78.35
2026-01-07 23:00:00+00:00,78.35,79.01,78.19,78.92
2026-01-08 00:00:00+00:00,78.86,79.73,77.4,77.93
2026-01-08 01:00:00+00:00,77.88,79.2,77.08,78.68
2026-01-08 02:00:00+00:00,78.68,78.71,77.72,77.97
2026-01-08 03:00:00+00:00,78.05,78.58,77.7,78.11
2026-01-08 04:00:00+00:00,78.16,78.16,77.5,77.66
2026-01-08 05:00:00+00:00,77.66,77.67,75.61,76.25
2026-01-08 06:00:00+00:00,76.2,76.9,75.7,76.4
2026-01-08 07:00:00+00:00,76.42,76.9,75.82,76.06
2026-01-08 08:00:00+00:00,76.06,76.5,75.4,75.9
2026-01-08 09:00:00+00:00,75.94,76.46,75.74,76.4
2026-01-08 10:00:00+00:00,76.36,76.38,75.7,76.17
2026-01-08 11:00:00+00:00,76.19,76.19,75.62,75.62
2026-01-08 12:00:00+00:00,75.6,75.71,74.71,75.44
2026-01-08 13:00:00+00:00,75.4,75.56,74.4,74.53
2026-01-08 14:00:00+00:00,74.51,75.0,74.04,74.78
2026-01-08 15:00:00+00:00,74.78,76.12,73.01,75.85
2026-01-08 16:00:00+00:00,75.87,76.56,75.6,76.37
2026-01-08 17:00:00+00:00,76.37,76.55,75.87,76.28
2026-01-08 18:00:00+00:00,76.25,76.25,75.3,75.85
2026-01-08 19:00:00+00:00,75.85,76.1,75.71,76.01
2026-01-08 20:00:00+00:00,76.0,77.11,75.97,77.03
2026-01-08 21:00:00+00:00,77.03,77.21,76.84,77.08
2026-01-08 22:00:00+00:00,77.01,77.19,76.58,76.58
2026-01-08 23:00:00+00:00,76.58,77.21,76.3,76.85
2026-01-09 00:00:00+00:00,76.85,76.95,76.05,76.15
2026-01-09 01:00:00+00:00,76.15,76.81,75.78,76.7
2026-01-09 02:00:00+00:00,76.71,77.65,76.7,77.18
2026-01-09 03:00:00+00:00,77.17,77.17,76.39,76.76
2026-01-09 04:00:00+00:00,76.76,77.09,76.6,76.85
2026-01-09 05:00:00+00:00,76.85,77.24,76.52,77.08
2026-01-09 06:00:00+00:00,77.08,77.63,76.77,77.38
2026-01-09 07:00:00+00:00,77.38,77.58,77.18,77.27
2026-01-09 08:00:00+00:00,77.27,77.97,77.1,77.55
2026-01-09 09:00:00+00:00,77.59,78.45,77.58,78.19
2026-01-09 10:00:00+00:00,78.17,78.33,77.7,78.14
2026-01-09 11:00:00+00:00,78.14,78.34,77.7,78.05
2026-01-09 12:00:00+00:00,78.05,78.49,77.3,77.5
2026-01-09 13:00:00+00:00,77.52,78.78,77.38,78.3
2026-01-09 14:00:00+00:00,78.32,79.8,78.3,79.4
2026-01-09 15:00:00+00:00,79.4,80.31,79.01,80.19
2026-01-09 16:00:00+00:00,80.19,80.53,79.61,80.46
2026-01-09 17:00:00+00:00,80.46,80.49,79.26,79.53
2026-01-09 18:00:00+00:00,79.52,80.3,79.36,79.96
2026-01-09 19:00:00+00:00,79.95,80.15,79.67,79.97
2026-01-09 20:00:00+00:00,79.95,80.29,79.64,79.92
2026-01-09 21:00:00+00:00,79.91,80.22,79.78,79.98
2026-01-09 22:00:00+00:00,79.98,80.24,79.76,79.98
2026-01-09 23:00:00+00:00,80.03,80.24,79.67,79.86
2026-01-10 00:00:00+00:00,79.85,79.89,79.22,79.84
2026-01-10 01:00:00+00:00,79.84,80.2,79.8,79.96
2026-01-10 02:00:00+00:00,79.92,80.18,79.87,80.08
2026-01-10 03:00:00+00:00,80.1,80.16,79.99,79.99
2026-01-10 04:00:00+00:00,79.99,80.07,79.87,79.95
2026-01-10 05:00:00+00:00,79.95,80.03,79.87,79.89
2026-01-10 06:00:00+00:00,79.89,79.98,79.87,79.94
2026-01-10 07:00:00+00:00,79.91,79.93,79.87,79.89
2026-01-10 08:00:00+00:00,79.89,79.97,79.87,79.9
2026-01-10 09:00:00+00:00,79.88,79.98,79.8,79.81
2026-01-10 10:00:00+00:00,79.81,80.07,79.8,80.06
2026-01-10 11:00:00+00:00,80.07,80.1,79.9,79.96
2026-01-10 12:00:00+00:00,79.96,80.0,79.79,79.88
2026-01-10 13:00:00+00:00,79.88,80.0,79.83,80.0
2026-01-10 14:00:00+00:00,80.0,80.09,79.92,80.03
2026-01-10 15:00:00+00:00,80.03,80.11,79.95,80.04
2026-01-10 16:00:00+00:00,80.04,80.32,79.95,80.08
2026-01-10 17:00:00+00:00,80.08,82.0,80.02,80.23
2026-01-10 18:00:00+00:00,80.23,80.3,80.09,80.25
2026-01-10 19:00:00+00:00,80.25,80.3,80.13,80.16
2026-01-10 20:00:00+00:00,80.19,80.44,80.18,80.38
2026-01-10 21:00:00+00:00,80.38,80.66,80.29,80.42
2026-01-10 22:00:00+00:00,80.4,80.47,80.09,80.11
2026-01-10 23:00:00+00:00,80.11,80.31,79.71,79.86
2026-01-11 00:00:00+00:00,79.85,80.14,79.71,80.09
2026-01-11 01:00:00+00:00,80.09,80.44,80.09,80.44
2026-01-11 02:00:00+00:00,80.44,80.49,80.15,80.27
2026-01-11 03:00:00+00:00,80.26,80.27,80.02,80.02
2026-01-11 04:00:00+00:00,80.03,80.15,79.5,80.11
2026-01-11 05:00:00+00:00,80.11,80.2,80.02,80.11
2026-01-11 06:00:00+00:00,80.11,80.31,80.1,80.26
2026-01-11 07:00:00+00:00,80.23,80.27,80.1,80.1
2026-01-11 08:00:00+00:00,80.12,80.24,80.09,80.2
2026-01-11 09:00:00+00:00,80.2,80.25,80.12,80.24
2026-01-11 10:00:00+00:00,80.25,80.25,80.14,80.18
2026-01-11 11:00:00+00:00,80.16,80.19,79.98,80.01
2026-01-11 12:00:00+00:00,80.02,80.2,79.99,80.15
2026-01-11 13:00:00+00:00,80.15,80.18,80.06,80.1
2026-01-11 14:00:00+00:00,80.1,80.19,80.06,80.1
2026-01-11 15:00:00+00:00,80.1,80.2,80.0,80.04
2026-01-11 16:00:00+00:00,80.05,80.23,80.05,80.22
2026-01-11 17:00:00+00:00,80.22,80.47,80.02,80.27
2026-01-11 18:00:00+00:00,80.27,80.33,80.12,80.26
2026-01-11 19:00:00+00:00,80.26,80.42,80.21,80.21
2026-01-11 20:00:00+00:00,80.25,80.4,80.17,80.3
2026-01-11 21:00:00+00:00,80.28,80.61,80.23,80.32
2026-01-11 22:00:00+00:00,80.35,80.43,80.18,80.29
2026-01-11 23:00:00+00:00,80.29,81.88,80.1,81.65
2026-01-12 00:00:00+00:00,81.64,83.92,81.56,83.4
2026-01-12 01:00:00+00:00,83.39,84.31,82.9,82.99
2026-01-12 02:00:00+00:00,83.01,83.7,82.51,83.54
2026-01-12 03:00:00+00:00,83.59,84.07,83.19,83.43
2026-01-12 04:00:00+00:00,83.44,83.86,83.22,83.59
2026-01-12 05:00:00+00:00,83.55,84.74,83.4,84.71
2026-01-12 06:00:00+00:00,84.7,84.74,84.18,84.58
2026-01-12 07:00:00+00:00,84.6,84.6,83.76,84.25
2026-01-12 08:00:00+00:00,84.24,84.61,84.19,84.35
2026-01-12 09:00:00+00:00,84.34,84.65,84.14,84.35
2026-01-12 10:00:00+00:00,84.36,84.47,84.09,84.4
2026-01-12 11:00:00+00:00,84.4,84.4,83.7,83.93
2026-01-12 12:00:00+00:00,83.95,84.33,83.72,84.22
2026-01-12 13:00:00+00:00,84.23,85.96,84.12,85.8
2026-01-12 14:00:00+00:00,85.8,85.87,84.0,85.22
2026-01-12 15:00:00+00:00,85.2,85.97,85.02,85.45
2026-01-12 16:00:00+00:00,85.44,86.33,85.43,86.06
2026-01-12 17:00:00+00:00,86.07,86.35,85.6,86.03
2026-01-12 18:00:00+00:00,86.03,86.1,85.04,85.62
2026-01-12 19:00:00+00:00,85.62,85.97,85.5,85.73
2026-01-12 20:00:00+00:00,85.69,85.8,84.92,85.25
2026-01-12 21:00:00+00:00,85.28,85.36,84.84,85.36
2026-01-12 22:00:00+00:00,85.34,85.58,84.61,84.99
2026-01-12 23:00:00+00:00,85.03,85.27,83.3,84.52
2026-01-13 00:00:00+00:00,84.57,84.71,83.97,84.35
2026-01-13 01:00:00+00:00,84.34,84.54,83.54,83.85
2026-01-13 02:00:00+00:00,83.85,85.8,83.85,85.56
2026-01-13 03:00:00+00:00,85.59,86.09,85.07,85.49
2026-01-13 04:00:00+00:00,85.5,86.02,85.4,85.86
2026-01-13 05:00:00+00:00,85.86,86.0,84.75,85.45
2026-01-13 06:00:00+00:00,85.44,85.54,84.74,85.04
2026-01-13 07:00:00+00:00,85.05,85.43,84.84,85.29
2026-01-13 08:00:00+00:00,85.29,86.18,85.29,85.79
2026-01-13 09:00:00+00:00,85.8,85.9,85.27,85.44
2026-01-13 10:00:00+00:00,85.44,85.74,85.31,85.63
2026-01-13 11:00:00+00:00,85.65,85.89,85.5,85.8
2026-01-13 12:00:00+00:00,85.81,86.1,85.47,85.9
2026-01-13 13:00:00+00:00,85.91,88.0,85.81,87.78
2026-01-13 14:00:00+00:00,87.78,89.17,87.64,88.87
2026-01-13 15:00:00+00:00,88.88,88.9,87.51,88.74
2026-01-13 16:00:00+00:00,88.74,89.05,88.06,88.94
2026-01-13 17:00:00+00:00,88.94,89.06,86.88,87.06
2026-01-13 18:00:00+00:00,87.07,87.87,86.3,87.71
2026-01-13 19:00:00+00:00,87.7,88.02,87.01,87.62
2026-01-13 20:00:00+00:00,87.63,87.64,86.1,86.86
2026-01-13 21:00:00+00:00,86.85,87.26,86.75,87.1
2026-01-13 22:00:00+00:00,87.1,88.2,86.71,87.03
2026-01-13 23:00:00+00:00,87.05,88.09,86.85,88.01
2026-01-14 00:00:00+00:00,88.02,88.5,87.64,88.24
2026-01-14 01:00:00+00:00,88.25,89.88,88.07,89.85
2026-01-14 02:00:00+00:00,89.83,89.9,89.31,89.65
2026-01-14 03:00:00+00:00,89.65,90.87,89.16,90.8
2026-01-14 04:00:00+00:00,90.8,91.7,90.6,90.78
2026-01-14 05:00:00+00:00,90.78,91.2,89.28,89.51
2026-01-14 06:00:00+00:00,89.51,90.7,89.42,90.28
2026-01-14 07:00:00+00:00,90.29,90.76,89.92,90.19
2026-01-14 08:00:00+00:00,90.2,90.47,89.4,90.2
2026-01-14 09:00:00+00:00,90.2,90.67,90.12,90.61
2026-01-14 10:00:00+00:00,90.59,90.83,90.22,90.25
2026-01-14 11:00:00+00:00,90.26,90.9,90.02,90.66
2026-01-14 12:00:00+00:00,90.66,92.16,90.64,92.03
2026-01-14 13:00:00+00:00,92.03,92.23,91.01,91.73
2026-01-14 14:00:00+00:00,91.73,92.15,90.58,91.36
2026-01-14 15:00:00+00:00,91.35,91.88,90.25,91.8
2026-01-14 16:00:00+00:00,91.8,91.96,90.67,91.23
2026-01-14 17:00:00+00:00,91.23,91.46,89.81,90.63
2026-01-14 18:00:00+00:00,90.62,92.38,90.45,92.35
2026-01-14 19:00:00+00:00,92.35,93.0,92.05,92.75
2026-01-14 20:00:00+00:00,92.73,93.56,92.26,93.26
2026-01-14 21:00:00+00:00,93.26,93.43,92.31,93.31
2026-01-14 22:00:00+00:00,93.31,93.81,92.66,92.66
2026-01-14 23:00:00+00:00,92.66,93.47,91.26,92.32
2026-01-15 00:00:00+00:00,92.34,93.12,91.81,92.36
2026-01-15 01:00:00+00:00,92.38,92.5,87.0,88.38
2026-01-15 02:00:00+00:00,88.39,90.39,88.01,88.74
2026-01-15 03:00:00+00:00,88.78,88.92,86.55,87.92
2026-01-15 04:00:00+00:00,87.93,88.53,87.5,87.91
2026-01-15 05:00:00+00:00,87.91,88.68,87.21,88.32
2026-01-15 06:00:00+00:00,88.3,90.02,88.27,89.93
2026-01-15 07:00:00+00:00,89.96,90.31,89.22,89.46
2026-01-15 08:00:00+00:00,89.45,90.07,89.09,90.05
2026-01-15 09:00:00+00:00,90.05,90.79,89.56,90.61
2026-01-15 10:00:00+00:00,90.61,91.54,90.57,91.28
2026-01-15 11:00:00+00:00,91.26,91.66,90.91,91.31
2026-01-15 12:00:00+00:00,91.33,91.45,90.64,91.12
2026-01-15 13:00:00+00:00,91.14,91.17,88.07,88.75
2026-01-15 14:00:00+00:00,88.74,90.58,88.05,90.5
2026-01-15 15:00:00+00:00,90.49,90.95,89.7,90.7
2026-01-15 16:00:00+00:00,90.72,91.98,90.05,90.97
2026-01-15 17:00:00+00:00,90.99,91.78,90.99,91.69
2026-01-15 18:00:00+00:00,91.68,92.63,91.64,92.17
2026-01-15 19:00:00+00:00,92.18,92.97,92.01,92.48
2026-01-15 20:00:00+00:00,92.49,92.51,91.14,91.88
2026-01-15 21:00:00+00:00,91.88,92.57,91.82,92.17
2026-01-15 22:00:00+00:00,92.17,92.4,91.77,91.9
2026-01-15 23:00:00+00:00,91.9,92.92,90.35,91.45
2026-01-16 00:00:00+00:00,91.48,91.58,90.62,90.66
2026-01-16 01:00:00+00:00,90.65,92.14,90.46,91.25
2026-01-16 02:00:00+00:00,91.23,91.4,89.64,90.18
2026-01-16 03:00:00+00:00,90.19,90.95,90.01,90.36
2026-01-16 04:00:00+00:00,90.36,91.08,90.36,91.06
2026-01-16 05:00:00+00:00,91.06,91.9,90.36,91.45
2026-01-16 06:00:00+00:00,91.44,91.48,89.94,90.49
2026-01-16 07:00:00+00:00,90.5,91.23,90.48,91.03
2026-01-16 08:00:00+00:00,91.03,91.43,90.61,91.24
2026-01-16 09:00:00+00:00,91.21,91.74,91.01,91.18
2026-01-16 10:00:00+00:00,91.17,91.53,90.46,90.6
2026-01-16 11:00:00+00:00,90.6,91.4,90.22,91.11
2026-01-16 12:00:00+00:00,91.11,91.14,90.26,90.29
2026-01-16 13:00:00+00:00,90.29,90.35,87.92,89.05
2026-01-16 14:00:00+00:00,89.05,89.97,88.51,89.33
2026-01-16 15:00:00+00:00,89.32,89.99,87.12,88.03
2026-01-16 16:00:00+00:00,88.05,89.4,87.99,88.96
2026-01-16 17:00:00+00:00,88.96,89.07,88.3,88.84
2026-01-16 18:00:00+00:00,88.85,89.84,88.54,89.08
2026-01-16 19:00:00+00:00,89.09,89.6,88.68,89.46
2026-01-16 20:00:00+00:00,89.47,89.68,88.9,89.39
2026-01-16 21:00:00+00:00,89.39,90.3,89.26,90.17
2026-01-16 22:00:00+00:00,90.18,90.2,89.71,89.89
2026-01-16 23:00:00+00:00,89.88,90.1,89.78,90.1
2026-01-17 00:00:00+00:00,90.09,90.18,89.85,89.85
2026-01-17 01:00:00+00:00,89.84,90.1,89.84,90.02
2026-01-17 02:00:00+00:00,90.02,90.13,90.0,90.13
2026-01-17 03:00:00+00:00,90.12,90.16,90.06,90.09
2026-01-17 04:00:00+00:00,90.09,90.11,90.03,90.07
2026-01-17 05:00:00+00:00,90.07,90.13,90.04,90.08
2026-01-17 06:00:00+00:00,90.08,90.11,89.82,90.1
2026-01-17 07:00:00+00:00,90.08,90.12,90.05,90.09
2026-01-17 08:00:00+00:00,90.09,90.1,90.05,90.06
2026-01-17 09:00:00+00:00,90.06,90.13,90.02,90.13
2026-01-17 10:00:00+00:00,90.13,90.14,89.93,90.09
2026-01-17 11:00:00+00:00,90.09,90.1,90.02,90.06
2026-01-17 12:00:00+00:00,90.06,90.09,90.04,90.08
2026-01-17 13:00:00+00:00,90.08,90.11,90.05,90.09
2026-01-17 14:00:00+00:00,90.08,90.11,90.01,90.07
2026-01-17 15:00:00+00:00,90.07,90.11,90.04,90.11
2026-01-17 16:00:00+00:00,90.11,90.11,90.01,90.09
2026-01-17 17:00:00+00:00,90.1,90.11,90.03,90.1
2026-01-17 18:00:00+00:00,90.1,90.13,90.06,90.1
2026-01-17 19:00:00+00:00,90.09,90.1,90.06,90.08
2026-01-17 20:00:00+00:00,90.08,90.11,90.03,90.11
2026-01-17 21:00:00+00:00,90.1,90.45,90.09,90.35
2026-01-17 22:00:00+00:00,90.35,90.5,90.31,90.41
2026-01-17 23:00:00+00:00,90.41,90.47,90.13,90.13
2026-01-18 00:00:00+00:00,90.15,90.34,90.15,90.32
2026-01-18 01:00:00+00:00,90.32,90.34,90.19,90.29
2026-01-18 02:00:00+00:00,90.29,90.33,90.25,90.31
2026-01-18 03:00:00+00:00,90.31,90.33,90.25,90.31
2026-01-18 04:00:00+00:00,90.32,90.43,90.28,90.35
2026-01-18 05:00:00+00:00,90.35,90.41,89.9,90.17
2026-01-18 06:00:00+00:00,90.17,90.23,90.08,90.14
2026-01-18 07:00:00+00:00,90.14,90.28,90.03,90.22
2026-01-18 08:00:00+00:00,90.22,90.3,90.1,90.16
2026-01-18 09:00:00+00:00,90.15,90.28,90.14,90.19
2026-01-18 10:00:00+00:00,90.19,90.31,90.16,90.26
2026-01-18 11:00:00+00:00,90.25,90.38,90.21,90.34
2026-01-18 12:00:00+00:00,90.35,90.56,90.3,90.36
2026-01-18 13:00:00+00:00,90.36,90.48,90.31,90.4
2026-01-18 14:00:00+00:00,90.4,90.5,90.27,90.36
2026-01-18 15:00:00+00:00,90.37,90.44,90.21,90.29
2026-01-18 16:00:00+00:00,90.3,90.47,90.22,90.42
2026-01-18 17:00:00+00:00,90.41,90.48,90.31,90.42
2026-01-18 18:00:00+00:00,90.42,90.55,90.37,90.5
2026-01-18 19:00:00+00:00,90.5,90.55,90.46,90.5
2026-01-18 20:00:00+00:00,90.5,91.51,90.5,91.17
2026-01-18 21:00:00+00:00,91.17,91.66,90.83,90.84
2026-01-18 22:00:00+00:00,90.84,91.14,90.56,90.85
2026-01-18 23:00:00+00:00,90.83,94.0,90.74,93.03
2026-01-19 00:00:00+00:00,93.03,93.89,92.35,93.76
2026-01-19 01:00:00+00:00,93.76,94.07,92.77,93.31
2026-01-19 02:00:00+00:00,93.33,93.55,92.79,93.38
2026-01-19 03:00:00+00:00,93.37,93.53,92.96,93.14
2026-01-19 04:00:00+00:00,93.16,93.33,92.84,92.88
2026-01-19 05:00:00+00:00,92.9,93.63,92.9,93.28
2026-01-19 06:00:00+00:00,93.27,94.09,93.14,93.97
2026-01-19 07:00:00+00:00,93.96,93.98,93.17,93.27
2026-01-19 08:00:00+00:00,93.28,93.57,92.51,92.8
2026-01-19 09:00:00+00:00,92.78,93.28,92.76,93.22
2026-01-19 10:00:00+00:00,93.22,93.34,92.97,93.25
2026-01-19 11:00:00+00:00,93.28,93.68,92.75,93.06
2026-01-19 12:00:00+00:00,93.07,93.61,92.97,93.46
2026-01-19 13:00:00+00:00,93.44,93.66,93.21,93.46
2026-01-19 14:00:00+00:00,93.46,94.0,93.28,93.97
2026-01-19 15:00:00+00:00,93.98,94.27,93.73,93.96
2026-01-19 16:00:00+00:00,93.96,94.76,93.8,94.65
2026-01-19 17:00:00+00:00,94.63,94.88,94.37,94.83
2026-01-19 18:00:00+00:00,94.83,94.85,94.54,94.61
2026-01-19 19:00:00+00:00,94.62,94.68,94.32,94.48
2026-01-19 20:00:00+00:00,94.46,94.57,94.32,94.4
2026-01-19 21:00:00+00:00,94.42,94.72,94.38,94.7
2026-01-19 22:00:00+00:00,94.72,94.96,94.59,94.87
2026-01-19 23:00:00+00:00,94.87,94.89,93.63,93.75
2026-01-20 00:00:00+00:00,93.76,93.95,93.16,93.32
2026-01-20 01:00:00+00:00,93.32,94.07,93.05,93.29
2026-01-20 02:00:00+00:00,93.29,93.6,92.85,93.16
2026-01-20 03:00:00+00:00,93.13,93.63,92.74,93.4
2026-01-20 04:00:00+00:00,93.39,94.4,93.39,94.27
2026-01-20 05:00:00+00:00,94.29,94.71,94.19,94.55
2026-01-20 06:00:00+00:00,94.55,94.56,93.49,94.06
2026-01-20 07:00:00+00:00,94.04,94.64,94.04,94.37
2026-01-20 08:00:00+00:00,94.38,95.58,94.31,95.52
2026-01-20 09:00:00+00:00,95.52,95.71,95.06,95.08
2026-01-20 10:00:00+00:00,95.09,95.62,95.05,95.26
2026-01-20 11:00:00+00:00,95.27,95.83,95.21,95.81
2026-01-20 12:00:00+00:00,95.81,96.0,95.23,95.78
2026-01-20 13:00:00+00:00,95.78,95.81,94.73,95.25
2026-01-20 14:00:00+00:00,95.24,95.96,94.29,95.06
2026-01-20 15:00:00+00:00,95.04,95.33,93.23,94.05
2026-01-20 16:00:00+00:00,94.05,94.46,93.69,94.26
2026-01-20 17:00:00+00:00,94.25,94.65,93.69,94.6
2026-01-20 18:00:00+00:00,94.6,95.1,94.26,94.7
2026-01-20 19:00:00+00:00,94.68,94.8,94.21,94.53
2026-01-20 20:00:00+00:00,94.52,94.52,93.8,94.25
2026-01-20 21:00:00+00:00,94.26,94.75,94.24,94.66
2026-01-20 22:00:00+00:00,94.66,94.85,94.47,94.76
2026-01-20 23:00:00+00:00,94.76,95.0,94.0,94.94
2026-01-21 00:00:00+00:00,94.96,95.55,94.86,95.36
2026-01-21 01:00:00+00:00,95.37,95.43,94.05,94.59
2026-01-21 02:00:00+00:00,94.57,94.75,93.71,94.28
2026-01-21 03:00:00+00:00,94.28,94.53,93.55,94.05
2026-01-21 04:00:00+00:00,94.05,94.62,93.97,94.36
2026-01-21 05:00:00+00:00,94.35,94.97,94.05,94.63
2026-01-21 06:00:00+00:00,94.65,95.18,94.34,94.48
2026-01-21 07:00:00+00:00,94.46,94.84,94.22,94.78
2026-01-21 08:00:00+00:00,94.78,95.17,94.65,94.98
2026-01-21 09:00:00+00:00,95.0,95.3,94.97,95.18
2026-01-21 10:00:00+00:00,95.18,95.25,94.89,94.89
2026-01-21 11:00:00+00:00,94.88,95.14,94.52,94.83
2026-01-21 12:00:00+00:00,94.83,94.98,94.21,94.32
2026-01-21 13:00:00+00:00,94.32,95.11,93.87,94.99
2026-01-21 14:00:00+00:00,95.0,95.13,93.67,93.92
2026-01-21 15:00:00+00:00,93.93,94.32,92.31,93.72
2026-01-21 16:00:00+00:00,93.73,94.0,93.22,93.5
2026-01-21 17:00:00+00:00,93.49,93.51,92.38,93.42
2026-01-21 18:00:00+00:00,93.41,93.77,92.52,93.72
2026-01-21 19:00:00+00:00,93.72,93.74,90.36,91.39
2026-01-21 20:00:00+00:00,91.39,92.71,90.91,92.7
2026-01-21 21:00:00+00:00,92.7,93.49,92.45,93.21
2026-01-21 22:00:00+00:00,93.19,93.3,92.72,93.25
2026-01-21 23:00:00+00:00,93.25,93.31,91.07,91.13
2026-01-22 00:00:00+00:00,91.14,92.2,90.99,92.0
2026-01-22 01:00:00+00:00,92.0,92.86,91.11,92.31
2026-01-22 02:00:00+00:00,92.3,92.96,91.73,92.76
2026-01-22 03:00:00+00:00,92.77,93.46,92.63,93.44
2026-01-22 04:00:00+00:00,93.44,93.49,93.16,93.39
2026-01-22 05:00:00+00:00,93.33,94.03,93.24,93.9
2026-01-22 06:00:00+00:00,93.9,94.23,93.74,94.1
2026-01-22 07:00:00+00:00,94.1,94.35,94.03,94.16
2026-01-22 08:00:00+00:00,94.16,94.37,93.76,94.09
2026-01-22 09:00:00+00:00,94.07,94.28,93.5,93.87
2026-01-22 10:00:00+00:00,93.87,93.87,93.4,93.76
2026-01-22 11:00:00+00:00,93.76,94.0,93.56,93.59
2026-01-22 12:00:00+00:00,93.59,93.85,92.93,93.08
2026-01-22 13:00:00+00:00,93.09,93.69,92.98,93.63
2026-01-22 14:00:00+00:00,93.64,94.43,93.42,93.89
2026-01-22 15:00:00+00:00,93.88,95.88,93.53,95.62
2026-01-22 16:00:00+00:00,95.64,95.95,95.09,95.74
2026-01-22 17:00:00+00:00,95.74,96.57,95.43,96.38
2026-01-22 18:00:00+00:00,96.35,96.64,95.75,96.23
2026-01-22 19:00:00+00:00,96.23,96.43,95.48,95.9
2026-01-22 20:00:00+00:00,95.91,96.4,95.89,96.09
2026-01-22 21:00:00+00:00,96.1,96.47,96.09,96.26
2026-01-22 22:00:00+00:00,96.26,96.57,95.8,95.9
2026-01-22 23:00:00+00:00,95.87,96.97,95.82,96.95
2026-01-23 00:00:00+00:00,96.95,97.26,96.65,97.2
2026-01-23 01:00:00+00:00,97.21,99.06,96.91,98.64
2026-01-23 02:00:00+00:00,98.63,99.24,98.27,98.82
2026-01-23 03:00:00+00:00,98.85,99.12,98.5,98.81
2026-01-23 04:00:00+00:00,98.81,98.88,98.43,98.69
2026-01-23 05:00:00+00:00,98.69,99.54,98.64,99.22
2026-01-23 06:00:00+00:00,99.22,99.38,98.76,99.13
2026-01-23 07:00:00+00:00,99.13,99.16,98.62,98.7
2026-01-23 08:00:00+00:00,98.69,98.76,97.52,97.98
2026-01-23 09:00:00+00:00,97.98,98.43,97.76,98.26
2026-01-23 10:00:00+00:00,98.26,99.15,98.01,99.05
2026-01-23 11:00:00+00:00,99.06,99.14,98.6,99.11
2026-01-23 12:00:00+00:00,99.12,99.44,98.75,99.36
2026-01-23 13:00:00+00:00,99.33,100.11,98.72,99.79
2026-01-23 14:00:00+00:00,99.78,100.06,99.15,99.43
2026-01-23 15:00:00+00:00,99.42,100.52,99.2,100.04
2026-01-23 16:00:00+00:00,100.04,101.18,100.03,100.63
2026-01-23 17:00:00+00:00,100.63,101.56,100.47,100.94
2026-01-23 18:00:00+00:00,100.93,101.52,100.76,100.93
2026-01-23 19:00:00+00:00,100.92,101.99,100.9,101.84
2026-01-23 20:00:00+00:00,101.84,102.59,101.63,102.5
2026-01-23 21:00:00+00:00,102.49,103.4,102.28,103.16
2026-01-23 22:00:00+00:00,103.17,103.34,102.54,102.78
2026-01-23 23:00:00+00:00,102.78,104.39,102.76,104.14
2026-01-24 00:00:00+00:00,104.14,104.49,103.26,103.31
2026-01-24 01:00:00+00:00,103.32,103.77,103.01,103.15
2026-01-24 02:00:00+00:00,103.17,103.49,103.08,103.3
2026-01-24 03:00:00+00:00,103.3,103.55,103.21,103.47
2026-01-24 04:00:00+00:00,103.47,103.66,103.25,103.37
2026-01-24 05:00:00+00:00,103.37,103.63,103.33,103.41
2026-01-24 06:00:00+00:00,103.42,103.44,103.25,103.34
2026-01-24 07:00:00+00:00,103.33,103.53,103.29,103.43
2026-01-24 08:00:00+00:00,103.43,104.06,103.41,103.9
2026-01-24 09:00:00+00:00,103.91,104.23,103.66,103.72
2026-01-24 10:00:00+00:00,103.71,103.92,103.39,103.42
2026-01-24 11:00:00+00:00,103.44,103.6,103.06,103.08
2026-01-24 12:00:00+00:00,103.08,103.5,103.08,103.35
2026-01-24 13:00:00+00:00,103.36,103.49,103.25,103.35
2026-01-24 14:00:00+00:00,103.37,103.58,103.27,103.4
2026-01-24 15:00:00+00:00,103.41,103.68,103.37,103.47
2026-01-24 16:00:00+00:00,103.49,104.08,103.49,104.0
2026-01-24 17:00:00+00:00,104.0,104.01,103.4,103.5
2026-01-24 18:00:00+00:00,103.5,103.83,103.37,103.76
2026-01-24 19:00:00+00:00,103.75,103.86,103.46,103.46
2026-01-24 20:00:00+00:00,103.48,103.76,103.48,103.73
2026-01-24 21:00:00+00:00,103.73,103.88,103.31,103.48
2026-01-24 22:00:00+00:00,103.5,103.63,103.2,103.37
2026-01-24 23:00:00+00:00,103.39,103.57,103.22,103.26
2026-01-25 00:00:00+00:00,103.26,103.71,103.25,103.41
2026-01-25 01:00:00+00:00,103.41,103.72,103.37,103.71
2026-01-25 02:00:00+00:00,103.72,103.81,103.46,103.68
2026-01-25 03:00:00+00:00,103.67,103.74,103.44,103.57
2026-01-25 04:00:00+00:00,103.58,103.82,103.58,103.73
2026-01-25 05:00:00+00:00,103.71,103.85,103.59,103.66
2026-01-25 06:00:00+00:00,103.66,103.75,103.59,103.59
2026-01-25 07:00:00+00:00,103.59,103.62,103.38,103.42
2026-01-25 08:00:00+00:00,103.41,103.68,103.4,103.55
2026-01-25 09:00:00+00:00,103.55,103.74,103.47,103.6
2026-01-25 10:00:00+00:00,103.61,103.68,103.51,103.55
2026-01-25 11:00:00+00:00,103.55,103.56,103.41,103.51
2026-01-25 12:00:00+00:00,103.51,103.67,103.5,103.65
2026-01-25 13:00:00+00:00,103.64,103.65,103.52,103.6
2026-01-25 14:00:00+00:00,103.6,103.63,103.46,103.51
2026-01-25 15:00:00+00:00,103.5,103.6,103.4,103.46
2026-01-25 16:00:00+00:00,103.45,105.69,103.45,105.09
2026-01-25 17:00:00+00:00,105.09,105.3,104.6,104.87
2026-01-25 18:00:00+00:00,104.86,104.9,104.05,104.1
2026-01-25 19:00:00+00:00,104.1,104.14,101.02,101.52
2026-01-25 20:00:00+00:00,101.57,104.95,101.56,104.58
2026-01-25 21:00:00+00:00,104.58,105.0,104.46,104.77
2026-01-25 22:00:00+00:00,104.8,104.98,104.0,104.41
2026-01-25 23:00:00+00:00,104.42,106.78,102.92,104.85
2026-01-26 00:00:00+00:00,104.85,107.39,104.7,106.45
2026-01-26 01:00:00+00:00,106.46,108.71,105.57,107.68
2026-01-26 02:00:00+00:00,107.71,109.65,106.8,109.14
2026-01-26 03:00:00+00:00,109.13,109.5,107.79,108.29
2026-01-26 04:00:00+00:00,108.29,108.52,107.59,108.34
2026-01-26 05:00:00+00:00,108.33,108.44,106.34,107.77
2026-01-26 06:00:00+00:00,107.76,108.9,107.3,107.77
2026-01-26 07:00:00+00:00,107.75,108.42,107.28,108.38
2026-01-26 08:00:00+00:00,108.37,110.14,108.22,109.33
2026-01-26 09:00:00+00:00,109.31,110.4,108.6,109.1
2026-01-26 10:00:00+00:00,109.11,109.65,109.11,109.57
2026-01-26 11:00:00+00:00,109.57,109.57,108.49,109.47
2026-01-26 12:00:00+00:00,109.48,113.93,109.26,109.52
2026-01-26 13:00:00+00:00,109.54,110.52,108.79,109.21
2026-01-26 14:00:00+00:00,109.2,111.41,108.56,111.25
2026-01-26 15:00:00+00:00,111.25,112.55,110.6,112.27
2026-01-26 16:00:00+00:00,112.26,114.9,111.91,114.49
2026-01-26 17:00:00+00:00,114.48,117.85,114.35,117.73
2026-01-26 18:00:00+00:00,117.73,118.33,111.01,111.47
2026-01-26 19:00:00+00:00,111.46,111.71,106.66,107.57
2026-01-26 20:00:00+00:00,107.57,109.93,107.43,108.76
2026-01-26 21:00:00+00:00,108.77,109.04,102.65,104.52
2026-01-26 22:00:00+00:00,104.51,105.24,103.42,104.3
2026-01-26 23:00:00+00:00,104.29,108.27,103.71,106.92
2026-01-27 00:00:00+00:00,106.88,107.92,104.27,106.32
2026-01-27 01:00:00+00:00,106.34,110.77,105.88,110.29
2026-01-27 02:00:00+00:00,110.27,111.39,109.44,110.49
2026-01-27 03:00:00+00:00,110.51,110.78,109.04,109.94
2026-01-27 04:00:00+00:00,109.93,110.13,107.65,108.27
2026-01-27 05:00:00+00:00,108.27,110.05,107.33,110.02
2026-01-27 06:00:00+00:00,110.01,110.61,109.23,109.93
2026-01-27 07:00:00+00:00,109.93,113.69,109.64,112.69
2026-01-27 08:00:00+00:00,112.7,113.0,110.27,111.5
2026-01-27 09:00:00+00:00,111.51,113.23,111.31,112.7
2026-01-27 10:00:00+00:00,112.7,113.09,111.89,112.5
2026-01-27 11:00:00+00:00,112.5,112.86,110.83,111.61
2026-01-27 12:00:00+00:00,111.6,112.09,110.56,111.16
2026-01-27 13:00:00+00:00,111.17,113.06,111.02,112.05
2026-01-27 14:00:00+00:00,112.04,112.06,106.28,106.7
2026-01-27 15:00:00+00:00,106.71,108.87,105.03,108.48
2026-01-27 16:00:00+00:00,108.47,109.76,107.49,108.07
2026-01-27 17:00:00+00:00,108.06,108.34,106.0,106.6
2026-01-27 18:00:00+00:00,106.6,108.38,105.84,108.0
2026-01-27 19:00:00+00:00,108.0,109.46,107.62,109.42
2026-01-27 20:00:00+00:00,109.41,112.34,108.08,112.03
2026-01-27 21:00:00+00:00,112.04,113.0,111.5,112.09
2026-01-27 22:00:00+00:00,112.08,112.3,111.06,112.27
2026-01-27 23:00:00+00:00,112.25,113.38,110.8,112.93
2026-01-28 00:00:00+00:00,112.92,114.29,111.91,113.59
2026-01-28 01:00:00+00:00,113.56,114.57,112.89,113.37
2026-01-28 02:00:00+00:00,113.36,114.76,113.22,114.67
2026-01-28 03:00:00+00:00,114.68,115.55,114.44,114.84
2026-01-28 04:00:00+00:00,114.86,115.89,114.82,115.8
2026-01-28 05:00:00+00:00,115.81,116.28,115.1,115.45
2026-01-28 06:00:00+00:00,115.43,115.72,113.89,115.24
2026-01-28 07:00:00+00:00,115.25,115.36,113.64,114.79
2026-01-28 08:00:00+00:00,114.78,115.14,113.34,113.96
2026-01-28 09:00:00+00:00,113.95,114.22,112.15,113.06
2026-01-28 10:00:00+00:00,113.07,113.65,112.55,113.0
2026-01-28 11:00:00+00:00,113.01,113.02,111.21,112.47
2026-01-28 12:00:00+00:00,112.48,113.62,111.97,113.55
2026-01-28 13:00:00+00:00,113.54,114.66,113.26,114.1
2026-01-28 14:00:00+00:00,114.11,115.43,113.32,115.04
2026-01-28 15:00:00+00:00,115.04,115.73,112.01,113.2
2026-01-28 16:00:00+00:00,113.2,114.9,112.75,114.72
2026-01-28 17:00:00+00:00,114.73,115.08,113.62,114.12
2026-01-28 18:00:00+00:00,114.12,114.21,110.53,111.71
2026-01-28 19:00:00+00:00,111.71,114.88,111.25,114.52
2026-01-28 20:00:00+00:00,114.51,117.8,114.1,116.57
2026-01-28 21:00:00+00:00,116.57,117.07,115.21,116.6
2026-01-28 22:00:00+00:00,116.6,117.23,116.4,116.68
2026-01-28 23:00:00+00:00,116.67,119.56,115.41,117.79
2026-01-29 00:00:00+00:00,117.78,118.41,116.19,117.98
2026-01-29 01:00:00+00:00,117.96,118.69,116.94,118.04
2026-01-29 02:00:00+00:00,118.03,118.03,116.91,117.67
2026-01-29 03:00:00+00:00,117.66,118.1,117.05,117.43
2026-01-29 04:00:00+00:00,117.44,118.56,117.14,118.43
2026-01-29 05:00:00+00:00,118.42,118.55,117.58,118.24
2026-01-29 06:00:00+00:00,118.25,120.69,118.24,119.06
2026-01-29 07:00:00+00:00,119.07,119.31,117.78,118.17
2026-01-29 08:00:00+00:00,118.18,118.36,115.36,116.52
2026-01-29 09:00:00+00:00,116.55,117.76,116.39,117.69
2026-01-29 10:00:00+00:00,117.7,117.88,116.55,116.71
2026-01-29 11:00:00+00:00,116.7,118.57,116.21,118.48
2026-01-29 12:00:00+00:00,118.47,119.96,118.12,118.93
2026-01-29 13:00:00+00:00,118.94,119.59,117.25,119.2
2026-01-29 14:00:00+00:00,119.21,121.74,118.8,119.35
2026-01-29 15:00:00+00:00,119.34,119.34,107.33,110.47
2026-01-29 16:00:00+00:00,110.47,113.87,110.03,112.42
2026-01-29 17:00:00+00:00,112.43,116.04,112.36,114.82
2026-01-29 18:00:00+00:00,114.82,116.74,113.6,114.69
2026-01-29 19:00:00+00:00,114.72,114.84,111.81,113.6
2026-01-29 20:00:00+00:00,113.6,117.25,112.61,116.62
2026-01-29 21:00:00+00:00,116.62,117.45,115.3,115.92
2026-01-29 22:00:00+00:00,115.9,116.24,115.65,115.97
2026-01-29 23:00:00+00:00,115.97,117.97,115.88,117.57
2026-01-30 00:00:00+00:00,117.56,118.61,116.55,116.7
2026-01-30 01:00:00+00:00,116.71,117.14,112.65,113.25
2026-01-30 02:00:00+00:00,113.25,114.27,108.5,111.04
2026-01-30 03:00:00+00:00,111.03,111.33,108.64,109.63
2026-01-30 04:00:00+00:00,109.63,111.39,109.55,111.16
2026-01-30 05:00:00+00:00,111.16,112.48,109.76,110.03
2026-01-30 06:00:00+00:00,110.03,111.06,107.4,108.12
2026-01-30 07:00:00+00:00,108.13,109.69,104.89,107.14
2026-01-30 08:00:00+00:00,107.13,107.14,103.53,104.18
2026-01-30 09:00:00+00:00,104.18,104.91,95.51,98.28
2026-01-30 10:00:00+00:00,98.3,100.96,97.8,100.91
2026-01-30 11:00:00+00:00,100.91,103.53,100.33,103.09
2026-01-30 12:00:00+00:00,103.08,104.2,99.02,99.64
2026-01-30 13:00:00+00:00,99.62,101.75,97.0,98.43
2026-01-30 14:00:00+00:00,98.44,101.73,97.68,99.64
2026-01-30 15:00:00+00:00,99.65,100.4,97.88,98.56
2026-01-30 16:00:00+00:00,98.56,98.76,92.1,94.46
2026-01-30 17:00:00+00:00,94.46,94.52,87.0,88.25
2026-01-30 18:00:00+00:00,88.25,89.29,76.55,83.91
2026-01-30 19:00:00+00:00,83.92,86.22,81.55,85.49
2026-01-30 20:00:00+00:00,85.49,86.09,82.36,83.67
2026-01-30 21:00:00+00:00,83.73,86.23,83.52,86.06
2026-01-30 22:00:00+00:00,86.05,86.28,84.99,85.15
2026-01-30 23:00:00+00:00,85.15,86.78,84.59,86.04
2026-01-31 00:00:00+00:00,86.05,87.8,85.71,85.71
2026-01-31 01:00:00+00:00,85.71,86.39,85.48,85.63
2026-01-31 02:00:00+00:00,85.61,85.87,85.4,85.41
2026-01-31 03:00:00+00:00,85.42,85.44,85.28,85.28
2026-01-31 04:00:00+00:00,85.28,85.98,85.28,85.89
2026-01-31 05:00:00+00:00,85.89,85.97,85.56,85.7
2026-01-31 06:00:00+00:00,85.7,85.76,85.41,85.51
2026-01-31 07:00:00+00:00,85.52,85.7,85.28,85.28
2026-01-31 08:00:00+00:00,85.29,85.64,85.28,85.42
2026-01-31 09:00:00+00:00,85.43,85.76,85.42,85.65
2026-01-31 10:00:00+00:00,85.64,85.74,85.43,85.48
2026-01-31 11:00:00+00:00,85.49,85.51,85.31,85.34
2026-01-31 12:00:00+00:00,85.35,85.7,85.34,85.65
2026-01-31 13:00:00+00:00,85.65,85.66,85.42,85.5
2026-01-31 14:00:00+00:00,85.49,85.54,85.18,85.29
2026-01-31 15:00:00+00:00,85.28,85.46,85.25,85.36
2026-01-31 16:00:00+00:00,85.36,85.47,85.3,85.35
2026-01-31 17:00:00+00:00,85.35,85.39,84.04,85.12
2026-01-31 18:00:00+00:00,85.11,85.41,85.02,85.33
2026-01-31 19:00:00+00:00,85.32,85.44,85.21,85.3
2026-01-31 20:00:00+00:00,85.29,85.4,85.24,85.25
2026-01-31 21:00:00+00:00,85.24,85.24,84.96,85.0
2026-01-31 22:00:00+00:00,85.01,85.36,85.0,85.29
2026-01-31 23:00:00+00:00,85.29,85.39,85.14,85.31
2026-02-01 00:00:00+00:00,85.3,85.42,85.28,85.38
2026-02-01 01:00:00+00:00,85.37,85.42,85.21,85.22
2026-02-01 02:00:00+00:00,85.22,85.36,85.15,85.33
2026-02-01 03:00:00+00:00,85.33,85.36,85.16,85.28
2026-02-01 04:00:00+00:00,85.29,85.47,85.26,85.38
2026-02-01 05:00:00+00:00,85.38,85.4,85.29,85.36
2026-02-01 06:00:00+00:00,85.36,85.39,85.3,85.3
2026-02-01 07:00:00+00:00,85.31,85.39,85.22,85.24
2026-02-01 08:00:00+00:00,85.24,85.35,85.2,85.32
2026-02-01 09:00:00+00:00,85.32,85.33,85.17,85.25
2026-02-01 10:00:00+00:00,85.25,85.27,85.0,85.16
2026-02-01 11:00:00+00:00,85.16,85.2,85.15,85.18
2026-02-01 12:00:00+00:00,85.18,85.18,85.14,85.17
2026-02-01 13:00:00+00:00,85.16,85.23,85.12,85.16
2026-02-01 14:00:00+00:00,85.16,85.19,84.88,85.03
2026-02-01 15:00:00+00:00,85.02,85.11,84.32,84.99
2026-02-01 16:00:00+00:00,84.99,85.0,84.1,84.47
2026-02-01 17:00:00+00:00,84.46,84.84,84.44,84.79
2026-02-01 18:00:00+00:00,84.79,85.19,84.76,85.12
2026-02-01 19:00:00+00:00,85.12,85.19,84.73,84.93
2026-02-01 20:00:00+00:00,84.92,84.93,82.18,82.34
2026-02-01 21:00:00+00:00,82.33,83.8,82.1,82.95
2026-02-01 22:00:00+00:00,82.95,84.83,82.89,83.81
2026-02-01 23:00:00+00:00,83.81,84.43,78.23,82.37
2026-02-02 00:00:00+00:00,82.38,88.27,81.82,86.04
2026-02-02 01:00:00+00:00,86.04,86.18,80.37,85.0
2026-02-02 02:00:00+00:00,85.0,85.26,80.61,81.22
2026-02-02 03:00:00+00:00,81.14,82.16,77.33,77.52
2026-02-02 04:00:00+00:00,77.53,80.71,76.16,79.36
2026-02-02 05:00:00+00:00,79.36,79.89,73.33,76.74
2026-02-02 06:00:00+00:00,76.73,77.64,72.61,75.29
2026-02-02 07:00:00+00:00,75.28,78.0,73.11,76.5
2026-02-02 08:00:00+00:00,76.5,79.95,75.6,78.95
2026-02-02 09:00:00+00:00,78.94,82.66,77.24,82.12
2026-02-02 10:00:00+00:00,82.11,82.86,80.29,81.88
2026-02-02 11:00:00+00:00,81.89,84.27,81.86,82.94
2026-02-02 12:00:00+00:00,82.94,84.54,81.9,83.93
2026-02-02 13:00:00+00:00,83.93,84.03,80.1,81.76
2026-02-02 14:00:00+00:00,81.77,82.9,78.2,78.94
2026-02-02 15:00:00+00:00,78.94,80.08,75.87,76.06
2026-02-02 16:00:00+00:00,76.06,79.62,75.58,78.56
2026-02-02 17:00:00+00:00,78.56,80.15,78.03,79.38
2026-02-02 18:00:00+00:00,79.39,79.73,76.35,79.17
2026-02-02 19:00:00+00:00,79.17,81.7,78.62,81.24
2026-02-02 20:00:00+00:00,81.25,81.49,79.92,80.09
2026-02-02 21:00:00+00:00,80.08,80.91,79.22,79.38
2026-02-02 22:00:00+00:00,79.4,79.73,79.32,79.41
2026-02-02 23:00:00+00:00,79.41,82.83,79.41,82.81
2026-02-03 00:00:00+00:00,82.8,84.15,81.9,81.96
2026-02-03 01:00:00+00:00,81.97,85.88,81.87,84.66
2026-02-03 02:00:00+00:00,84.65,84.69,81.29,81.97
2026-02-03 03:00:00+00:00,81.97,83.52,81.49,83.46
2026-02-03 04:00:00+00:00,83.45,84.0,82.68,83.49
2026-02-03 05:00:00+00:00,83.48,83.93,82.92,83.27
2026-02-03 06:00:00+00:00,83.28,85.56,83.1,84.94
2026-02-03 07:00:00+00:00,84.93,86.98,84.39,86.7
2026-02-03 08:00:00+00:00,86.69,87.94,86.29,87.37
2026-02-03 09:00:00+00:00,87.36,87.75,85.82,86.71
2026-02-03 10:00:00+00:00,86.75,87.44,86.24,86.41
2026-02-03 11:00:00+00:00,86.4,87.07,85.51,86.48
2026-02-03 12:00:00+00:00,86.49,87.58,86.24,87.26
2026-02-03 13:00:00+00:00,87.26,89.26,87.1,88.24
2026-02-03 14:00:00+00:00,88.25,88.99,86.51,88.15
2026-02-03 15:00:00+00:00,88.15,88.7,87.17,88.49
2026-02-03 16:00:00+00:00,88.49,89.21,86.83,87.0
2026-02-03 17:00:00+00:00,86.99,87.1,82.95,83.89
2026-02-03 18:00:00+00:00,83.88,85.29,82.83,84.07
2026-02-03 19:00:00+00:00,84.08,85.31,82.72,84.61
2026-02-03 20:00:00+00:00,84.61,85.63,83.6,85.02
2026-02-03 21:00:00+00:00,85.01,85.88,84.81,85.2
2026-02-03 22:00:00+00:00,85.21,85.72,85.08,85.35
2026-02-03 23:00:00+00:00,85.36,85.74,83.4,84.6
2026-02-04 00:00:00+00:00,84.59,86.44,84.58,85.94
2026-02-04 01:00:00+00:00,85.95,87.69,85.71,87.41
2026-02-04 02:00:00+00:00,87.41,88.28,86.9,87.1
2026-02-04 03:00:00+00:00,87.1,87.97,86.54,87.8
2026-02-04 04:00:00+00:00,87.79,88.43,87.47,88.33
2026-02-04 05:00:00+00:00,88.33,88.33,87.57,87.99
2026-02-04 06:00:00+00:00,87.99,89.72,86.99,89.65
2026-02-04 07:00:00+00:00,89.65,90.84,88.98,90.39
2026-02-04 08:00:00+00:00,90.38,90.54,89.69,90.29
2026-02-04 09:00:00+00:00,90.28,90.37,88.24,89.35
2026-02-04 10:00:00+00:00,89.35,90.42,89.22,90.31
2026-02-04 11:00:00+00:00,90.31,90.61,88.95,90.55
2026-02-04 12:00:00+00:00,90.55,90.87,89.67,89.78
2026-02-04 13:00:00+00:00,89.79,92.0,89.38,91.65
2026-02-04 14:00:00+00:00,91.66,92.31,88.53,89.8
2026-02-04 15:00:00+00:00,89.79,90.53,86.26,86.98
2026-02-04 16:00:00+00:00,86.98,87.5,84.02,85.35
2026-02-04 17:00:00+00:00,85.34,86.63,84.61,84.91
2026-02-04 18:00:00+00:00,84.91,86.46,83.65,85.96
2026-02-04 19:00:00+00:00,85.95,87.37,85.69,87.09
2026-02-04 20:00:00+00:00,87.09,87.68,85.55,87.41
2026-02-04 21:00:00+00:00,87.41,88.19,87.14,88.07
2026-02-04 22:00:00+00:00,88.07,88.3,87.27,88.01
2026-02-04 23:00:00+00:00,88.01,90.08,87.99,89.46
2026-02-05 00:00:00+00:00,89.45,90.36,88.64,89.57
2026-02-05 01:00:00+00:00,89.58,89.94,86.56,86.6
2026-02-05 02:00:00+00:00,86.61,86.76,74.29,74.89
2026-02-05 03:00:00+00:00,74.89,77.87,73.91,77.29
2026-02-05 04:00:00+00:00,77.29,78.08,75.97,76.26
2026-02-05 05:00:00+00:00,76.25,78.05,74.13,77.44
2026-02-05 06:00:00+00:00,77.45,79.68,76.65,78.54
2026-02-05 07:00:00+00:00,78.55,80.43,78.19,80.04
2026-02-05 08:00:00+00:00,80.03,81.1,79.05,79.77
2026-02-05 09:00:00+00:00,79.77,80.0,77.72,78.63
2026-02-05 10:00:00+00:00,78.62,79.11,77.87,78.5
2026-02-05 11:00:00+00:00,78.49,79.53,78.07,78.41
2026-02-05 12:00:00+00:00,78.41,78.88,75.53,76.04
2026-02-05 13:00:00+00:00,76.03,77.9,74.8,76.18
2026-02-05 14:00:00+00:00,76.18,77.5,73.5,76.42
2026-02-05 15:00:00+00:00,76.41,77.24,72.37,74.14
2026-02-05 16:00:00+00:00,74.13,77.64,73.94,77.13
2026-02-05 17:00:00+00:00,77.13,77.54,76.13,76.64
2026-02-05 18:00:00+00:00,76.63,78.06,75.25,76.18
2026-02-05 19:00:00+00:00,76.19,76.57,74.35,74.74
2026-02-05 20:00:00+00:00,74.73,75.45,73.0,73.9
2026-02-05 21:00:00+00:00,73.91,74.59,70.68,71.12
2026-02-05 22:00:00+00:00,71.13,71.93,70.33,71.3
2026-02-05 23:00:00+00:00,71.3,71.41,66.87,67.17
2026-02-06 00:00:00+00:00,67.17,70.3,64.52,70.2
2026-02-06 01:00:00+00:00,70.18,71.48,68.53,71.0
2026-02-06 02:00:00+00:00,70.99,73.3,70.23,71.8
2026-02-06 03:00:00+00:00,71.81,73.06,70.64,72.89
2026-02-06 04:00:00+00:00,72.88,73.2,72.17,72.47
2026-02-06 05:00:00+00:00,72.46,75.11,72.36,74.99
2026-02-06 06:00:00+00:00,75.0,75.33,72.04,72.61
2026-02-06 07:00:00+00:00,72.61,73.19,71.88,72.3
2026-02-06 08:00:00+00:00,72.3,74.48,71.65,73.82
2026-02-06 09:00:00+00:00,73.81,74.73,73.3,74.2
2026-02-06 10:00:00+00:00,74.2,74.61,73.55,74.4
2026-02-06 11:00:00+00:00,74.39,75.27,73.79,74.74
2026-02-06 12:00:00+00:00,74.76,75.23,73.94,75.06
2026-02-06 13:00:00+00:00,75.08,76.51,74.9,75.67
2026-02-06 14:00:00+00:00,75.66,76.52,74.26,76.4
2026-02-06 15:00:00+00:00,76.41,77.2,75.51,75.97
2026-02-06 16:00:00+00:00,75.96,76.78,75.11,76.58
2026-02-06 17:00:00+00:00,76.59,77.74,76.44,77.61
2026-02-06 18:00:00+00:00,77.59,78.22,76.96,77.31
2026-02-06 19:00:00+00:00,77.31,77.92,77.09,77.66
2026-02-06 20:00:00+00:00,77.65,77.78,76.71,77.48
2026-02-06 21:00:00+00:00,77.49,78.08,77.01,77.7
2026-02-06 22:00:00+00:00,77.7,78.25,77.62,77.97
2026-02-06 23:00:00+00:00,77.97,78.09,77.69,77.7
2026-02-07 00:00:00+00:00,77.7,77.88,77.62,77.66
2026-02-07 01:00:00+00:00,77.66,77.85,77.62,77.78
2026-02-07 02:00:00+00:00,77.77,77.94,77.72,77.78
2026-02-07 03:00:00+00:00,77.79,77.84,77.77,77.8
2026-02-07 04:00:00+00:00,77.8,77.84,77.73,77.83
2026-02-07 05:00:00+00:00,77.82,77.93,77.77,77.9
2026-02-07 06:00:00+00:00,77.9,77.96,77.81,77.88
2026-02-07 07:00:00+00:00,77.88,78.0,77.77,77.97
2026-02-07 08:00:00+00:00,77.98,77.98,77.77,77.79
2026-02-07 09:00:00+00:00,77.78,77.86,77.68,77.84
2026-02-07 10:00:00+00:00,77.84,77.88,77.79,77.83
2026-02-07 11:00:00+00:00,77.83,77.99,77.77,77.78
2026-02-07 12:00:00+00:00,77.78,77.97,77.73,77.87
2026-02-07 13:00:00+00:00,77.87,77.94,77.82,77.94
2026-02-07 14:00:00+00:00,77.93,77.99,77.86,77.87
2026-02-07 15:00:00+00:00,77.86,77.95,77.86,77.93
2026-02-07 16:00:00+00:00,77.94,77.95,77.83,77.87
2026-02-07 17:00:00+00:00,77.86,77.93,77.85,77.9
2026-02-07 18:00:00+00:00,77.91,77.98,77.9,77.96
2026-02-07 19:00:00+00:00,77.96,77.98,77.89,77.95
2026-02-07 20:00:00+00:00,77.95,77.95,77.88,77.9
2026-02-07 21:00:00+00:00,77.9,77.95,77.89,77.95
2026-02-07 22:00:00+00:00,77.95,77.97,77.92,77.97
2026-02-07 23:00:00+00:00,77.97,78.07,77.87,77.95
2026-02-08 00:00:00+00:00,77.94,78.05,77.92,77.98
2026-02-08 01:00:00+00:00,77.97,78.01,77.91,78.0
2026-02-08 02:00:00+00:00,78.0,78.05,77.96,78.02
2026-02-08 03:00:00+00:00,78.01,78.04,77.95,77.95
2026-02-08 04:00:00+00:00,77.96,78.03,77.94,77.99
2026-02-08 05:00:00+00:00,77.98,78.05,77.97,78.04
2026-02-08 06:00:00+00:00,78.05,78.22,78.02,78.09
2026-02-08 07:00:00+00:00,78.08,78.14,78.02,78.05
2026-02-08 08:00:00+00:00,78.05,78.1,78.04,78.07
2026-02-08 09:00:00+00:00,78.06,78.12,78.02,78.08
2026-02-08 10:00:00+00:00,78.08,78.11,77.98,78.02
2026-02-08 11:00:00+00:00,78.02,78.08,78.0,78.02
2026-02-08 12:00:00+00:00,78.03,78.19,78.03,78.14
2026-02-08 13:00:00+00:00,78.14,78.17,78.09,78.13
2026-02-08 14:00:00+00:00,78.13,78.14,78.05,78.13
2026-02-08 15:00:00+00:00,78.12,78.3,78.01,78.03
2026-02-08 16:00:00+00:00,78.03,78.16,78.03,78.08
2026-02-08 17:00:00+00:00,78.07,78.11,77.98,77.99
2026-02-08 18:00:00+00:00,77.99,78.1,77.92,78.06
2026-02-08 19:00:00+00:00,78.06,78.11,78.01,78.04
2026-02-08 20:00:00+00:00,78.04,78.29,78.04,78.2
2026-02-08 21:00:00+00:00,78.2,78.2,78.08,78.19
2026-02-08 22:00:00+00:00,78.19,79.95,78.16,79.66
2026-02-08 23:00:00+00:00,79.66,80.27,78.09,79.71
2026-02-09 00:00:00+00:00,79.71,80.09,78.99,79.54
2026-02-09 01:00:00+00:00,79.54,81.58,79.4,80.28
2026-02-09 02:00:00+00:00,80.27,81.28,79.7,80.99
2026-02-09 03:00:00+00:00,80.98,81.62,80.87,81.07
2026-02-09 04:00:00+00:00,81.07,82.1,80.92,81.73
2026-02-09 05:00:00+00:00,81.73,82.22,81.53,82.13
2026-02-09 06:00:00+00:00,82.12,82.43,81.18,82.09
2026-02-09 07:00:00+00:00,82.1,82.12,80.52,81.06
2026-02-09 08:00:00+00:00,81.06,82.19,80.98,81.88
2026-02-09 09:00:00+00:00,81.89,82.2,81.01,81.07
2026-02-09 10:00:00+00:00,81.08,81.39,78.7,79.13
2026-02-09 11:00:00+00:00,79.14,80.35,78.98,80.29
2026-02-09 12:00:00+00:00,80.3,80.76,79.85,80.28
2026-02-09 13:00:00+00:00,80.28,80.74,79.08,79.71
2026-02-09 14:00:00+00:00,79.7,81.86,79.35,81.57
2026-02-09 15:00:00+00:00,81.56,82.67,81.17,82.64
2026-02-09 16:00:00+00:00,82.64,83.6,82.46,83.5
2026-02-09 17:00:00+00:00,83.51,83.66,82.48,82.68
2026-02-09 18:00:00+00:00,82.69,83.19,82.05,83.17
2026-02-09 19:00:00+00:00,83.16,83.6,82.86,83.41
2026-02-09 20:00:00+00:00,83.42,83.99,83.36,83.85
2026-02-09 21:00:00+00:00,83.85,83.89,83.0,83.45
2026-02-09 22:00:00+00:00,83.45,83.88,83.38,83.69
2026-02-09 23:00:00+00:00,83.69,84.12,80.93,81.79
2026-02-10 00:00:00+00:00,81.78,82.75,81.23,81.59
2026-02-10 01:00:00+00:00,81.59,82.2,80.8,82.13
2026-02-10 02:00:00+00:00,82.13,82.94,81.95,82.14
2026-02-10 03:00:00+00:00,82.14,82.25,80.96,81.48
2026-02-10 04:00:00+00:00,81.48,81.73,81.09,81.39
2026-02-10 05:00:00+00:00,81.38,81.76,80.62,81.59
2026-02-10 06:00:00+00:00,81.58,82.07,81.16,81.23
2026-02-10 07:00:00+00:00,81.24,81.89,81.01,81.83
2026-02-10 08:00:00+00:00,81.83,82.45,81.28,82.29
2026-02-10 09:00:00+00:00,82.28,82.8,81.94,82.11
2026-02-10 10:00:00+00:00,82.1,82.59,81.81,82.26
2026-02-10 11:00:00+00:00,82.26,82.41,81.68,82.26
2026-02-10 12:00:00+00:00,82.27,82.57,81.35,81.64
2026-02-10 13:00:00+00:00,81.63,82.23,81.29,81.96
2026-02-10 14:00:00+00:00,81.97,83.03,81.25,82.15
2026-02-10 15:00:00+00:00,82.15,82.28,80.43,81.0
2026-02-10 16:00:00+00:00,81.0,81.04,79.89,80.5
2026-02-10 17:00:00+00:00,80.5,81.58,80.41,81.01
2026-02-10 18:00:00+00:00,81.0,81.18,80.27,80.67
2026-02-10 19:00:00+00:00,80.67,81.27,80.46,81.14
2026-02-10 20:00:00+00:00,81.13,81.34,80.67,80.97
2026-02-10 21:00:00+00:00,80.96,81.08,80.63,80.78
2026-02-10 22:00:00+00:00,80.79,80.96,80.58,80.85
2026-02-10 23:00:00+00:00,80.86,81.66,80.81,81.38
2026-02-11 00:00:00+00:00,81.39,81.81,81.05,81.39
2026-02-11 01:00:00+00:00,81.4,81.97,81.23,81.93
2026-02-11 02:00:00+00:00,81.94,82.48,81.6,82.31
2026-02-11 03:00:00+00:00,82.31,82.85,82.11,82.65
2026-02-11 04:00:00+00:00,82.65,82.75,82.34,82.39
2026-02-11 05:00:00+00:00,82.39,82.63,82.0,82.14
2026-02-11 06:00:00+00:00,82.13,83.5,81.91,83.38
2026-02-11 07:00:00+00:00,83.39,83.99,83.26,83.75
2026-02-11 08:00:00+00:00,83.75,84.02,83.34,83.73
2026-02-11 09:00:00+00:00,83.73,84.99,83.39,84.74
2026-02-11 10:00:00+00:00,84.75,85.73,84.58,85.55
2026-02-11 11:00:00+00:00,85.56,86.3,85.35,86.17
2026-02-11 12:00:00+00:00,86.17,86.36,84.91,85.83
2026-02-11 13:00:00+00:00,85.82,85.93,83.41,84.65
2026-02-11 14:00:00+00:00,84.65,85.47,83.31,83.79
2026-02-11 15:00:00+00:00,83.79,84.68,82.65,83.36
2026-02-11 16:00:00+00:00,83.36,84.02,82.75,83.73
2026-02-11 17:00:00+00:00,83.74,84.87,83.37,84.72
2026-02-11 18:00:00+00:00,84.72,84.77,83.93,84.17
2026-02-11 19:00:00+00:00,84.16,84.7,84.06,84.16
2026-02-11 20:00:00+00:00,84.18,84.65,83.96,84.52
2026-02-11 21:00:00+00:00,84.53,84.66,84.0,84.46
2026-02-11 22:00:00+00:00,84.46,84.67,84.43,84.6
2026-02-11 23:00:00+00:00,84.6,85.19,82.87,82.9
2026-02-12 00:00:00+00:00,82.9,83.27,81.92,82.53
2026-02-12 01:00:00+00:00,82.53,83.44,81.56,83.4
2026-02-12 02:00:00+00:00,83.41,83.68,82.97,83.43
2026-02-12 03:00:00+00:00,83.43,84.16,83.24,83.52
2026-02-12 04:00:00+00:00,83.52,83.82,83.0,83.51
2026-02-12 05:00:00+00:00,83.51,84.17,83.4,84.02
2026-02-12 06:00:00+00:00,84.03,84.19,83.04,83.12
2026-02-12 07:00:00+00:00,83.14,83.55,82.76,83.42
2026-02-12 08:00:00+00:00,83.42,83.95,83.23,83.82
2026-02-12 09:00:00+00:00,83.83,84.04,83.66,83.76
2026-02-12 10:00:00+00:00,83.76,83.97,83.12,83.25
2026-02-12 11:00:00+00:00,83.25,83.64,83.13,83.52
2026-02-12 12:00:00+00:00,83.52,83.55,81.93,82.29
2026-02-12 13:00:00+00:00,82.3,83.26,81.99,83.13
2026-02-12 14:00:00+00:00,83.12,83.57,82.32,82.54
2026-02-12 15:00:00+00:00,82.54,83.24,82.38,82.48
2026-02-12 16:00:00+00:00,82.48,82.64,75.03,76.39
2026-02-12 17:00:00+00:00,76.38,78.05,75.65,75.66
2026-02-12 18:00:00+00:00,75.67,77.08,74.87,76.28
2026-02-12 19:00:00+00:00,76.29,76.98,75.89,76.41
2026-02-12 20:00:00+00:00,76.41,76.61,74.57,74.92
2026-02-12 21:00:00+00:00,74.93,75.61,74.85,75.35
2026-02-12 22:00:00+00:00,75.35,75.98,75.33,75.81
2026-02-12 23:00:00+00:00,75.81,75.93,74.11,75.35
2026-02-13 00:00:00+00:00,75.34,76.57,74.86,75.23
2026-02-13 01:00:00+00:00,75.23,77.38,75.18,76.8
2026-02-13 02:00:00+00:00,76.8,77.2,76.42,77.17
2026-02-13 03:00:00+00:00,77.17,77.4,76.7,77.14
2026-02-13 04:00:00+00:00,77.14,77.73,77.03,77.16
2026-02-13 05:00:00+00:00,77.16,77.53,76.04,76.16
2026-02-13 06:00:00+00:00,76.17,77.51,76.11,77.42
2026-02-13 07:00:00+00:00,77.42,78.47,76.93,77.94
2026-02-13 08:00:00+00:00,77.95,79.38,77.88,78.92
2026-02-13 09:00:00+00:00,78.92,79.12,78.21,78.26
2026-02-13 10:00:00+00:00,78.25,78.84,77.66,77.76
2026-02-13 11:00:00+00:00,77.76,77.78,76.72,77.43
2026-02-13 12:00:00+00:00,77.43,78.17,76.96,77.85
2026-02-13 13:00:00+00:00,77.85,79.38,77.11,78.73
2026-02-13 14:00:00+00:00,78.72,79.17,76.11,77.48
2026-02-13 15:00:00+00:00,77.49,78.84,77.05,77.16
2026-02-13 16:00:00+00:00,77.16,78.52,77.14,77.73
2026-02-13 17:00:00+00:00,77.73,78.36,77.4,77.84
2026-02-13 18:00:00+00:00,77.85,78.36,77.68,77.81
2026-02-13 19:00:00+00:00,77.81,78.38,77.45,77.46
2026-02-13 20:00:00+00:00,77.46,77.67,76.72,77.21
2026-02-13 21:00:00+00:00,77.21,77.58,77.0,77.42
2026-02-13 22:00:00+00:00,77.42,77.49,77.29,77.33
2026-02-13 23:00:00+00:00,77.33,77.42,77.25,77.31
2026-02-14 00:00:00+00:00,77.3,77.42,77.29,77.42
2026-02-14 01:00:00+00:00,77.41,77.47,77.4,77.44
2026-02-14 02:00:00+00:00,77.44,77.44,77.38,77.42
2026-02-14 03:00:00+00:00,77.41,77.43,77.39,77.43
2026-02-14 04:00:00+00:00,77.43,77.44,77.4,77.41
2026-02-14 05:00:00+00:00,77.41,77.47,77.41,77.46
2026-02-14 06:00:00+00:00,77.46,77.49,77.44,77.47
2026-02-14 07:00:00+00:00,77.47,77.48,77.42,77.43
2026-02-14 08:00:00+00:00,77.43,77.5,77.43,77.48
2026-02-14 09:00:00+00:00,77.47,77.5,77.46,77.47
2026-02-14 10:00:00+00:00,77.47,77.48,77.43,77.47
2026-02-14 11:00:00+00:00,77.48,77.48,77.43,77.44
2026-02-14 12:00:00+00:00,77.44,77.48,77.41,77.46
2026-02-14 13:00:00+00:00,77.46,77.48,77.45,77.48
2026-02-14 14:00:00+00:00,77.47,77.48,77.44,77.45
2026-02-14 15:00:00+00:00,77.44,77.45,77.42,77.43
2026-02-14 16:00:00+00:00,77.43,77.43,77.4,77.42
2026-02-14 17:00:00+00:00,77.42,77.45,77.42,77.44
2026-02-14 18:00:00+00:00,77.44,77.45,77.43,77.44
2026-02-14 19:00:00+00:00,77.43,77.45,77.43,77.44
2026-02-14 20:00:00+00:00,77.44,77.45,77.41,77.44
2026-02-14 21:00:00+00:00,77.43,77.46,77.42,77.46
2026-02-14 22:00:00+00:00,77.46,77.46,77.43,77.45
2026-02-14 23:00:00+00:00,77.46,77.46,77.42,77.42
2026-02-15 00:00:00+00:00,77.43,77.45,77.42,77.44
2026-02-15 01:00:00+00:00,77.44,77.46,77.43,77.46
2026-02-15 02:00:00+00:00,77.46,77.46,77.44,77.46
2026-02-15 03:00:00+00:00,77.46,77.46,77.41,77.41
2026-02-15 04:00:00+00:00,77.41,77.44,77.4,77.42
2026-02-15 05:00:00+00:00,77.41,77.44,77.41,77.44
2026-02-15 06:00:00+00:00,77.44,77.44,77.43,77.44
2026-02-15 07:00:00+00:00,77.44,77.44,77.42,77.43
2026-02-15 08:00:00+00:00,77.43,77.45,77.42,77.43
2026-02-15 09:00:00+00:00,77.44,77.45,77.43,77.45
2026-02-15 10:00:00+00:00,77.45,77.45,77.44,77.45
2026-02-15 11:00:00+00:00,77.44,77.45,77.42,77.43
2026-02-15 12:00:00+00:00,77.43,77.49,77.43,77.47
2026-02-15 13:00:00+00:00,77.47,77.48,77.45,77.47
2026-02-15 14:00:00+00:00,77.47,77.48,77.45,77.46
2026-02-15 15:00:00+00:00,77.46,77.48,77.46,77.47
2026-02-15 16:00:00+00:00,77.48,78.74,77.47,78.28
2026-02-15 17:00:00+00:00,78.28,78.29,77.6,77.75
2026-02-15 18:00:00+00:00,77.75,77.78,77.58,77.68
2026-02-15 19:00:00+00:00,77.67,77.67,77.5,77.51
2026-02-15 20:00:00+00:00,77.52,77.98,77.52,77.91
2026-02-15 21:00:00+00:00,77.92,77.96,77.8,77.86
2026-02-15 22:00:00+00:00,77.86,77.86,77.62,77.68
2026-02-15 23:00:00+00:00,77.68,78.53,74.95,76.34
2026-02-16 00:00:00+00:00,76.34,77.07,75.94,76.88
2026-02-16 01:00:00+00:00,76.88,77.61,76.55,77.43
2026-02-16 02:00:00+00:00,77.44,77.6,75.85,75.88
2026-02-16 03:00:00+00:00,75.89,76.0,74.73,75.25
2026-02-16 04:00:00+00:00,75.25,75.54,74.97,75.38
2026-02-16 05:00:00+00:00,75.38,76.01,75.09,75.94
2026-02-16 06:00:00+00:00,75.94,77.09,75.87,76.6
2026-02-16 07:00:00+00:00,76.59,77.1,76.47,77.0
2026-02-16 08:00:00+00:00,77.0,77.31,76.6,77.12
2026-02-16 09:00:00+00:00,77.13,77.44,76.99,77.02
2026-02-16 10:00:00+00:00,77.02,77.39,76.77,77.12
2026-02-16 11:00:00+00:00,77.13,77.21,76.84,77.13
2026-02-16 12:00:00+00:00,77.13,77.21,76.67,76.98
2026-02-16 13:00:00+00:00,76.99,77.15,76.79,76.95
2026-02-16 14:00:00+00:00,76.94,77.18,76.33,76.64
2026-02-16 15:00:00+00:00,76.64,76.78,75.96,76.15
2026-02-16 16:00:00+00:00,76.15,76.71,75.76,76.38
2026-02-16 17:00:00+00:00,76.38,76.81,76.38,76.61
2026-02-16 18:00:00+00:00,76.62,76.93,76.53,76.79
2026-02-16 19:00:00+00:00,76.79,76.84,76.48,76.7
2026-02-16 20:00:00+00:00,76.71,76.76,76.56,76.6
2026-02-16 21:00:00+00:00,76.59,76.72,76.53,76.69
2026-02-16 22:00:00+00:00,76.69,76.91,76.67,76.72
2026-02-16 23:00:00+00:00,76.71,76.89,76.19,76.47
2026-02-17 00:00:00+00:00,76.48,76.53,74.5,74.77
2026-02-17 01:00:00+00:00,74.77,76.36,73.14,75.86
2026-02-17 02:00:00+00:00,75.86,76.5,75.69,76.28
2026-02-17 03:00:00+00:00,76.29,76.5,74.96,75.5
2026-02-17 04:00:00+00:00,75.5,75.69,74.95,75.18
2026-02-17 05:00:00+00:00,75.18,75.27,72.79,73.96
2026-02-17 06:00:00+00:00,73.97,74.88,73.96,74.73
2026-02-17 07:00:00+00:00,74.72,75.13,74.3,75.01
2026-02-17 08:00:00+00:00,75.01,75.51,74.85,75.01
2026-02-17 09:00:00+00:00,75.0,75.09,74.08,74.62
2026-02-17 10:00:00+00:00,74.62,75.0,73.65,74.01
2026-02-17 11:00:00+00:00,74.01,74.92,73.98,74.74
2026-02-17 12:00:00+00:00,74.74,75.28,74.54,74.63
2026-02-17 13:00:00+00:00,74.62,74.69,73.0,73.02
2026-02-17 14:00:00+00:00,73.01,74.83,72.21,72.39
2026-02-17 15:00:00+00:00,72.39,73.45,72.04,73.34
2026-02-17 16:00:00+00:00,73.34,73.95,73.18,73.21
2026-02-17 17:00:00+00:00,73.21,73.29,72.16,72.81
2026-02-17 18:00:00+00:00,72.81,74.17,72.73,73.87
2026-02-17 19:00:00+00:00,73.88,74.12,73.47,73.57
2026-02-17 20:00:00+00:00,73.57,73.67,73.11,73.34
2026-02-17 21:00:00+00:00,73.33,73.73,73.3,73.63
2026-02-17 22:00:00+00:00,73.64,73.87,73.55,73.76
2026-02-17 23:00:00+00:00,73.75,73.86,72.36,72.5
2026-02-18 00:00:00+00:00,72.51,73.18,72.41,72.64
2026-02-18 01:00:00+00:00,72.64,73.66,72.64,73.5
2026-02-18 02:00:00+00:00,73.5,73.93,73.32,73.63
2026-02-18 03:00:00+00:00,73.63,74.77,73.6,74.71
2026-02-18 04:00:00+00:00,74.71,75.88,74.53,75.86
2026-02-18 05:00:00+00:00,75.86,76.14,75.47,75.61
2026-02-18 06:00:00+00:00,75.62,75.77,75.22,75.51
2026-02-18 07:00:00+00:00,75.5,76.07,75.43,75.72
2026-02-18 08:00:00+00:00,75.72,76.07,75.53,75.84
2026-02-18 09:00:00+00:00,75.84,76.11,75.65,75.71
2026-02-18 10:00:00+00:00,75.71,76.32,75.46,75.73
2026-02-18 11:00:00+00:00,75.73,75.92,75.33,75.46
2026-02-18 12:00:00+00:00,75.46,75.9,75.31,75.71
2026-02-18 13:00:00+00:00,75.71,77.1,75.62,76.68
2026-02-18 14:00:00+00:00,76.69,77.81,76.66,77.66
2026-02-18 15:00:00+00:00,77.65,78.33,77.54,77.69
2026-02-18 16:00:00+00:00,77.7,78.26,77.65,77.81
2026-02-18 17:00:00+00:00,77.81,78.29,77.67,78.15
2026-02-18 18:00:00+00:00,78.14,78.29,76.92,77.25
2026-02-18 19:00:00+00:00,77.25,77.44,76.26,76.68
2026-02-18 20:00:00+00:00,76.69,77.39,76.55,77.32
2026-02-18 21:00:00+00:00,77.32,77.36,77.02,77.15
2026-02-18 22:00:00+00:00,77.15,77.43,77.15,77.29
2026-02-18 23:00:00+00:00,77.28,77.67,76.94,77.17
2026-02-19 00:00:00+00:00,77.17,77.19,76.43,76.5
2026-02-19 01:00:00+00:00,76.5,77.31,76.47,77.28
2026-02-19 02:00:00+00:00,77.28,77.46,77.01,77.2
2026-02-19 03:00:00+00:00,77.2,78.09,77.07,77.99
2026-02-19 04:00:00+00:00,77.99,78.24,77.64,77.88
2026-02-19 05:00:00+00:00,77.87,78.12,77.84,77.95
2026-02-19 06:00:00+00:00,77.95,78.93,77.91,78.84
2026-02-19 07:00:00+00:00,78.84,79.23,78.8,78.89
2026-02-19 08:00:00+00:00,78.9,79.5,78.62,79.17
2026-02-19 09:00:00+00:00,79.17,79.3,78.35,78.59
2026-02-19 10:00:00+00:00,78.58,78.6,78.15,78.47
2026-02-19 11:00:00+00:00,78.46,78.63,77.32,77.9
2026-02-19 12:00:00+00:00,77.9,78.22,77.38,78.04
2026-02-19 13:00:00+00:00,78.04,78.45,77.51,78.34
2026-02-19 14:00:00+00:00,78.34,78.35,77.1,77.96
2026-02-19 15:00:00+00:00,77.97,79.11,77.91,78.64
2026-02-19 16:00:00+00:00,78.65,78.66,77.39,77.58
2026-02-19 17:00:00+00:00,77.57,78.13,77.43,77.61
2026-02-19 18:00:00+00:00,77.61,77.94,77.48,77.82
2026-02-19 19:00:00+00:00,77.81,78.15,77.58,77.82
2026-02-19 20:00:00+00:00,77.82,78.56,77.8,78.44
2026-02-19 21:00:00+00:00,78.44,78.61,78.19,78.57
2026-02-19 22:00:00+00:00,78.58,78.59,78.28,78.33
2026-02-19 23:00:00+00:00,78.33,78.71,77.84,77.92
2026-02-20 00:00:00+00:00,77.93,78.76,77.81,78.72
2026-02-20 01:00:00+00:00,78.72,78.79,78.18,78.35
2026-02-20 02:00:00+00:00,78.34,78.73,77.97,78.17
2026-02-20 03:00:00+00:00,78.16,78.66,77.51,77.73
2026-02-20 04:00:00+00:00,77.73,78.37,77.7,78.25
2026-02-20 05:00:00+00:00,78.26,78.75,78.26,78.7
2026-02-20 06:00:00+00:00,78.7,79.05,78.54,78.8
2026-02-20 07:00:00+00:00,78.81,79.14,78.7,78.78
2026-02-20 08:00:00+00:00,78.79,80.09,78.77,79.96
2026-02-20 09:00:00+00:00,79.96,81.28,79.9,80.4
2026-02-20 10:00:00+00:00,80.4,81.02,80.27,80.82
2026-02-20 11:00:00+00:00,80.81,81.04,80.17,80.53
2026-02-20 12:00:00+00:00,80.53,80.78,80.06,80.62
2026-02-20 13:00:00+00:00,80.63,80.96,80.17,80.81
2026-02-20 14:00:00+00:00,80.8,82.02,80.52,81.69
2026-02-20 15:00:00+00:00,81.69,82.54,79.83,81.79
2026-02-20 16:00:00+00:00,81.79,82.59,81.45,82.44
2026-02-20 17:00:00+00:00,82.45,82.9,81.85,82.71
2026-02-20 18:00:00+00:00,82.72,82.9,82.29,82.85
2026-02-20 19:00:00+00:00,82.84,83.38,82.71,83.29
2026-02-20 20:00:00+00:00,83.29,84.59,83.25,84.44
2026-02-20 21:00:00+00:00,84.44,84.58,83.82,84.52
2026-02-20 22:00:00+00:00,84.51,84.81,84.41,84.59
2026-02-20 23:00:00+00:00,84.59,84.67,84.51,84.53
2026-02-21 00:00:00+00:00,84.53,84.57,84.47,84.54
2026-02-21 01:00:00+00:00,84.54,84.55,84.48,84.5
2026-02-21 02:00:00+00:00,84.51,84.55,84.5,84.52
2026-02-21 03:00:00+00:00,84.52,84.57,84.52,84.54
2026-02-21 04:00:00+00:00,84.54,84.54,84.51,84.52
2026-02-21 05:00:00+00:00,84.52,84.54,84.51,84.54
2026-02-21 06:00:00+00:00,84.54,84.56,84.53,84.56
2026-02-21 07:00:00+00:00,84.55,84.56,84.55,84.55
2026-02-21 08:00:00+00:00,84.55,84.62,84.55,84.62
2026-02-21 09:00:00+00:00,84.62,84.62,84.57,84.59
2026-02-21 10:00:00+00:00,84.59,84.59,84.53,84.53
2026-02-21 11:00:00+00:00,84.54,84.55,84.52,84.53
2026-02-21 12:00:00+00:00,84.53,84.54,84.52,84.53
2026-02-21 13:00:00+00:00,84.53,84.55,84.51,84.53
2026-02-21 14:00:00+00:00,84.53,84.55,84.5,84.54
2026-02-21 15:00:00+00:00,84.54,84.58,84.52,84.57
2026-02-21 16:00:00+00:00,84.56,84.61,84.56,84.58
2026-02-21 17:00:00+00:00,84.57,84.62,84.57,84.62
2026-02-21 18:00:00+00:00,84.61,84.8,84.61,84.77
2026-02-21 19:00:00+00:00,84.78,84.87,84.77,84.81
2026-02-21 20:00:00+00:00,84.82,84.85,84.63,84.67
2026-02-21 21:00:00+00:00,84.67,84.68,84.63,84.66
2026-02-21 22:00:00+00:00,84.66,84.69,84.64,84.68
2026-02-21 23:00:00+00:00,84.67,84.76,84.66,84.71
2026-02-22 00:00:00+00:00,84.7,84.75,84.7,84.73
2026-02-22 01:00:00+00:00,84.73,84.74,84.7,84.73
2026-02-22 02:00:00+00:00,84.72,84.76,84.72,84.74
2026-02-22 03:00:00+00:00,84.74,84.74,84.66,84.66
2026-02-22 04:00:00+00:00,84.67,84.71,84.67,84.69
2026-02-22 05:00:00+00:00,84.7,84.72,84.69,84.71
2026-02-22 06:00:00+00:00,84.72,84.75,84.71,84.74
2026-02-22 07:00:00+00:00,84.74,84.74,84.71,84.72
2026-02-22 08:00:00+00:00,84.72,84.77,84.71,84.72
2026-02-22 09:00:00+00:00,84.71,84.73,84.68,84.69
2026-02-22 10:00:00+00:00,84.69,84.7,84.69,84.7
2026-02-22 11:00:00+00:00,84.7,84.7,84.65,84.67
2026-02-22 12:00:00+00:00,84.67,84.79,84.67,84.77
2026-02-22 13:00:00+00:00,84.77,84.89,84.76,84.88
2026-02-22 14:00:00+00:00,84.88,85.06,84.83,84.97
2026-02-22 15:00:00+00:00,84.98,85.19,84.73,84.9
2026-02-22 16:00:00+00:00,84.91,85.4,84.9,85.03
2026-02-22 17:00:00+00:00,85.03,85.19,84.97,85.18
2026-02-22 18:00:00+00:00,85.18,85.23,84.82,84.82
2026-02-22 19:00:00+00:00,84.82,85.06,84.8,84.8
2026-02-22 20:00:00+00:00,84.81,85.28,84.81,85.22
2026-02-22 21:00:00+00:00,85.21,85.3,85.14,85.23
2026-02-22 22:00:00+00:00,85.24,85.7,85.22,85.53
2026-02-22 23:00:00+00:00,85.52,87.09,84.78,86.85
2026-02-23 00:00:00+00:00,86.85,87.0,86.02,86.27
2026-02-23 01:00:00+00:00,86.28,87.66,85.88,86.81
2026-02-23 02:00:00+00:00,86.8,87.81,86.79,87.55
2026-02-23 03:00:00+00:00,87.56,87.65,87.08,87.19
2026-02-23 04:00:00+00:00,87.18,87.54,87.01,87.14
2026-02-23 05:00:00+00:00,87.14,87.27,86.77,86.98
2026-02-23 06:00:00+00:00,86.97,87.09,86.15,86.35
2026-02-23 07:00:00+00:00,86.35,86.63,85.11,85.77
2026-02-23 08:00:00+00:00,85.77,86.43,85.62,86.32
2026-02-23 09:00:00+00:00,86.31,86.81,86.23,86.66
2026-02-23 10:00:00+00:00,86.66,87.05,86.59,86.93
2026-02-23 11:00:00+00:00,86.94,86.97,86.17,86.47
2026-02-23 12:00:00+00:00,86.47,87.11,86.32,87.06
2026-02-23 13:00:00+00:00,87.06,87.11,85.61,85.66
2026-02-23 14:00:00+00:00,85.66,88.01,85.6,87.26
2026-02-23 15:00:00+00:00,87.26,87.58,86.31,86.67
2026-02-23 16:00:00+00:00,86.66,87.39,85.94,86.65
2026-02-23 17:00:00+00:00,86.66,86.97,86.25,86.82
2026-02-23 18:00:00+00:00,86.83,87.66,86.62,87.58
2026-02-23 19:00:00+00:00,87.57,87.8,87.38,87.63
2026-02-23 20:00:00+00:00,87.62,89.14,87.6,88.83
2026-02-23 21:00:00+00:00,88.82,88.82,87.92,88.16
2026-02-23 22:00:00+00:00,88.16,88.46,88.13,88.45
2026-02-23 23:00:00+00:00,88.45,88.9,86.7,88.02
2026-02-24 00:00:00+00:00,88.03,88.22,87.24,87.6
2026-02-24 01:00:00+00:00,87.59,87.59,84.81,86.46
2026-02-24 02:00:00+00:00,86.45,87.47,86.28,87.39
2026-02-24 03:00:00+00:00,87.38,87.54,86.83,86.88
2026-02-24 04:00:00+00:00,86.88,87.05,86.65,86.81
2026-02-24 05:00:00+00:00,86.8,88.23,86.68,88.12
2026-02-24 06:00:00+00:00,88.13,88.88,87.78,88.06
2026-02-24 07:00:00+00:00,88.06,88.39,87.83,87.89
2026-02-24 08:00:00+00:00,87.89,88.26,87.63,88.1
2026-02-24 09:00:00+00:00,88.09,88.32,87.85,88.04
2026-02-24 10:00:00+00:00,88.04,88.61,87.88,88.09
2026-02-24 11:00:00+00:00,88.09,88.31,87.83,88.1
2026-02-24 12:00:00+00:00,88.09,88.22,87.28,87.75
2026-02-24 13:00:00+00:00,87.76,88.26,86.09,86.25
2026-02-24 14:00:00+00:00,86.25,87.53,85.38,87.16
2026-02-24 15:00:00+00:00,87.16,88.05,86.94,87.81
2026-02-24 16:00:00+00:00,87.82,88.22,87.03,87.4
2026-02-24 17:00:00+00:00,87.4,88.06,87.4,88.03
2026-02-24 18:00:00+00:00,88.03,88.26,87.13,87.31
2026-02-24 19:00:00+00:00,87.31,87.43,86.63,87.05
2026-02-24 20:00:00+00:00,87.06,87.71,86.71,87.35
2026-02-24 21:00:00+00:00,87.35,87.48,87.04,87.17
2026-02-24 22:00:00+00:00,87.18,87.43,86.82,87.0
2026-02-24 23:00:00+00:00,87.01,87.43,86.54,87.23
2026-02-25 00:00:00+00:00,87.23,87.49,86.76,87.42
2026-02-25 01:00:00+00:00,87.42,88.76,87.39,88.35
2026-02-25 02:00:00+00:00,88.35,89.77,88.34,89.42
2026-02-25 03:00:00+00:00,89.42,89.86,88.84,89.51
2026-02-25 04:00:00+00:00,89.51,89.56,89.13,89.4
2026-02-25 05:00:00+00:00,89.4,91.19,89.4,90.78
2026-02-25 06:00:00+00:00,90.78,90.81,90.08,90.52
2026-02-25 07:00:00+00:00,90.53,90.66,90.22,90.34
2026-02-25 08:00:00+00:00,90.33,91.08,90.33,90.9
2026-02-25 09:00:00+00:00,90.9,90.95,90.38,90.67
2026-02-25 10:00:00+00:00,90.68,90.86,90.31,90.48
2026-02-25 11:00:00+00:00,90.49,90.49,89.5,90.49
2026-02-25 12:00:00+00:00,90.48,90.7,90.12,90.58
2026-02-25 13:00:00+00:00,90.58,90.99,90.27,90.56
2026-02-25 14:00:00+00:00,90.56,90.89,89.44,90.55
2026-02-25 15:00:00+00:00,90.55,90.78,89.79,90.59
2026-02-25 16:00:00+00:00,90.59,91.06,90.28,90.85
2026-02-25 17:00:00+00:00,90.84,91.15,90.59,91.05
2026-02-25 18:00:00+00:00,91.05,91.28,90.67,90.72
2026-02-25 19:00:00+00:00,90.72,91.27,90.68,91.11
2026-02-25 20:00:00+00:00,91.11,91.27,88.32,88.49
2026-02-25 21:00:00+00:00,88.48,89.65,88.4,89.12
2026-02-25 22:00:00+00:00,89.13,89.3,88.82,89.13
2026-02-25 23:00:00+00:00,89.12,89.62,87.29,87.5
2026-02-26 00:00:00+00:00,87.5,89.46,87.42,89.25
2026-02-26 01:00:00+00:00,89.26,90.22,89.11,89.51
2026-02-26 02:00:00+00:00,89.52,89.73,87.82,88.78
2026-02-26 03:00:00+00:00,88.79,89.3,88.6,89.27
2026-02-26 04:00:00+00:00,89.27,89.75,89.13,89.3
2026-02-26 05:00:00+00:00,89.3,89.94,89.16,89.42
2026-02-26 06:00:00+00:00,89.42,89.68,88.72,89.14
2026-02-26 07:00:00+00:00,89.15,89.28,88.1,88.44
2026-02-26 08:00:00+00:00,88.44,88.54,86.28,87.41
2026-02-26 09:00:00+00:00,87.41,87.78,87.17,87.55
2026-02-26 10:00:00+00:00,87.55,87.71,86.69,86.85
2026-02-26 11:00:00+00:00,86.85,87.67,86.84,87.11
2026-02-26 12:00:00+00:00,87.12,87.34,85.68,87.15
2026-02-26 13:00:00+00:00,87.15,87.4,86.41,87.11
2026-02-26 14:00:00+00:00,87.11,87.12,85.7,86.6
2026-02-26 15:00:00+00:00,86.6,87.6,85.15,87.44
2026-02-26 16:00:00+00:00,87.45,87.49,86.54,86.7
2026-02-26 17:00:00+00:00,86.71,87.27,86.24,86.59
2026-02-26 18:00:00+00:00,86.59,87.48,86.3,87.34
2026-02-26 19:00:00+00:00,87.34,88.38,87.28,88.26
2026-02-26 20:00:00+00:00,88.26,88.9,88.22,88.74
2026-02-26 21:00:00+00:00,88.74,88.87,88.09,88.17
2026-02-26 22:00:00+00:00,88.17,88.23,87.89,88.08
2026-02-26 23:00:00+00:00,88.08,88.49,87.84,88.14
2026-02-27 00:00:00+00:00,88.14,88.87,88.03,88.38
2026-02-27 01:00:00+00:00,88.38,89.49,87.73,89.45
2026-02-27 02:00:00+00:00,89.45,90.03,89.25,89.78
2026-02-27 03:00:00+00:00,89.79,89.9,89.32,89.33
2026-02-27 04:00:00+00:00,89.33,89.8,89.3,89.47
2026-02-27 05:00:00+00:00,89.48,90.15,89.43,90.05
2026-02-27 06:00:00+00:00,90.05,90.6,89.96,90.14
2026-02-27 07:00:00+00:00,90.14,90.27,89.77,90.16
2026-02-27 08:00:00+00:00,90.16,90.32,89.52,89.56
2026-02-27 09:00:00+00:00,89.56,90.01,89.45,89.66
2026-02-27 10:00:00+00:00,89.67,89.79,89.08,89.69
2026-02-27 11:00:00+00:00,89.7,90.04,89.59,89.99
2026-02-27 12:00:00+00:00,89.99,90.13,89.44,89.76
2026-02-27 13:00:00+00:00,89.76,92.74,89.69,92.15
2026-02-27 14:00:00+00:00,92.15,92.35,90.95,91.62
2026-02-27 15:00:00+00:00,91.62,93.75,91.55,93.44
2026-02-27 16:00:00+00:00,93.44,94.03,92.95,93.19
2026-02-27 17:00:00+00:00,93.2,93.83,92.95,93.59
2026-02-27 18:00:00+00:00,93.59,93.8,92.32,93.1
2026-02-27 19:00:00+00:00,93.09,93.45,92.76,93.1
2026-02-27 20:00:00+00:00,93.1,93.81,92.99,93.73
2026-02-27 21:00:00+00:00,93.73,93.83,93.48,93.65
2026-02-27 22:00:00+00:00,93.64,93.92,93.62,93.78
2026-02-27 23:00:00+00:00,93.78,93.87,93.6,93.74
2026-02-28 00:00:00+00:00,93.74,93.83,93.72,93.82
2026-02-28 01:00:00+00:00,93.82,93.89,93.78,93.88
2026-02-28 02:00:00+00:00,93.89,93.9,93.82,93.82
2026-02-28 03:00:00+00:00,93.81,93.84,93.79,93.83
2026-02-28 04:00:00+00:00,93.82,93.87,93.8,93.86
2026-02-28 05:00:00+00:00,93.86,93.88,93.8,93.84
2026-02-28 06:00:00+00:00,93.84,96.32,93.82,95.3
2026-02-28 07:00:00+00:00,95.3,95.42,94.22,94.25
2026-02-28 08:00:00+00:00,94.26,95.21,94.26,94.88
2026-02-28 09:00:00+00:00,94.88,95.02,94.43,94.7
2026-02-28 10:00:00+00:00,94.69,94.9,94.01,94.13
2026-02-28 11:00:00+00:00,94.13,94.36,93.43,93.76
2026-02-28 12:00:00+00:00,93.74,94.49,93.74,94.08
2026-02-28 13:00:00+00:00,94.07,94.32,93.91,93.95
2026-02-28 14:00:00+00:00,93.96,94.18,93.81,93.9
2026-02-28 15:00:00+00:00,93.9,94.13,93.85,94.1
2026-02-28 16:00:00+00:00,94.09,94.7,94.09,94.47
2026-02-28 17:00:00+00:00,94.46,94.46,94.16,94.2
2026-02-28 18:00:00+00:00,94.2,94.25,93.9,93.93
2026-02-28 19:00:00+00:00,93.93,94.07,93.72,93.89
2026-02-28 20:00:00+00:00,93.89,94.03,93.67,93.75
2026-02-28 21:00:00+00:00,93.76,94.1,93.72,93.98
2026-02-28 22:00:00+00:00,93.98,94.04,93.77,93.94
2026-02-28 23:00:00+00:00,93.95,94.25,93.91,94.08
2026-03-01 00:00:00+00:00,94.09,94.37,94.07,94.23
2026-03-01 01:00:00+00:00,94.23,94.24,93.77,93.77
2026-03-01 02:00:00+00:00,93.78,93.92,93.68,93.73
2026-03-01 03:00:00+00:00,93.73,93.86,93.48,93.85
2026-03-01 04:00:00+00:00,93.86,94.29,93.7,94.06
2026-03-01 05:00:00+00:00,94.06,94.07,93.82,93.86
2026-03-01 06:00:00+00:00,93.87,93.95,93.81,93.85
2026-03-01 07:00:00+00:00,93.86,93.97,93.83,93.91
2026-03-01 08:00:00+00:00,93.91,94.14,93.91,93.97
2026-03-01 09:00:00+00:00,93.97,94.7,93.97,94.44
2026-03-01 10:00:00+00:00,94.44,94.48,94.11,94.16
2026-03-01 11:00:00+00:00,94.17,94.2,94.0,94.17
2026-03-01 12:00:00+00:00,94.16,94.58,94.15,94.44
2026-03-01 13:00:00+00:00,94.44,94.79,94.42,94.47
2026-03-01 14:00:00+00:00,94.46,94.65,94.38,94.62
2026-03-01 15:00:00+00:00,94.61,94.62,94.29,94.43
2026-03-01 16:00:00+00:00,94.44,95.58,94.44,94.87
2026-03-01 17:00:00+00:00,94.87,95.3,94.84,94.99
2026-03-01 18:00:00+00:00,94.98,95.15,94.9,95.1
2026-03-01 19:00:00+00:00,95.1,95.38,94.69,95.36
2026-03-01 20:00:00+00:00,95.36,97.56,95.36,97.31
2026-03-01 21:00:00+00:00,97.31,97.94,97.1,97.46
2026-03-01 22:00:00+00:00,97.46,97.66,96.3,97.12
2026-03-01 23:00:00+00:00,97.13,97.15,94.03,95.09
2026-03-02 00:00:00+00:00,95.1,95.6,94.06,94.14
2026-03-02 01:00:00+00:00,94.13,94.55,91.8,92.26
2026-03-02 02:00:00+00:00,92.26,94.07,92.22,93.93
2026-03-02 03:00:00+00:00,93.93,94.67,93.77,94.37
2026-03-02 04:00:00+00:00,94.37,94.48,93.4,93.85
2026-03-02 05:00:00+00:00,93.84,94.36,93.42,94.1
2026-03-02 06:00:00+00:00,94.1,95.37,94.02,94.93
2026-03-02 07:00:00+00:00,94.93,96.05,94.85,96.04
2026-03-02 08:00:00+00:00,96.04,96.12,95.22,95.4
2026-03-02 09:00:00+00:00,95.39,95.69,94.91,95.31
2026-03-02 10:00:00+00:00,95.31,95.73,95.01,95.21
2026-03-02 11:00:00+00:00,95.22,95.42,94.33,94.67
2026-03-02 12:00:00+00:00,94.67,95.29,94.32,95.04
2026-03-02 13:00:00+00:00,95.05,95.08,93.09,93.86
2026-03-02 14:00:00+00:00,93.86,93.87,88.25,89.99
2026-03-02 15:00:00+00:00,89.98,90.88,88.44,88.7
2026-03-02 16:00:00+00:00,88.69,88.69,86.5,87.11
2026-03-02 17:00:00+00:00,87.11,88.18,86.86,87.92
2026-03-02 18:00:00+00:00,87.92,88.89,87.52,88.77
2026-03-02 19:00:00+00:00,88.77,89.76,88.72,89.34
2026-03-02 20:00:00+00:00,89.34,90.77,89.2,90.01
2026-03-02 21:00:00+00:00,90.02,90.17,89.32,89.38
2026-03-02 22:00:00+00:00,89.39,89.78,89.37,89.74
2026-03-02 23:00:00+00:00,89.74,90.34,89.42,90.06
2026-03-03 00:00:00+00:00,90.07,91.33,89.74,90.57
2026-03-03 01:00:00+00:00,90.58,91.26,88.39,88.71
2026-03-03 02:00:00+00:00,88.71,90.25,88.16,90.13
2026-03-03 03:00:00+00:00,90.13,90.33,89.73,90.22
2026-03-03 04:00:00+00:00,90.22,90.31,89.53,89.7
2026-03-03 05:00:00+00:00,89.76,90.1,86.1,86.94
2026-03-03 06:00:00+00:00,86.95,87.46,83.1,85.24
2026-03-03 07:00:00+00:00,85.23,87.42,84.83,87.13
2026-03-03 08:00:00+00:00,87.12,87.71,84.88,85.07
2026-03-03 09:00:00+00:00,85.08,85.62,83.18,84.53
2026-03-03 10:00:00+00:00,84.52,84.93,81.72,82.18
2026-03-03 11:00:00+00:00,82.18,82.75,78.03,81.26
2026-03-03 12:00:00+00:00,81.26,83.45,80.86,83.22
2026-03-03 13:00:00+00:00,83.22,83.31,81.4,82.36
2026-03-03 14:00:00+00:00,82.35,83.01,79.32,79.69
2026-03-03 15:00:00+00:00,79.69,82.65,79.62,82.55
2026-03-03 16:00:00+00:00,82.55,83.78,82.11,82.6
2026-03-03 17:00:00+00:00,82.61,83.15,81.68,82.21
2026-03-03 18:00:00+00:00,82.21,84.12,82.19,83.57
2026-03-03 19:00:00+00:00,83.57,83.91,82.32,83.06
2026-03-03 20:00:00+00:00,83.1,83.53,82.03,82.55
2026-03-03 21:00:00+00:00,82.56,82.82,81.88,82.12
2026-03-03 22:00:00+00:00,82.13,82.4,82.01,82.36
2026-03-03 23:00:00+00:00,82.36,83.16,81.64,83.0
2026-03-04 00:00:00+00:00,83.0,83.44,81.9,83.25
2026-03-04 01:00:00+00:00,83.25,84.42,82.34,84.37
2026-03-04 02:00:00+00:00,84.37,85.49,84.02,84.06
2026-03-04 03:00:00+00:00,84.06,85.09,83.39,84.97
2026-03-04 04:00:00+00:00,84.98,85.37,84.36,84.58
2026-03-04 05:00:00+00:00,84.58,84.98,84.2,84.57
2026-03-04 06:00:00+00:00,84.57,84.88,83.75,84.86
2026-03-04 07:00:00+00:00,84.86,85.23,84.74,84.81
2026-03-04 08:00:00+00:00,84.8,85.82,84.39,85.33
2026-03-04 09:00:00+00:00,85.31,86.25,85.08,86.16
2026-03-04 10:00:00+00:00,86.16,86.57,85.52,85.95
2026-03-04 11:00:00+00:00,85.95,86.5,85.84,86.15
2026-03-04 12:00:00+00:00,86.15,86.75,84.9,85.4
2026-03-04 13:00:00+00:00,85.41,86.18,84.62,84.75
2026-03-04 14:00:00+00:00,84.75,85.24,83.2,83.53
2026-03-04 15:00:00+00:00,83.53,84.62,83.14,84.22
2026-03-04 16:00:00+00:00,84.23,84.65,83.31,83.58
2026-03-04 17:00:00+00:00,83.59,83.98,83.05,83.6
2026-03-04 18:00:00+00:00,83.59,83.66,82.22,83.29
2026-03-04 19:00:00+00:00,83.3,83.79,83.02,83.6
2026-03-04 20:00:00+00:00,83.61,83.74,82.88,83.18
2026-03-04 21:00:00+00:00,83.18,83.63,83.14,83.58
2026-03-04 22:00:00+00:00,83.57,83.81,83.45,83.72
2026-03-04 23:00:00+00:00,83.72,84.09,83.26,84.05
2026-03-05 00:00:00+00:00,84.06,84.38,83.92,84.12
2026-03-05 01:00:00+00:00,84.11,85.17,84.1,84.32
2026-03-05 02:00:00+00:00,84.31,85.13,84.3,85.12
2026-03-05 03:00:00+00:00,85.12,85.55,84.63,84.88
2026-03-05 04:00:00+00:00,84.87,85.07,84.15,84.58
2026-03-05 05:00:00+00:00,84.58,84.74,82.58,82.59
2026-03-05 06:00:00+00:00,82.59,83.52,80.57,83.37
2026-03-05 07:00:00+00:00,83.37,83.84,83.09,83.64
2026-03-05 08:00:00+00:00,83.63,83.95,82.68,83.81
2026-03-05 09:00:00+00:00,83.81,84.98,83.55,84.13
2026-03-05 10:00:00+00:00,84.14,84.53,83.66,84.25
2026-03-05 11:00:00+00:00,84.26,84.56,84.04,84.1
2026-03-05 12:00:00+00:00,84.11,84.72,83.91,83.95
2026-03-05 13:00:00+00:00,83.96,84.07,81.72,82.56
2026-03-05 14:00:00+00:00,82.56,83.31,81.89,82.7
2026-03-05 15:00:00+00:00,82.7,83.38,81.44,82.43
2026-03-05 16:00:00+00:00,82.44,82.46,81.18,81.8
2026-03-05 17:00:00+00:00,81.81,82.47,81.36,81.5
2026-03-05 18:00:00+00:00,81.5,82.44,81.33,81.72
2026-03-05 19:00:00+00:00,81.72,82.1,80.67,81.05
2026-03-05 20:00:00+00:00,81.05,82.46,80.83,82.11
2026-03-05 21:00:00+00:00,82.1,82.47,82.01,82.37
2026-03-05 22:00:00+00:00,82.36,82.5,82.25,82.48
2026-03-05 23:00:00+00:00,82.48,83.28,82.17,82.78
2026-03-06 00:00:00+00:00,82.77,83.33,82.31,82.35
2026-03-06 01:00:00+00:00,82.34,84.4,81.8,84.04
2026-03-06 02:00:00+00:00,84.05,84.08,83.34,83.78
2026-03-06 03:00:00+00:00,83.78,84.63,83.77,84.31
2026-03-06 04:00:00+00:00,84.32,84.48,84.02,84.14
2026-03-06 05:00:00+00:00,84.13,84.31,83.38,83.73
2026-03-06 06:00:00+00:00,83.73,84.45,83.5,84.31
2026-03-06 07:00:00+00:00,84.31,84.64,83.87,84.61
2026-03-06 08:00:00+00:00,84.62,84.76,83.81,84.22
2026-03-06 09:00:00+00:00,84.22,84.25,82.43,82.73
2026-03-06 10:00:00+00:00,82.74,83.19,82.33,82.93
2026-03-06 11:00:00+00:00,82.93,83.42,81.83,82.26
2026-03-06 12:00:00+00:00,82.27,82.77,82.09,82.3
2026-03-06 13:00:00+00:00,82.31,84.12,81.64,82.55
2026-03-06 14:00:00+00:00,82.55,83.74,82.28,83.69
2026-03-06 15:00:00+00:00,83.69,85.0,83.66,84.01
2026-03-06 16:00:00+00:00,84.01,84.72,83.56,83.91
2026-03-06 17:00:00+00:00,83.91,84.21,83.54,83.92
2026-03-06 18:00:00+00:00,83.91,84.49,83.65,84.28
2026-03-06 19:00:00+00:00,84.28,84.61,84.18,84.35
2026-03-06 20:00:00+00:00,84.35,84.44,83.57,83.82
2026-03-06 21:00:00+00:00,83.82,84.39,83.76,84.26
2026-03-06 22:00:00+00:00,84.26,84.48,84.26,84.39
2026-03-06 23:00:00+00:00,84.39,84.49,84.31,84.43
2026-03-07 00:00:00+00:00,84.43,84.44,84.32,84.39
2026-03-07 01:00:00+00:00,84.39,84.48,84.38,84.39
2026-03-07 02:00:00+00:00,84.4,84.48,84.39,84.48
2026-03-07 03:00:00+00:00,84.47,84.65,84.42,84.58
2026-03-07 04:00:00+00:00,84.57,84.59,84.43,84.54
2026-03-07 05:00:00+00:00,84.53,84.54,84.46,84.5
2026-03-07 06:00:00+00:00,84.5,84.55,84.44,84.48
2026-03-07 07:00:00+00:00,84.48,84.49,84.4,84.44
2026-03-07 08:00:00+00:00,84.44,84.66,84.42,84.58
2026-03-07 09:00:00+00:00,84.57,84.59,84.52,84.55
2026-03-07 10:00:00+00:00,84.55,84.57,84.52,84.56
2026-03-07 11:00:00+00:00,84.56,84.58,84.51,84.53
2026-03-07 12:00:00+00:00,84.53,84.58,84.52,84.55
2026-03-07 13:00:00+00:00,84.55,84.56,84.53,84.54
2026-03-07 14:00:00+00:00,84.54,84.59,84.52,84.59
2026-03-07 15:00:00+00:00,84.59,84.6,84.55,84.56
2026-03-07 16:00:00+00:00,84.56,84.59,84.54,84.58
2026-03-07 17:00:00+00:00,84.57,84.59,84.54,84.56
2026-03-07 18:00:00+00:00,84.56,84.56,84.49,84.54
2026-03-07 19:00:00+00:00,84.53,84.54,84.48,84.5
2026-03-07 20:00:00+00:00,84.5,84.56,84.49,84.53
2026-03-07 21:00:00+00:00,84.52,84.53,84.49,84.52
2026-03-07 22:00:00+00:00,84.51,84.52,84.45,84.48
2026-03-07 23:00:00+00:00,84.47,84.5,84.45,84.46
2026-03-08 00:00:00+00:00,84.46,84.54,84.45,84.53
2026-03-08 01:00:00+00:00,84.53,84.53,84.47,84.51
2026-03-08 02:00:00+00:00,84.51,84.51,84.41,84.43
2026-03-08 03:00:00+00:00,84.43,84.47,84.41,84.47
2026-03-08 04:00:00+00:00,84.46,84.54,84.45,84.5
2026-03-08 05:00:00+00:00,84.5,84.54,84.49,84.53
2026-03-08 06:00:00+00:00,84.53,84.53,84.35,84.44
2026-03-08 07:00:00+00:00,84.43,84.48,84.37,84.48
2026-03-08 08:00:00+00:00,84.48,84.56,84.48,84.5
2026-03-08 09:00:00+00:00,84.5,84.54,84.49,84.54
2026-03-08 10:00:00+00:00,84.54,84.54,84.4,84.43
2026-03-08 11:00:00+00:00,84.42,84.5,84.41,84.46
2026-03-08 12:00:00+00:00,84.45,84.48,84.36,84.4
2026-03-08 13:00:00+00:00,84.39,84.49,84.39,84.42
2026-03-08 14:00:00+00:00,84.41,84.44,84.38,84.42
2026-03-08 15:00:00+00:00,84.42,84.43,84.38,84.41
2026-03-08 16:00:00+00:00,84.42,84.46,84.36,84.44
2026-03-08 17:00:00+00:00,84.44,84.47,84.38,84.4
2026-03-08 18:00:00+00:00,84.4,84.41,84.37,84.39
2026-03-08 19:00:00+00:00,84.39,84.46,84.38,84.41
2026-03-08 20:00:00+00:00,84.42,84.46,84.36,84.39
2026-03-08 21:00:00+00:00,84.39,84.42,84.24,84.25
2026-03-08 22:00:00+00:00,84.24,84.99,82.45,83.26
2026-03-08 23:00:00+00:00,83.27,83.53,81.01,81.88
2026-03-09 00:00:00+00:00,81.88,82.24,80.72,81.42
2026-03-09 01:00:00+00:00,81.42,81.43,79.66,80.98
2026-03-09 02:00:00+00:00,80.99,82.97,80.59,82.71
2026-03-09 03:00:00+00:00,82.7,83.44,82.44,83.06
2026-03-09 04:00:00+00:00,83.07,83.57,82.49,82.6
2026-03-09 05:00:00+00:00,82.6,84.71,82.42,84.25
2026-03-09 06:00:00+00:00,84.24,84.93,83.64,83.7
2026-03-09 07:00:00+00:00,83.71,83.8,83.13,83.52
2026-03-09 08:00:00+00:00,83.53,83.83,83.22,83.64
2026-03-09 09:00:00+00:00,83.65,84.42,83.52,83.9
2026-03-09 10:00:00+00:00,83.9,84.2,83.0,83.21
2026-03-09 11:00:00+00:00,83.23,83.57,82.82,83.21
2026-03-09 12:00:00+00:00,83.22,84.7,83.22,83.76
2026-03-09 13:00:00+00:00,83.77,85.65,83.36,83.56
2026-03-09 14:00:00+00:00,83.55,84.49,83.16,84.31
2026-03-09 15:00:00+00:00,84.3,84.61,84.08,84.44
2026-03-09 16:00:00+00:00,84.44,84.84,84.29,84.72
2026-03-09 17:00:00+00:00,84.72,84.79,83.91,84.34
2026-03-09 18:00:00+00:00,84.34,86.19,84.12,85.85
2026-03-09 19:00:00+00:00,85.86,86.82,85.74,86.4
2026-03-09 20:00:00+00:00,86.4,87.14,86.37,87.01
2026-03-09 21:00:00+00:00,87.0,87.04,86.78,86.82
2026-03-09 22:00:00+00:00,86.83,87.58,86.62,87.48
2026-03-09 23:00:00+00:00,87.49,88.12,87.03,87.42
2026-03-10 00:00:00+00:00,87.41,87.66,86.87,87.0
2026-03-10 01:00:00+00:00,87.0,89.55,86.63,89.45
2026-03-10 02:00:00+00:00,89.44,90.07,88.8,88.86
2026-03-10 03:00:00+00:00,88.9,89.29,87.81,88.19
2026-03-10 04:00:00+00:00,88.19,88.53,87.99,88.42
2026-03-10 05:00:00+00:00,88.43,89.22,88.41,89.13
2026-03-10 06:00:00+00:00,89.13,89.19,88.63,88.92
2026-03-10 07:00:00+00:00,88.93,89.17,88.42,89.14
2026-03-10 08:00:00+00:00,89.14,89.35,88.86,89.02
2026-03-10 09:00:00+00:00,89.03,89.43,89.0,89.13
2026-03-10 10:00:00+00:00,89.12,89.13,87.82,88.39
2026-03-10 11:00:00+00:00,88.38,88.9,88.0,88.38
2026-03-10 12:00:00+00:00,88.38,88.76,87.94,88.52
2026-03-10 13:00:00+00:00,88.52,89.63,88.4,88.8
2026-03-10 14:00:00+00:00,88.8,89.33,88.36,89.2
2026-03-10 15:00:00+00:00,89.2,89.85,89.1,89.48
2026-03-10 16:00:00+00:00,89.49,89.7,89.0,89.48
2026-03-10 17:00:00+00:00,89.48,89.61,88.94,89.04
2026-03-10 18:00:00+00:00,89.05,89.13,87.02,87.92
2026-03-10 19:00:00+00:00,87.92,88.64,87.78,88.39
2026-03-10 20:00:00+00:00,88.38,88.54,88.21,88.25
2026-03-10 21:00:00+00:00,88.26,88.37,88.15,88.32
2026-03-10 22:00:00+00:00,88.31,88.9,88.2,88.28
2026-03-10 23:00:00+00:00,88.29,88.56,88.08,88.41
2026-03-11 00:00:00+00:00,88.41,89.24,87.8,89.2
2026-03-11 01:00:00+00:00,89.19,89.41,88.41,88.55
2026-03-11 02:00:00+00:00,88.55,88.97,87.83,88.78
2026-03-11 03:00:00+00:00,88.78,88.88,88.07,88.22
2026-03-11 04:00:00+00:00,88.22,88.43,88.04,88.24
2026-03-11 05:00:00+00:00,88.24,88.36,87.08,87.64
2026-03-11 06:00:00+00:00,87.64,88.05,87.28,87.38
2026-03-11 07:00:00+00:00,87.38,87.58,86.44,87.01
2026-03-11 08:00:00+00:00,87.0,87.28,86.48,87.12
2026-03-11 09:00:00+00:00,87.11,87.36,86.44,86.66
2026-03-11 10:00:00+00:00,86.65,87.16,86.5,86.63
2026-03-11 11:00:00+00:00,86.64,87.05,86.06,86.24
2026-03-11 12:00:00+00:00,86.23,86.73,85.25,85.3
2026-03-11 13:00:00+00:00,85.3,86.15,84.4,85.24
2026-03-11 14:00:00+00:00,85.23,85.91,85.22,85.49
2026-03-11 15:00:00+00:00,85.49,85.68,84.73,84.86
2026-03-11 16:00:00+00:00,84.86,85.44,84.49,85.31
2026-03-11 17:00:00+00:00,85.31,85.56,84.75,85.23
2026-03-11 18:00:00+00:00,85.24,85.86,85.24,85.46
2026-03-11 19:00:00+00:00,85.47,86.14,85.41,86.0
2026-03-11 20:00:00+00:00,86.0,86.07,85.6,85.73
2026-03-11 21:00:00+00:00,85.73,85.8,85.6,85.66
2026-03-11 22:00:00+00:00,85.66,85.79,84.61,84.93
2026-03-11 23:00:00+00:00,84.93,85.18,84.57,84.64
2026-03-12 00:00:00+00:00,84.64,85.66,83.91,85.59
2026-03-12 01:00:00+00:00,85.59,85.86,84.95,85.41
2026-03-12 02:00:00+00:00,85.41,85.65,84.34,84.53
2026-03-12 03:00:00+00:00,84.52,84.96,84.38,84.84
2026-03-12 04:00:00+00:00,84.85,84.9,84.37,84.41
2026-03-12 05:00:00+00:00,84.42,85.41,84.41,85.29
2026-03-12 06:00:00+00:00,85.29,86.52,85.1,86.15
2026-03-12 07:00:00+00:00,86.15,86.99,85.84,86.94
2026-03-12 08:00:00+00:00,86.95,87.11,86.5,86.73
2026-03-12 09:00:00+00:00,86.73,87.11,86.69,87.01
2026-03-12 10:00:00+00:00,87.01,87.18,86.73,87.17
2026-03-12 11:00:00+00:00,87.17,87.2,86.65,86.9
2026-03-12 12:00:00+00:00,86.91,87.42,86.55,87.28
2026-03-12 13:00:00+00:00,87.28,87.44,85.7,85.91
2026-03-12 14:00:00+00:00,85.9,86.44,85.15,85.55
2026-03-12 15:00:00+00:00,85.54,85.63,84.51,85.25
2026-03-12 16:00:00+00:00,85.25,85.62,84.91,85.12
2026-03-12 17:00:00+00:00,85.12,85.41,84.75,84.83
2026-03-12 18:00:00+00:00,84.83,85.2,84.68,84.83
2026-03-12 19:00:00+00:00,84.82,85.06,84.38,84.53
2026-03-12 20:00:00+00:00,84.54,84.65,82.97,83.81
2026-03-12 21:00:00+00:00,83.81,83.92,83.77,83.79
2026-03-12 22:00:00+00:00,83.79,84.33,83.46,84.32
2026-03-12 23:00:00+00:00,84.33,84.36,84.0,84.03
2026-03-13 00:00:00+00:00,84.03,85.04,83.94,85.01
2026-03-13 01:00:00+00:00,85.01,85.4,84.0,84.77
2026-03-13 02:00:00+00:00,84.78,85.22,84.37,84.46
2026-03-13 03:00:00+00:00,84.46,84.74,84.12,84.68
2026-03-13 04:00:00+00:00,84.68,84.71,84.2,84.35
2026-03-13 05:00:00+00:00,84.35,84.53,83.25,83.69
2026-03-13 06:00:00+00:00,83.69,83.92,82.26,82.51
2026-03-13 07:00:00+00:00,82.51,82.86,81.57,82.43
2026-03-13 08:00:00+00:00,82.44,82.92,81.67,82.69
2026-03-13 09:00:00+00:00,82.7,83.11,82.35,82.98
2026-03-13 10:00:00+00:00,82.98,83.49,82.71,83.22
2026-03-13 11:00:00+00:00,83.23,83.79,82.95,83.71
2026-03-13 12:00:00+00:00,83.7,84.4,83.64,84.2
2026-03-13 13:00:00+00:00,84.2,84.44,83.35,83.58
2026-03-13 14:00:00+00:00,83.58,83.65,80.67,80.7
2026-03-13 15:00:00+00:00,80.69,81.6,80.23,80.31
2026-03-13 16:00:00+00:00,80.31,80.58,79.47,80.34
2026-03-13 17:00:00+00:00,80.33,81.36,80.33,80.98
2026-03-13 18:00:00+00:00,80.97,81.24,80.71,81.05
2026-03-13 19:00:00+00:00,81.05,81.16,79.94,80.32
2026-03-13 20:00:00+00:00,80.33,80.64,79.95,80.55
2026-03-13 21:00:00+00:00,80.55,80.65,80.52,80.64
2026-03-13 22:00:00+00:00,80.65,80.74,80.64,80.73
2026-03-13 23:00:00+00:00,80.73,80.74,80.64,80.65
2026-03-14 00:00:00+00:00,80.66,80.74,80.61,80.73
2026-03-14 01:00:00+00:00,80.73,80.74,80.62,80.63
2026-03-14 02:00:00+00:00,80.64,80.64,80.55,80.63
2026-03-14 03:00:00+00:00,80.64,80.7,80.63,80.64
2026-03-14 04:00:00+00:00,80.64,80.65,80.62,80.62
2026-03-14 05:00:00+00:00,80.63,80.68,80.62,80.65
2026-03-14 06:00:00+00:00,80.64,80.65,80.59,80.62
2026-03-14 07:00:00+00:00,80.63,80.63,80.58,80.59
2026-03-14 08:00:00+00:00,80.59,80.63,80.58,80.62
2026-03-14 09:00:00+00:00,80.63,80.65,80.62,80.63
2026-03-14 10:00:00+00:00,80.64,80.65,80.63,80.65
2026-03-14 11:00:00+00:00,80.65,80.65,80.63,80.63
2026-03-14 12:00:00+00:00,80.64,80.68,80.62,80.63
2026-03-14 13:00:00+00:00,80.63,80.67,80.58,80.62
2026-03-14 14:00:00+00:00,80.63,80.63,80.6,80.62
2026-03-14 15:00:00+00:00,80.62,80.66,80.58,80.6
2026-03-14 16:00:00+00:00,80.61,80.63,80.59,80.62
2026-03-14 17:00:00+00:00,80.62,80.66,80.6,80.63
2026-03-14 18:00:00+00:00,80.63,80.67,80.61,80.63
2026-03-14 19:00:00+00:00,80.62,80.63,80.6,80.62
2026-03-14 20:00:00+00:00,80.62,80.64,80.59,80.64
2026-03-14 21:00:00+00:00,80.64,80.67,80.58,80.67
2026-03-14 22:00:00+00:00,80.67,80.68,80.61,80.62
2026-03-14 23:00:00+00:00,80.63,80.68,80.61,80.65
2026-03-15 00:00:00+00:00,80.65,80.65,80.64,80.64
2026-03-15 01:00:00+00:00,80.64,80.66,80.61,80.62
2026-03-15 02:00:00+00:00,80.62,80.64,80.61,80.64
2026-03-15 03:00:00+00:00,80.64,80.64,80.63,80.63
2026-03-15 04:00:00+00:00,80.64,80.64,80.63,80.64
2026-03-15 05:00:00+00:00,80.63,80.67,80.63,80.66
2026-03-15 06:00:00+00:00,80.65,80.66,80.65,80.66
2026-03-15 07:00:00+00:00,80.65,80.66,80.63,80.65
2026-03-15 08:00:00+00:00,80.65,80.66,80.63,80.65
2026-03-15 09:00:00+00:00,80.65,80.66,80.63,80.64
2026-03-15 10:00:00+00:00,80.64,80.64,80.61,80.63
2026-03-15 11:00:00+00:00,80.63,80.64,80.61,80.63
2026-03-15 12:00:00+00:00,80.63,80.63,80.53,80.55
2026-03-15 13:00:00+00:00,80.55,80.58,80.52,80.54
2026-03-15 14:00:00+00:00,80.53,80.57,80.43,80.47
2026-03-15 15:00:00+00:00,80.47,80.53,80.46,80.5
2026-03-15 16:00:00+00:00,80.5,80.51,80.23,80.31
2026-03-15 17:00:00+00:00,80.31,80.37,80.2,80.34
2026-03-15 18:00:00+00:00,80.34,80.39,80.24,80.25
2026-03-15 19:00:00+00:00,80.24,80.44,80.23,80.29
2026-03-15 20:00:00+00:00,80.29,80.34,80.16,80.3
2026-03-15 21:00:00+00:00,80.31,80.55,80.17,80.51
2026-03-15 22:00:00+00:00,80.51,80.65,79.44,80.52
2026-03-15 23:00:00+00:00,80.52,80.63,79.24,80.12
2026-03-16 00:00:00+00:00,80.13,81.59,80.12,81.55
2026-03-16 01:00:00+00:00,81.55,81.59,78.57,80.38
2026-03-16 02:00:00+00:00,80.37,80.47,79.21,79.36
2026-03-16 03:00:00+00:00,79.37,80.3,78.91,80.25
2026-03-16 04:00:00+00:00,80.25,80.66,80.11,80.13
2026-03-16 05:00:00+00:00,80.13,80.53,79.49,80.29
2026-03-16 06:00:00+00:00,80.29,80.78,79.66,80.14
2026-03-16 07:00:00+00:00,80.14,80.41,79.03,79.13
2026-03-16 08:00:00+00:00,79.14,79.58,78.73,79.19
2026-03-16 09:00:00+00:00,79.18,79.21,77.52,77.91
2026-03-16 10:00:00+00:00,77.9,79.03,77.13,78.92
2026-03-16 11:00:00+00:00,78.92,79.48,78.69,78.97
2026-03-16 12:00:00+00:00,78.98,80.28,78.86,80.25
2026-03-16 13:00:00+00:00,80.25,81.64,79.8,81.27
2026-03-16 14:00:00+00:00,81.26,81.55,80.05,80.72
2026-03-16 15:00:00+00:00,80.72,81.12,80.25,80.36
2026-03-16 16:00:00+00:00,80.35,80.78,79.59,80.24
2026-03-16 17:00:00+00:00,80.25,80.75,80.14,80.26
2026-03-16 18:00:00+00:00,80.26,81.42,80.14,81.06
2026-03-16 19:00:00+00:00,81.06,81.42,80.78,80.93
2026-03-16 20:00:00+00:00,80.93,81.12,80.74,80.81
2026-03-16 21:00:00+00:00,80.81,81.13,80.75,80.96
2026-03-16 22:00:00+00:00,80.95,81.18,80.62,80.81
2026-03-16 23:00:00+00:00,80.8,81.24,80.79,81.19
2026-03-17 00:00:00+00:00,81.19,81.2,80.25,80.42
2026-03-17 01:00:00+00:00,80.41,81.58,79.95,81.49
2026-03-17 02:00:00+00:00,81.5,81.62,81.17,81.25
2026-03-17 03:00:00+00:00,81.24,81.6,81.0,81.41
2026-03-17 04:00:00+00:00,81.41,82.53,81.33,82.43
2026-03-17 05:00:00+00:00,82.42,82.51,81.12,81.18
2026-03-17 06:00:00+00:00,81.19,81.29,80.57,80.68
2026-03-17 07:00:00+00:00,80.68,81.41,80.67,81.09
2026-03-17 08:00:00+00:00,81.08,81.25,80.64,81.0
2026-03-17 09:00:00+00:00,81.0,81.07,80.58,80.9
2026-03-17 10:00:00+00:00,80.91,81.03,79.85,80.24
2026-03-17 11:00:00+00:00,80.23,80.77,80.11,80.35
2026-03-17 12:00:00+00:00,80.34,81.06,80.11,80.72
2026-03-17 13:00:00+00:00,80.72,81.4,80.58,81.25
2026-03-17 14:00:00+00:00,81.26,81.34,80.17,80.2
2026-03-17 15:00:00+00:00,80.2,80.51,78.34,79.23
2026-03-17 16:00:00+00:00,79.23,79.62,78.82,79.45
2026-03-17 17:00:00+00:00,79.45,79.97,79.43,79.63
2026-03-17 18:00:00+00:00,79.64,79.91,79.47,79.51
2026-03-17 19:00:00+00:00,79.51,79.51,79.06,79.25
2026-03-17 20:00:00+00:00,79.26,79.39,79.16,79.36
2026-03-17 21:00:00+00:00,79.35,79.56,79.3,79.54
2026-03-17 22:00:00+00:00,79.54,79.56,78.76,79.06
2026-03-17 23:00:00+00:00,79.07,79.27,79.05,79.25
2026-03-18 00:00:00+00:00,79.25,79.94,79.25,79.54
2026-03-18 01:00:00+00:00,79.54,80.18,78.85,79.2
2026-03-18 02:00:00+00:00,79.2,79.45,78.22,78.44
2026-03-18 03:00:00+00:00,78.43,78.97,78.2,78.74
2026-03-18 04:00:00+00:00,78.75,78.9,78.35,78.64
2026-03-18 05:00:00+00:00,78.64,79.68,78.59,79.09
2026-03-18 06:00:00+00:00,79.08,80.15,79.08,79.87
2026-03-18 07:00:00+00:00,79.87,80.19,79.39,79.77
2026-03-18 08:00:00+00:00,79.77,79.85,79.05,79.42
2026-03-18 09:00:00+00:00,79.41,80.03,79.39,79.93
2026-03-18 10:00:00+00:00,79.94,80.08,79.02,79.11
2026-03-18 11:00:00+00:00,79.12,79.68,78.43,78.66
2026-03-18 12:00:00+00:00,78.66,79.03,77.46,77.62
2026-03-18 13:00:00+00:00,77.62,77.62,75.64,77.5
2026-03-18 14:00:00+00:00,77.5,78.09,76.32,76.85
2026-03-18 15:00:00+00:00,76.85,77.2,76.62,76.7
2026-03-18 16:00:00+00:00,76.71,77.42,76.59,77.19
2026-03-18 17:00:00+00:00,77.19,77.57,77.0,77.14
2026-03-18 18:00:00+00:00,77.14,77.62,76.07,76.1
2026-03-18 19:00:00+00:00,76.1,76.59,75.91,76.04
2026-03-18 20:00:00+00:00,76.03,76.12,75.12,75.49
2026-03-18 21:00:00+00:00,75.5,75.87,75.49,75.76
2026-03-18 22:00:00+00:00,75.76,75.86,75.08,75.78
2026-03-18 23:00:00+00:00,75.78,76.29,75.69,75.94
2026-03-19 00:00:00+00:00,75.94,76.7,75.9,76.48
2026-03-19 01:00:00+00:00,76.48,76.72,75.55,76.2
2026-03-19 02:00:00+00:00,76.22,76.72,75.91,76.46
2026-03-19 03:00:00+00:00,76.46,76.6,75.89,75.9
2026-03-19 04:00:00+00:00,75.89,75.89,75.57,75.78
2026-03-19 05:00:00+00:00,75.77,76.09,74.51,74.51
2026-03-19 06:00:00+00:00,74.51,75.02,71.85,72.5
2026-03-19 07:00:00+00:00,72.5,72.96,71.22,71.28
2026-03-19 08:00:00+00:00,71.29,71.94,70.2,71.51
2026-03-19 09:00:00+00:00,71.52,72.02,71.3,71.75
2026-03-19 10:00:00+00:00,71.73,72.1,70.61,70.97
2026-03-19 11:00:00+00:00,70.96,71.47,70.39,70.4
2026-03-19 12:00:00+00:00,70.39,70.42,66.66,67.48
2026-03-19 13:00:00+00:00,67.48,69.73,65.7,69.68
2026-03-19 14:00:00+00:00,69.69,70.99,69.13,70.16
2026-03-19 15:00:00+00:00,70.15,71.14,69.23,70.15
2026-03-19 16:00:00+00:00,70.14,71.18,69.88,70.22
2026-03-19 17:00:00+00:00,70.21,72.04,70.15,71.43
2026-03-19 18:00:00+00:00,71.44,71.73,71.02,71.68
2026-03-19 19:00:00+00:00,71.68,72.69,71.68,72.6
2026-03-19 20:00:00+00:00,72.6,72.9,72.56,72.84
2026-03-19 21:00:00+00:00,72.83,72.87,72.62,72.72
2026-03-19 22:00:00+00:00,72.72,73.49,72.21,72.24
2026-03-19 23:00:00+00:00,72.24,72.72,72.07,72.59
2026-03-20 00:00:00+00:00,72.59,73.29,72.49,72.53
2026-03-20 01:00:00+00:00,72.52,74.56,72.32,73.84
2026-03-20 02:00:00+00:00,73.85,74.2,73.53,73.93
2026-03-20 03:00:00+00:00,73.93,74.5,73.86,74.25
2026-03-20 04:00:00+00:00,74.24,74.28,73.67,73.86
2026-03-20 05:00:00+00:00,73.86,73.86,72.39,72.56
2026-03-20 06:00:00+00:00,72.57,73.17,71.27,71.67
2026-03-20 07:00:00+00:00,71.66,73.08,71.51,73.05
2026-03-20 08:00:00+00:00,73.05,73.71,72.74,73.18
2026-03-20 09:00:00+00:00,73.18,73.33,71.74,71.82
2026-03-20 10:00:00+00:00,71.82,72.12,71.32,71.75
2026-03-20 11:00:00+00:00,71.74,72.48,71.54,72.27
2026-03-20 12:00:00+00:00,72.27,72.57,71.47,71.98
2026-03-20 13:00:00+00:00,71.98,72.35,70.07,70.36
2026-03-20 14:00:00+00:00,70.35,70.55,68.61,69.61
2026-03-20 15:00:00+00:00,69.61,70.43,68.96,69.39
2026-03-20 16:00:00+00:00,69.38,70.55,69.32,69.84
2026-03-20 17:00:00+00:00,69.85,70.32,69.11,69.72
2026-03-20 18:00:00+00:00,69.73,69.83,67.94,68.27
2026-03-20 19:00:00+00:00,68.28,68.67,67.81,68.02
2026-03-20 20:00:00+00:00,68.02,68.31,67.72,67.94
2026-03-20 21:00:00+00:00,67.92,68.1,67.87,68.05
2026-03-20 22:00:00+00:00,68.05,68.09,67.99,68.02
2026-03-20 23:00:00+00:00,68.02,68.02,67.89,67.93
2026-03-21 00:00:00+00:00,67.93,68.01,67.91,67.94
2026-03-21 01:00:00+00:00,67.94,68.04,67.92,68.03
2026-03-21 02:00:00+00:00,68.02,68.03,67.98,67.99
2026-03-21 03:00:00+00:00,67.99,68.01,67.98,67.99
2026-03-21 04:00:00+00:00,67.99,68.01,67.97,67.98
2026-03-21 05:00:00+00:00,67.99,68.0,67.97,67.99
2026-03-21 06:00:00+00:00,67.99,68.0,67.98,67.99
2026-03-21 07:00:00+00:00,67.99,67.99,67.97,67.97
2026-03-21 08:00:00+00:00,67.97,68.0,67.94,67.98
2026-03-21 09:00:00+00:00,67.99,68.01,67.97,67.98
2026-03-21 10:00:00+00:00,67.97,67.98,67.96,67.96
2026-03-21 11:00:00+00:00,67.96,67.97,67.96,67.96
2026-03-21 12:00:00+00:00,67.96,67.99,67.94,67.94
2026-03-21 13:00:00+00:00,67.94,67.99,67.94,67.96
2026-03-21 14:00:00+00:00,67.96,68.01,67.95,67.99
2026-03-21 15:00:00+00:00,67.98,68.0,67.95,67.99
2026-03-21 16:00:00+00:00,67.98,68.0,67.97,67.98
2026-03-21 17:00:00+00:00,67.99,68.0,67.96,67.97
2026-03-21 18:00:00+00:00,67.97,67.99,67.96,67.97
2026-03-21 19:00:00+00:00,67.97,68.0,67.96,67.97
2026-03-21 20:00:00+00:00,67.96,67.99,67.96,67.98
2026-03-21 21:00:00+00:00,67.97,68.0,67.97,67.98
2026-03-21 22:00:00+00:00,67.98,68.01,67.95,67.99
2026-03-21 23:00:00+00:00,67.98,68.0,67.91,67.92
2026-03-22 00:00:00+00:00,67.93,67.99,67.91,67.92
2026-03-22 01:00:00+00:00,67.93,67.94,67.89,67.91
2026-03-22 02:00:00+00:00,67.9,67.91,67.82,67.89
2026-03-22 03:00:00+00:00,67.89,67.95,67.87,67.94
2026-03-22 04:00:00+00:00,67.95,67.95,67.91,67.91
2026-03-22 05:00:00+00:00,67.92,67.92,67.86,67.89
2026-03-22 06:00:00+00:00,67.9,67.93,67.87,67.9
2026-03-22 07:00:00+00:00,67.89,67.96,67.89,67.93
2026-03-22 08:00:00+00:00,67.94,67.96,67.91,67.93
2026-03-22 09:00:00+00:00,67.93,67.97,67.92,67.97
2026-03-22 10:00:00+00:00,67.97,68.02,67.96,68.01
2026-03-22 11:00:00+00:00,68.01,68.03,67.84,67.86
2026-03-22 12:00:00+00:00,67.87,67.87,67.81,67.86
2026-03-22 13:00:00+00:00,67.87,67.96,67.86,67.89
2026-03-22 14:00:00+00:00,67.89,67.93,67.84,67.91
2026-03-22 15:00:00+00:00,67.91,67.93,67.86,67.88
2026-03-22 16:00:00+00:00,67.88,67.94,67.82,67.86
2026-03-22 17:00:00+00:00,67.86,67.9,67.71,67.72
2026-03-22 18:00:00+00:00,67.73,67.82,67.7,67.82
2026-03-22 19:00:00+00:00,67.82,67.85,67.77,67.82
2026-03-22 20:00:00+00:00,67.82,67.82,67.75,67.77
2026-03-22 21:00:00+00:00,67.77,67.78,67.7,67.73
2026-03-22 22:00:00+00:00,67.73,69.65,66.91,68.94
2026-03-22 23:00:00+00:00,68.95,69.21,67.7,68.18
2026-03-23 00:00:00+00:00,68.19,68.43,65.02,66.42
2026-03-23 01:00:00+00:00,66.42,68.06,65.59,66.23
2026-03-23 02:00:00+00:00,66.23,67.29,64.86,65.42
2026-03-23 03:00:00+00:00,65.42,65.87,64.75,65.37
2026-03-23 04:00:00+00:00,65.38,66.28,65.36,66.23
2026-03-23 05:00:00+00:00,66.22,66.71,63.53,64.06
2026-03-23 06:00:00+00:00,64.05,64.28,61.23,63.03
2026-03-23 07:00:00+00:00,63.03,63.88,61.25,63.88
2026-03-23 08:00:00+00:00,63.88,65.17,63.83,64.47
2026-03-23 09:00:00+00:00,64.47,64.87,63.32,63.59
2026-03-23 10:00:00+00:00,63.6,64.36,63.36,64.12
2026-03-23 11:00:00+00:00,64.13,69.4,64.13,67.3
2026-03-23 12:00:00+00:00,67.31,69.84,66.8,69.53
2026-03-23 13:00:00+00:00,69.52,69.65,67.46,69.01
2026-03-23 14:00:00+00:00,69.01,70.83,68.99,70.1
2026-03-23 15:00:00+00:00,70.1,70.62,67.52,67.94
2026-03-23 16:00:00+00:00,67.94,69.29,67.89,68.9
2026-03-23 17:00:00+00:00,68.91,69.87,68.82,69.62
2026-03-23 18:00:00+00:00,69.63,70.26,69.15,69.86
2026-03-23 19:00:00+00:00,69.85,69.89,68.98,69.04
2026-03-23 20:00:00+00:00,69.04,69.37,68.7,69.22
2026-03-23 21:00:00+00:00,69.21,69.42,69.1,69.25
2026-03-23 22:00:00+00:00,69.25,69.77,68.45,69.74
2026-03-23 23:00:00+00:00,69.73,70.24,69.54,69.87
2026-03-24 00:00:00+00:00,69.86,70.04,67.66,68.23
2026-03-24 01:00:00+00:00,68.23,68.71,66.56,66.96
2026-03-24 02:00:00+00:00,66.95,68.22,66.52,67.57
2026-03-24 03:00:00+00:00,67.56,67.68,66.66,67.01
2026-03-24 04:00:00+00:00,67.01,67.36,66.54,66.81
2026-03-24 05:00:00+00:00,66.81,67.78,66.02,67.57
2026-03-24 06:00:00+00:00,67.56,69.41,67.46,69.23
2026-03-24 07:00:00+00:00,69.22,70.56,69.13,70.12
2026-03-24 08:00:00+00:00,70.11,70.12,69.13,69.75
2026-03-24 09:00:00+00:00,69.76,70.25,69.18,70.17
2026-03-24 10:00:00+00:00,70.17,70.35,69.72,70.33
2026-03-24 11:00:00+00:00,70.33,70.43,68.6,70.11
2026-03-24 12:00:00+00:00,70.1,70.23,68.34,68.49
2026-03-24 13:00:00+00:00,68.49,68.98,67.72,68.51
2026-03-24 14:00:00+00:00,68.5,70.25,68.41,69.79
2026-03-24 15:00:00+00:00,69.78,70.4,69.61,69.63
2026-03-24 16:00:00+00:00,69.64,70.13,69.37,69.83
2026-03-24 17:00:00+00:00,69.82,69.99,68.79,69.41
2026-03-24 18:00:00+00:00,69.41,70.09,69.3,69.42
2026-03-24 19:00:00+00:00,69.41,70.08,69.4,69.61
2026-03-24 20:00:00+00:00,69.6,71.31,69.42,71.29
2026-03-24 21:00:00+00:00,71.28,71.39,71.03,71.23
2026-03-24 22:00:00+00:00,71.22,71.79,71.13,71.77
2026-03-24 23:00:00+00:00,71.76,73.1,71.43,72.96
2026-03-25 00:00:00+00:00,72.95,74.28,72.63,73.71
2026-03-25 01:00:00+00:00,73.71,74.58,73.54,73.92
2026-03-25 02:00:00+00:00,73.92,74.18,73.44,73.55
2026-03-25 03:00:00+00:00,73.55,73.68,73.17,73.44
2026-03-25 04:00:00+00:00,73.43,73.73,73.34,73.49
2026-03-25 05:00:00+00:00,73.5,73.57,72.81,73.16
2026-03-25 06:00:00+00:00,73.16,73.44,72.65,73.14
2026-03-25 07:00:00+00:00,73.13,73.45,72.92,72.96
2026-03-25 08:00:00+00:00,72.97,73.73,72.93,73.11
2026-03-25 09:00:00+00:00,73.11,73.39,72.05,72.72
2026-03-25 10:00:00+00:00,72.73,73.16,72.47,73.03
2026-03-25 11:00:00+00:00,73.03,73.46,72.94,73.24
2026-03-25 12:00:00+00:00,73.24,73.4,72.28,72.76
2026-03-25 13:00:00+00:00,72.77,73.34,72.16,72.34
2026-03-25 14:00:00+00:00,72.34,73.43,72.02,73.09
2026-03-25 15:00:00+00:00,73.09,73.26,71.78,72.6
2026-03-25 16:00:00+00:00,72.6,72.94,72.46,72.73
2026-03-25 17:00:00+00:00,72.72,72.77,72.32,72.44
2026-03-25 18:00:00+00:00,72.44,72.78,71.76,72.05
2026-03-25 19:00:00+00:00,72.04,72.08,71.31,72.07
2026-03-25 20:00:00+00:00,72.07,72.23,71.02,71.34
2026-03-25 21:00:00+00:00,71.34,71.48,71.24,71.45
2026-03-25 22:00:00+00:00,71.45,71.8,71.05,71.17
2026-03-25 23:00:00+00:00,71.18,71.23,70.43,70.7
2026-03-26 00:00:00+00:00,70.69,72.03,70.66,71.96
2026-03-26 01:00:00+00:00,71.96,72.14,71.2,71.88
2026-03-26 02:00:00+00:00,71.88,72.21,71.18,71.34
2026-03-26 03:00:00+00:00,71.34,71.88,71.22,71.74
2026-03-26 04:00:00+00:00,71.75,72.0,71.59,71.76
2026-03-26 05:00:00+00:00,71.76,71.82,69.39,69.41
2026-03-26 06:00:00+00:00,69.41,70.08,69.04,69.97
2026-03-26 07:00:00+00:00,69.98,70.05,69.12,69.4
2026-03-26 08:00:00+00:00,69.4,69.63,67.8,68.26
2026-03-26 09:00:00+00:00,68.26,68.32,67.66,68.07
2026-03-26 10:00:00+00:00,68.08,68.54,67.76,68.15
2026-03-26 11:00:00+00:00,68.15,68.43,66.98,67.35
2026-03-26 12:00:00+00:00,67.36,68.14,67.16,67.53
2026-03-26 13:00:00+00:00,67.52,69.36,67.4,69.27
2026-03-26 14:00:00+00:00,69.28,69.76,68.63,69.17
2026-03-26 15:00:00+00:00,69.18,69.36,68.4,68.56
2026-03-26 16:00:00+00:00,68.55,68.66,67.18,67.81
2026-03-26 17:00:00+00:00,67.82,68.19,67.25,67.38
2026-03-26 18:00:00+00:00,67.38,67.78,66.8,67.69
2026-03-26 19:00:00+00:00,67.69,67.85,67.05,67.25
2026-03-26 20:00:00+00:00,67.25,69.08,67.1,68.1
2026-03-26 21:00:00+00:00,68.11,68.37,68.1,68.23
2026-03-26 22:00:00+00:00,68.23,69.08,68.15,68.95
2026-03-26 23:00:00+00:00,68.94,69.06,68.41,68.7
2026-03-27 00:00:00+00:00,68.71,69.14,67.43,67.59
2026-03-27 01:00:00+00:00,67.59,68.76,67.48,68.68
2026-03-27 02:00:00+00:00,68.68,69.12,68.56,68.66
2026-03-27 03:00:00+00:00,68.65,69.63,68.41,69.4
2026-03-27 04:00:00+00:00,69.4,69.79,69.19,69.68
2026-03-27 05:00:00+00:00,69.68,70.42,69.53,69.57
2026-03-27 06:00:00+00:00,69.57,70.17,69.41,69.85
2026-03-27 07:00:00+00:00,69.84,69.9,69.49,69.58
2026-03-27 08:00:00+00:00,69.57,69.63,68.75,68.75
2026-03-27 09:00:00+00:00,68.75,69.13,68.57,68.62
2026-03-27 10:00:00+00:00,68.62,68.89,68.09,68.14
2026-03-27 11:00:00+00:00,68.15,68.36,67.7,67.84
2026-03-27 12:00:00+00:00,67.83,68.18,67.52,68.03
2026-03-27 13:00:00+00:00,68.03,68.57,67.56,67.99
2026-03-27 14:00:00+00:00,67.98,70.63,67.95,70.4
2026-03-27 15:00:00+00:00,70.41,71.65,70.25,70.83
2026-03-27 16:00:00+00:00,70.84,70.99,70.18,70.4
2026-03-27 17:00:00+00:00,70.4,70.53,69.47,69.59
2026-03-27 18:00:00+00:00,69.59,70.63,69.59,70.28
2026-03-27 19:00:00+00:00,70.27,70.52,69.69,70.07
2026-03-27 20:00:00+00:00,70.08,70.18,69.71,69.76
2026-03-27 21:00:00+00:00,69.77,69.88,69.75,69.84
2026-03-27 22:00:00+00:00,69.83,69.88,69.79,69.85
2026-03-27 23:00:00+00:00,69.85,69.88,69.81,69.83
2026-03-28 00:00:00+00:00,69.83,69.87,69.8,69.85
2026-03-28 01:00:00+00:00,69.85,69.85,69.77,69.8
2026-03-28 02:00:00+00:00,69.79,69.83,69.79,69.83
2026-03-28 03:00:00+00:00,69.83,69.87,69.81,69.86
2026-03-28 04:00:00+00:00,69.86,69.86,69.82,69.85
2026-03-28 05:00:00+00:00,69.84,69.87,69.83,69.86
2026-03-28 06:00:00+00:00,69.85,69.88,69.85,69.88
2026-03-28 07:00:00+00:00,69.88,69.88,69.85,69.86
2026-03-28 08:00:00+00:00,69.86,69.87,69.85,69.87
2026-03-28 09:00:00+00:00,69.87,69.88,69.85,69.86
2026-03-28 10:00:00+00:00,69.86,69.86,69.85,69.86
2026-03-28 11:00:00+00:00,69.86,69.86,69.85,69.86
2026-03-28 12:00:00+00:00,69.86,69.86,69.85,69.86
2026-03-28 13:00:00+00:00,69.86,69.87,69.85,69.87
2026-03-28 14:00:00+00:00,69.86,69.87,69.85,69.85
2026-03-28 15:00:00+00:00,69.86,69.87,69.84,69.84
2026-03-28 16:00:00+00:00,69.84,69.86,69.84,69.85
2026-03-28 17:00:00+00:00,69.85,69.86,69.84,69.86
2026-03-28 18:00:00+00:00,69.86,69.87,69.85,69.87
2026-03-28 19:00:00+00:00,69.86,69.87,69.85,69.86
2026-03-28 20:00:00+00:00,69.86,69.87,69.85,69.86
2026-03-28 21:00:00+00:00,69.85,69.87,69.85,69.85
2026-03-28 22:00:00+00:00,69.87,69.87,69.84,69.86
2026-03-28 23:00:00+00:00,69.86,69.86,69.84,69.85
2026-03-29 00:00:00+00:00,69.84,69.86,69.84,69.86
2026-03-29 01:00:00+00:00,69.85,69.86,69.84,69.86
2026-03-29 02:00:00+00:00,69.85,69.86,69.85,69.86
2026-03-29 03:00:00+00:00,69.86,69.87,69.8,69.82
2026-03-29 04:00:00+00:00,69.82,69.84,69.81,69.83
2026-03-29 05:00:00+00:00,69.83,69.83,69.82,69.83
2026-03-29 06:00:00+00:00,69.83,69.84,69.82,69.84
2026-03-29 07:00:00+00:00,69.84,69.84,69.81,69.81
2026-03-29 08:00:00+00:00,69.82,69.83,69.81,69.82
2026-03-29 09:00:00+00:00,69.81,69.85,69.81,69.84
2026-03-29 10:00:00+00:00,69.85,69.85,69.82,69.82
2026-03-29 11:00:00+00:00,69.83,69.83,69.82,69.82
2026-03-29 12:00:00+00:00,69.83,69.87,69.82,69.87
2026-03-29 13:00:00+00:00,69.86,69.88,69.84,69.86
2026-03-29 14:00:00+00:00,69.86,69.88,69.85,69.86
2026-03-29 15:00:00+00:00,69.86,69.87,69.85,69.86
2026-03-29 16:00:00+00:00,69.85,70.05,69.85,69.93
2026-03-29 17:00:00+00:00,69.94,69.96,69.86,69.87
2026-03-29 18:00:00+00:00,69.86,69.87,69.86,69.86
2026-03-29 19:00:00+00:00,69.86,69.87,69.8,69.84
2026-03-29 20:00:00+00:00,69.83,69.91,69.83,69.88
2026-03-29 21:00:00+00:00,69.88,70.0,69.86,69.97
2026-03-29 22:00:00+00:00,69.97,69.97,67.94,68.68
2026-03-29 23:00:00+00:00,68.67,68.88,67.72,68.13
2026-03-30 00:00:00+00:00,68.14,69.0,67.81,68.42
2026-03-30 01:00:00+00:00,68.42,69.37,68.29,68.81
2026-03-30 02:00:00+00:00,68.81,69.43,68.55,69.16
2026-03-30 03:00:00+00:00,69.17,70.51,69.12,69.82
2026-03-30 04:00:00+00:00,69.83,70.19,69.73,70.14
2026-03-30 05:00:00+00:00,70.15,70.77,70.08,70.56
2026-03-30 06:00:00+00:00,70.57,70.88,70.38,70.43
2026-03-30 07:00:00+00:00,70.42,70.59,70.02,70.59
2026-03-30 08:00:00+00:00,70.58,71.05,70.27,70.91
2026-03-30 09:00:00+00:00,70.91,71.28,70.56,71.09
2026-03-30 10:00:00+00:00,71.1,71.12,70.66,70.75
2026-03-30 11:00:00+00:00,70.76,71.71,70.6,71.31
2026-03-30 12:00:00+00:00,71.32,71.63,70.95,71.36
2026-03-30 13:00:00+00:00,71.37,71.88,70.06,70.28
2026-03-30 14:00:00+00:00,70.27,71.04,70.26,70.98
2026-03-30 15:00:00+00:00,70.98,71.31,70.68,71.08
2026-03-30 16:00:00+00:00,71.07,71.09,70.56,70.61
2026-03-30 17:00:00+00:00,70.61,70.72,70.32,70.45
2026-03-30 18:00:00+00:00,70.45,70.62,69.91,69.97
2026-03-30 19:00:00+00:00,69.96,70.3,69.66,70.22
2026-03-30 20:00:00+00:00,70.22,70.24,69.9,70.12
2026-03-30 21:00:00+00:00,70.12,70.26,70.07,70.13
2026-03-30 22:00:00+00:00,70.14,70.52,69.93,69.99
2026-03-30 23:00:00+00:00,69.98,70.07,69.56,69.98
2026-03-31 00:00:00+00:00,69.98,70.77,69.06,70.72
2026-03-31 01:00:00+00:00,70.73,73.57,70.52,72.97
2026-03-31 02:00:00+00:00,72.97,72.99,71.94,72.01
2026-03-31 03:00:00+00:00,72.0,72.45,71.91,72.04
2026-03-31 04:00:00+00:00,72.04,72.33,72.03,72.23
2026-03-31 05:00:00+00:00,72.23,72.58,71.6,72.21
2026-03-31 06:00:00+00:00,72.21,72.26,71.81,72.12
2026-03-31 07:00:00+00:00,72.12,73.16,71.68,73.12
2026-03-31 08:00:00+00:00,73.11,73.33,72.87,73.13
2026-03-31 09:00:00+00:00,73.13,73.37,72.72,72.83
2026-03-31 10:00:00+00:00,72.82,73.18,72.32,72.66
2026-03-31 11:00:00+00:00,72.66,73.38,72.56,73.18
2026-03-31 12:00:00+00:00,73.18,73.59,72.68,72.89
2026-03-31 13:00:00+00:00,72.89,73.58,72.55,73.4
2026-03-31 14:00:00+00:00,73.4,74.19,72.99,73.17
2026-03-31 15:00:00+00:00,73.17,73.98,73.17,73.71
2026-03-31 16:00:00+00:00,73.71,75.15,73.64,74.65
2026-03-31 17:00:00+00:00,74.66,75.26,74.51,74.85
2026-03-31 18:00:00+00:00,74.84,75.23,74.83,74.99
2026-03-31 19:00:00+00:00,74.98,75.36,74.83,75.31
2026-03-31 20:00:00+00:00,75.31,75.38,75.0,75.07
2026-03-31 21:00:00+00:00,75.07,75.23,74.9,75.11
2026-03-31 22:00:00+00:00,75.1,75.7,75.06,75.28
2026-03-31 23:00:00+00:00,75.29,75.32,74.79,74.93
2026-04-01 00:00:00+00:00,74.93,75.26,74.71,75.18
2026-04-01 01:00:00+00:00,75.18,75.65,74.3,74.59
2026-04-01 02:00:00+00:00,74.6,74.87,73.97,74.06
2026-04-01 03:00:00+00:00,74.05,74.33,74.05,74.1
2026-04-01 04:00:00+00:00,74.1,74.38,73.83,74.22
2026-04-01 05:00:00+00:00,74.23,74.84,74.03,74.15
2026-04-01 06:00:00+00:00,74.15,75.4,74.13,75.35
2026-04-01 07:00:00+00:00,75.36,75.39,73.93,74.02
2026-04-01 08:00:00+00:00,74.02,74.69,73.97,74.44
2026-04-01 09:00:00+00:00,74.45,74.63,74.14,74.47
2026-04-01 10:00:00+00:00,74.47,74.93,74.31,74.88
2026-04-01 11:00:00+00:00,74.88,75.47,74.78,75.15
2026-04-01 12:00:00+00:00,75.14,75.49,74.65,74.7
2026-04-01 13:00:00+00:00,74.7,75.42,74.43,74.72
2026-04-01 14:00:00+00:00,74.71,75.5,74.44,75.38
2026-04-01 15:00:00+00:00,75.39,75.83,75.27,75.69
2026-04-01 16:00:00+00:00,75.68,75.86,75.41,75.84
2026-04-01 17:00:00+00:00,75.84,76.1,75.75,75.85
2026-04-01 18:00:00+00:00,75.85,75.87,74.91,75.18
2026-04-01 19:00:00+00:00,75.18,75.64,75.13,75.22
2026-04-01 20:00:00+00:00,75.23,75.36,74.98,75.07
2026-04-01 21:00:00+00:00,75.06,75.18,74.95,75.12
2026-04-01 22:00:00+00:00,75.12,75.42,74.5,75.3
2026-04-01 23:00:00+00:00,75.31,75.82,75.24,75.33
2026-04-02 00:00:00+00:00,75.32,75.87,75.23,75.54
2026-04-02 01:00:00+00:00,75.53,75.57,72.31,73.04
2026-04-02 02:00:00+00:00,73.03,73.16,71.6,72.33
2026-04-02 03:00:00+00:00,72.32,72.48,72.0,72.16
2026-04-02 04:00:00+00:00,72.16,72.25,71.6,72.02
2026-04-02 05:00:00+00:00,72.02,72.1,70.33,70.77
2026-04-02 06:00:00+00:00,70.77,70.91,69.72,70.74
2026-04-02 07:00:00+00:00,70.73,71.6,70.66,71.59
2026-04-02 08:00:00+00:00,71.58,71.76,71.21,71.23
2026-04-02 09:00:00+00:00,71.23,71.55,71.04,71.07
2026-04-02 10:00:00+00:00,71.07,71.33,70.62,70.91
2026-04-02 11:00:00+00:00,70.92,71.14,70.26,70.65
2026-04-02 12:00:00+00:00,70.65,71.04,70.1,70.14
2026-04-02 13:00:00+00:00,70.13,71.52,69.57,71.42
2026-04-02 14:00:00+00:00,71.43,73.19,71.13,72.65
2026-04-02 15:00:00+00:00,72.65,72.72,71.64,71.93
2026-04-02 16:00:00+00:00,71.92,72.61,71.68,72.37
2026-04-02 17:00:00+00:00,72.37,72.91,72.24,72.3
2026-04-02 18:00:00+00:00,72.31,72.82,72.31,72.74
2026-04-02 19:00:00+00:00,72.74,72.97,72.4,72.68
2026-04-02 20:00:00+00:00,72.68,73.03,72.62,73.0
2026-04-02 21:00:00+00:00,73.0,73.04,72.86,72.93
2026-04-02 22:00:00+00:00,72.92,72.99,72.88,72.91
2026-04-02 23:00:00+00:00,72.91,72.98,72.91,72.93
2026-04-03 00:00:00+00:00,72.93,72.97,72.93,72.96
2026-04-03 01:00:00+00:00,72.97,73.0,72.93,72.99
2026-04-03 02:00:00+00:00,72.99,73.02,72.97,72.98
2026-04-03 03:00:00+00:00,72.99,73.06,72.96,73.02
2026-04-03 04:00:00+00:00,73.02,73.03,73.0,73.01
2026-04-03 05:00:00+00:00,73.0,73.02,72.93,72.95
2026-04-03 06:00:00+00:00,72.95,72.98,72.92,72.95
2026-04-03 07:00:00+00:00,72.96,73.0,72.95,72.95
2026-04-03 08:00:00+00:00,72.96,72.97,72.94,72.96
2026-04-03 09:00:00+00:00,72.96,72.98,72.94,72.94
2026-04-03 10:00:00+00:00,72.94,72.96,72.94,72.95
2026-04-03 11:00:00+00:00,72.96,72.99,72.95,72.98
2026-04-03 12:00:00+00:00,72.98,73.02,72.92,72.94
2026-04-03 13:00:00+00:00,72.95,72.96,72.93,72.95
2026-04-03 14:00:00+00:00,72.96,72.98,72.94,72.95
2026-04-03 15:00:00+00:00,72.95,72.96,72.94,72.96
2026-04-03 16:00:00+00:00,72.96,72.96,72.94,72.95
2026-04-03 17:00:00+00:00,72.95,72.96,72.94,72.95
2026-04-03 18:00:00+00:00,72.95,72.96,72.94,72.95
2026-04-03 19:00:00+00:00,72.96,72.96,72.94,72.96
2026-04-03 20:00:00+00:00,72.96,72.96,72.93,72.95
2026-04-03 21:00:00+00:00,72.94,72.97,72.94,72.97
2026-04-03 22:00:00+00:00,72.97,72.97,72.94,72.96
2026-04-03 23:00:00+00:00,72.96,72.97,72.95,72.96
2026-04-04 00:00:00+00:00,72.97,72.97,72.94,72.95
2026-04-04 01:00:00+00:00,72.96,72.97,72.95,72.97
2026-04-04 02:00:00+00:00,72.97,72.97,72.96,72.97
2026-04-04 03:00:00+00:00,72.97,72.97,72.95,72.96
2026-04-04 04:00:00+00:00,72.97,72.98,72.96,72.98
2026-04-04 05:00:00+00:00,72.98,72.98,72.97,72.98
2026-04-04 06:00:00+00:00,72.98,72.98,72.97,72.98
2026-04-04 07:00:00+00:00,72.98,72.99,72.97,72.99
2026-04-04 08:00:00+00:00,72.98,72.99,72.95,72.97
2026-04-04 09:00:00+00:00,72.97,72.98,72.96,72.98
2026-04-04 10:00:00+00:00,72.98,72.98,72.97,72.98
2026-04-04 11:00:00+00:00,72.98,72.99,72.97,72.98
2026-04-04 12:00:00+00:00,72.97,72.98,72.97,72.98
2026-04-04 13:00:00+00:00,72.97,72.98,72.97,72.98
2026-04-04 14:00:00+00:00,72.98,72.98,72.93,72.96
2026-04-04 15:00:00+00:00,72.96,72.97,72.95,72.96
2026-04-04 16:00:00+00:00,72.96,72.98,72.95,72.96
2026-04-04 17:00:00+00:00,72.97,72.97,72.95,72.96
2026-04-04 18:00:00+00:00,72.97,72.97,72.96,72.97
2026-04-04 19:00:00+00:00,72.97,72.98,72.96,72.96
2026-04-04 20:00:00+00:00,72.97,72.97,72.95,72.96
2026-04-04 21:00:00+00:00,72.97,72.97,72.95,72.96
2026-04-04 22:00:00+00:00,72.96,72.96,72.95,72.95
2026-04-04 23:00:00+00:00,72.96,72.96,72.94,72.95
2026-04-05 00:00:00+00:00,72.96,72.96,72.93,72.94
2026-04-05 01:00:00+00:00,72.94,72.94,72.92,72.94
2026-04-05 02:00:00+00:00,72.93,72.94,72.93,72.94
2026-04-05 03:00:00+00:00,72.94,72.94,72.92,72.93
2026-04-05 04:00:00+00:00,72.94,72.94,72.91,72.92
2026-04-05 05:00:00+00:00,72.92,72.93,72.91,72.92
2026-04-05 06:00:00+00:00,72.92,72.93,72.92,72.92
2026-04-05 07:00:00+00:00,72.93,72.93,72.92,72.92
2026-04-05 08:00:00+00:00,72.92,72.93,72.91,72.92
2026-04-05 09:00:00+00:00,72.92,72.92,72.82,72.85
2026-04-05 10:00:00+00:00,72.85,72.85,72.76,72.79
2026-04-05 11:00:00+00:00,72.8,72.84,72.74,72.83
2026-04-05 12:00:00+00:00,72.83,72.83,72.47,72.57
2026-04-05 13:00:00+00:00,72.57,72.76,72.57,72.75
2026-04-05 14:00:00+00:00,72.75,72.97,72.74,72.93
2026-04-05 15:00:00+00:00,72.94,72.99,72.88,72.91
2026-04-05 16:00:00+00:00,72.91,72.92,72.72,72.78
2026-04-05 17:00:00+00:00,72.77,72.79,72.67,72.71
2026-04-05 18:00:00+00:00,72.71,72.81,72.57,72.6
2026-04-05 19:00:00+00:00,72.61,72.76,72.6,72.68
2026-04-05 20:00:00+00:00,72.68,72.68,72.01,72.39
2026-04-05 21:00:00+00:00,72.38,72.48,71.95,72.4
2026-04-05 22:00:00+00:00,72.4,72.72,71.26,72.16
2026-04-05 23:00:00+00:00,72.16,72.34,71.62,71.79
2026-04-06 00:00:00+00:00,71.8,72.62,71.71,72.36
2026-04-06 01:00:00+00:00,72.36,72.58,71.92,72.03
2026-04-06 02:00:00+00:00,72.03,73.25,71.83,72.41
2026-04-06 03:00:00+00:00,72.41,72.41,71.81,72.07
2026-04-06 04:00:00+00:00,72.06,72.5,72.06,72.5
2026-04-06 05:00:00+00:00,72.5,72.82,72.24,72.27
2026-04-06 06:00:00+00:00,72.27,72.59,71.98,72.57
2026-04-06 07:00:00+00:00,72.57,72.67,71.81,72.54
2026-04-06 08:00:00+00:00,72.54,73.22,72.5,73.19
2026-04-06 09:00:00+00:00,73.19,73.63,73.04,73.1
2026-04-06 10:00:00+00:00,73.11,73.4,72.98,73.3
2026-04-06 11:00:00+00:00,73.3,73.6,73.17,73.33
2026-04-06 12:00:00+00:00,73.33,73.61,72.87,73.13
2026-04-06 13:00:00+00:00,73.14,73.23,72.31,72.77
2026-04-06 14:00:00+00:00,72.76,73.12,72.23,72.82
2026-04-06 15:00:00+00:00,72.83,72.87,72.1,72.65
2026-04-06 16:00:00+00:00,72.66,72.85,72.59,72.62
2026-04-06 17:00:00+00:00,72.62,73.06,72.19,72.7
2026-04-06 18:00:00+00:00,72.71,73.22,72.59,73.2
2026-04-06 19:00:00+00:00,73.19,73.24,72.93,73.06
2026-04-06 20:00:00+00:00,73.06,73.1,72.81,72.83
2026-04-06 21:00:00+00:00,72.83,72.89,72.74,72.87
2026-04-06 22:00:00+00:00,72.88,73.3,72.83,72.99
2026-04-06 23:00:00+00:00,73.0,73.13,72.72,72.89
2026-04-07 00:00:00+00:00,72.88,73.12,72.57,72.58
2026-04-07 01:00:00+00:00,72.57,73.17,71.57,72.16
2026-04-07 02:00:00+00:00,72.16,72.73,71.88,72.65
2026-04-07 03:00:00+00:00,72.65,72.8,72.21,72.73
2026-04-07 04:00:00+00:00,72.73,73.34,72.55,73.15
2026-04-07 05:00:00+00:00,73.16,73.18,71.86,72.35
2026-04-07 06:00:00+00:00,72.35,72.55,72.23,72.34
2026-04-07 07:00:00+00:00,72.34,72.59,71.94,72.33
2026-04-07 08:00:00+00:00,72.33,73.07,72.3,72.92
2026-04-07 09:00:00+00:00,72.92,73.22,72.5,72.78
2026-04-07 10:00:00+00:00,72.78,72.9,72.02,72.19
2026-04-07 11:00:00+00:00,72.19,72.29,71.77,72.2
2026-04-07 12:00:00+00:00,72.21,72.51,71.54,71.93
2026-04-07 13:00:00+00:00,71.94,72.37,71.23,71.29
2026-04-07 14:00:00+00:00,71.29,71.31,69.83,70.64
2026-04-07 15:00:00+00:00,70.63,71.53,70.4,71.49
2026-04-07 16:00:00+00:00,71.5,71.86,71.38,71.62
2026-04-07 17:00:00+00:00,71.61,72.39,71.59,72.14
2026-04-07 18:00:00+00:00,72.14,72.27,71.37,71.43
2026-04-07 19:00:00+00:00,71.44,73.14,71.36,72.89
2026-04-07 20:00:00+00:00,72.9,73.16,72.78,73.03
2026-04-07 21:00:00+00:00,73.03,73.27,72.97,73.2
2026-04-07 22:00:00+00:00,73.2,76.4,73.19,76.4
2026-04-07 23:00:00+00:00,76.4,77.06,76.06,76.59
2026-04-08 00:00:00+00:00,76.59,77.25,76.04,76.66
2026-04-08 01:00:00+00:00,76.65,77.0,76.02,76.56
2026-04-08 02:00:00+00:00,76.56,76.76,76.29,76.4
2026-04-08 03:00:00+00:00,76.41,76.44,76.11,76.28
2026-04-08 04:00:00+00:00,76.29,76.69,76.29,76.65
2026-04-08 05:00:00+00:00,76.64,77.53,76.55,77.27
2026-04-08 06:00:00+00:00,77.27,77.63,77.16,77.19
2026-04-08 07:00:00+00:00,77.18,77.21,76.95,76.99
2026-04-08 08:00:00+00:00,76.99,77.05,76.57,76.92
2026-04-08 09:00:00+00:00,76.92,77.22,76.65,76.72
2026-04-08 10:00:00+00:00,76.72,77.02,76.63,76.83
2026-04-08 11:00:00+00:00,76.82,77.47,76.73,77.29
2026-04-08 12:00:00+00:00,77.3,77.5,76.48,77.47
2026-04-08 13:00:00+00:00,77.46,77.65,76.3,76.5
2026-04-08 14:00:00+00:00,76.49,76.68,74.73,74.9
2026-04-08 15:00:00+00:00,74.91,75.67,74.84,75.53
2026-04-08 16:00:00+00:00,75.54,75.79,75.21,75.55
2026-04-08 17:00:00+00:00,75.56,75.58,75.17,75.2
2026-04-08 18:00:00+00:00,75.21,75.43,73.63,73.68
2026-04-08 19:00:00+00:00,73.67,74.61,73.53,74.61
2026-04-08 20:00:00+00:00,74.6,74.69,74.11,74.2
2026-04-08 21:00:00+00:00,74.2,74.23,74.0,74.12
2026-04-08 22:00:00+00:00,74.12,74.28,73.61,74.15
2026-04-08 23:00:00+00:00,74.15,74.15,73.55,73.78
2026-04-09 00:00:00+00:00,73.79,74.05,73.43,73.57
2026-04-09 01:00:00+00:00,73.56,73.93,72.96,73.87
2026-04-09 02:00:00+00:00,73.87,74.41,73.74,73.82
2026-04-09 03:00:00+00:00,73.82,74.08,73.7,74.04
2026-04-09 04:00:00+00:00,74.04,74.25,73.94,74.09
2026-04-09 05:00:00+00:00,74.09,74.21,73.77,73.98
2026-04-09 06:00:00+00:00,73.97,74.14,73.78,73.98
2026-04-09 07:00:00+00:00,73.99,74.29,73.66,74.1
2026-04-09 08:00:00+00:00,74.11,74.22,73.89,74.09
2026-04-09 09:00:00+00:00,74.08,74.19,73.86,74.11
2026-04-09 10:00:00+00:00,74.12,74.28,73.92,74.06
2026-04-09 11:00:00+00:00,74.06,74.65,74.05,74.62
2026-04-09 12:00:00+00:00,74.62,74.77,74.16,74.43
2026-04-09 13:00:00+00:00,74.44,75.39,74.24,75.05
2026-04-09 14:00:00+00:00,75.06,75.35,74.27,74.87
2026-04-09 15:00:00+00:00,74.87,76.03,74.66,75.85
2026-04-09 16:00:00+00:00,75.85,76.29,75.84,75.98
2026-04-09 17:00:00+00:00,75.98,76.67,75.98,76.53
2026-04-09 18:00:00+00:00,76.52,76.54,75.65,75.8
2026-04-09 19:00:00+00:00,75.8,76.08,75.58,75.63
2026-04-09 20:00:00+00:00,75.63,75.78,75.31,75.43
2026-04-09 21:00:00+00:00,75.43,75.73,75.38,75.64
2026-04-09 22:00:00+00:00,75.64,75.75,75.25,75.43
2026-04-09 23:00:00+00:00,75.43,75.49,75.26,75.44
2026-04-10 00:00:00+00:00,75.44,75.52,74.98,75.48
2026-04-10 01:00:00+00:00,75.48,75.96,75.46,75.55
2026-04-10 02:00:00+00:00,75.55,75.64,74.93,75.61
2026-04-10 03:00:00+00:00,75.61,75.97,75.6,75.89
2026-04-10 04:00:00+00:00,75.9,75.97,75.76,75.8
2026-04-10 05:00:00+00:00,75.8,76.21,75.79,76.03
2026-04-10 06:00:00+00:00,76.02,76.02,75.36,75.39
2026-04-10 07:00:00+00:00,75.38,75.7,75.27,75.38
2026-04-10 08:00:00+00:00,75.38,75.43,74.84,74.94
2026-04-10 09:00:00+00:00,74.94,75.57,74.94,75.46
2026-04-10 10:00:00+00:00,75.46,75.68,75.22,75.62
2026-04-10 11:00:00+00:00,75.62,75.72,75.47,75.68
2026-04-10 12:00:00+00:00,75.69,76.16,75.54,75.92
2026-04-10 13:00:00+00:00,75.92,76.48,75.83,76.35
2026-04-10 14:00:00+00:00,76.36,76.88,76.05,76.34
2026-04-10 15:00:00+00:00,76.35,76.72,75.85,76.01
2026-04-10 16:00:00+00:00,76.01,76.3,75.75,76.27
2026-04-10 17:00:00+00:00,76.28,76.45,76.12,76.29
2026-04-10 18:00:00+00:00,76.3,76.55,76.06,76.42
2026-04-10 19:00:00+00:00,76.41,76.51,76.32,76.39
2026-04-10 20:00:00+00:00,76.38,76.41,75.93,76.01
2026-04-10 21:00:00+00:00,76.0,76.05,75.87,75.89
2026-04-10 22:00:00+00:00,75.89,75.93,75.87,75.93
2026-04-10 23:00:00+00:00,75.92,75.95,75.92,75.94
2026-04-11 00:00:00+00:00,75.93,75.94,75.91,75.94
2026-04-11 01:00:00+00:00,75.93,75.95,75.92,75.93
2026-04-11 02:00:00+00:00,75.93,75.94,75.92,75.94
2026-04-11 03:00:00+00:00,75.94,75.94,75.93,75.93
2026-04-11 04:00:00+00:00,75.94,75.94,75.92,75.93
2026-04-11 05:00:00+00:00,75.93,75.93,75.92,75.92
2026-04-11 06:00:00+00:00,75.93,75.94,75.92,75.93
2026-04-11 07:00:00+00:00,75.94,75.94,75.92,75.93
2026-04-11 08:00:00+00:00,75.92,75.93,75.92,75.92
2026-04-11 09:00:00+00:00,75.93,75.94,75.91,75.94
2026-04-11 10:00:00+00:00,75.94,75.94,75.93,75.94
2026-04-11 11:00:00+00:00,75.94,75.94,75.93,75.93
2026-04-11 12:00:00+00:00,75.94,75.94,75.93,75.93
2026-04-11 13:00:00+00:00,75.94,75.94,75.93,75.94
2026-04-11 14:00:00+00:00,75.93,75.95,75.93,75.95
2026-04-11 15:00:00+00:00,75.94,75.95,75.93,75.94
2026-04-11 16:00:00+00:00,75.93,75.94,75.91,75.92
2026-04-11 17:00:00+00:00,75.92,75.94,75.92,75.92
2026-04-11 18:00:00+00:00,75.93,75.94,75.92,75.94
2026-04-11 19:00:00+00:00,75.93,75.98,75.92,75.98
2026-04-11 20:00:00+00:00,75.98,75.98,75.92,75.93
2026-04-11 21:00:00+00:00,75.94,75.95,75.93,75.94
2026-04-11 22:00:00+00:00,75.94,75.94,75.91,75.93
2026-04-11 23:00:00+00:00,75.93,75.94,75.91,75.93
2026-04-12 00:00:00+00:00,75.92,75.94,75.91,75.92
2026-04-12 01:00:00+00:00,75.93,75.94,75.69,75.74
2026-04-12 02:00:00+00:00,75.74,75.84,75.61,75.78
2026-04-12 03:00:00+00:00,75.78,75.85,75.6,75.81
2026-04-12 04:00:00+00:00,75.81,75.83,75.76,75.77
2026-04-12 05:00:00+00:00,75.78,75.79,75.75,75.77
2026-04-12 06:00:00+00:00,75.77,75.79,75.75,75.76
2026-04-12 07:00:00+00:00,75.76,75.81,75.73,75.8
2026-04-12 08:00:00+00:00,75.79,75.8,75.74,75.79
2026-04-12 09:00:00+00:00,75.79,75.79,75.75,75.76
2026-04-12 10:00:00+00:00,75.76,75.76,75.74,75.76
2026-04-12 11:00:00+00:00,75.75,75.77,75.74,75.77
2026-04-12 12:00:00+00:00,75.76,75.77,75.57,75.57
2026-04-12 13:00:00+00:00,75.57,75.58,75.19,75.26
2026-04-12 14:00:00+00:00,75.25,75.62,75.23,75.57
2026-04-12 15:00:00+00:00,75.57,75.6,75.33,75.57
2026-04-12 16:00:00+00:00,75.57,75.57,75.29,75.38
2026-04-12 17:00:00+00:00,75.37,75.39,75.28,75.32
2026-04-12 18:00:00+00:00,75.32,75.37,75.22,75.25
2026-04-12 19:00:00+00:00,75.25,75.43,75.24,75.38
2026-04-12 20:00:00+00:00,75.37,75.37,74.75,74.87
2026-04-12 21:00:00+00:00,74.87,74.9,74.56,74.69
2026-04-12 22:00:00+00:00,74.7,74.86,72.81,73.7
2026-04-12 23:00:00+00:00,73.71,74.07,73.03,73.94
2026-04-13 00:00:00+00:00,73.93,74.59,73.77,74.54
2026-04-13 01:00:00+00:00,74.54,74.81,74.25,74.41
2026-04-13 02:00:00+00:00,74.41,74.55,74.04,74.36
2026-04-13 03:00:00+00:00,74.36,74.57,74.14,74.45
2026-04-13 04:00:00+00:00,74.46,74.53,74.23,74.51
2026-04-13 05:00:00+00:00,74.5,74.7,74.26,74.7
2026-04-13 06:00:00+00:00,74.7,74.74,74.4,74.46
2026-04-13 07:00:00+00:00,74.47,74.83,74.37,74.74
2026-04-13 08:00:00+00:00,74.74,74.91,74.39,74.43
2026-04-13 09:00:00+00:00,74.43,74.57,74.26,74.4
2026-04-13 10:00:00+00:00,74.39,74.45,74.15,74.42
2026-04-13 11:00:00+00:00,74.43,74.56,74.02,74.07
2026-04-13 12:00:00+00:00,74.07,74.34,73.7,73.95
2026-04-13 13:00:00+00:00,73.95,74.51,73.64,74.31
2026-04-13 14:00:00+00:00,74.31,74.35,73.83,74.15
2026-04-13 15:00:00+00:00,74.15,74.23,73.78,74.15
2026-04-13 16:00:00+00:00,74.16,75.92,74.06,75.38
2026-04-13 17:00:00+00:00,75.38,75.67,75.19,75.24
2026-04-13 18:00:00+00:00,75.24,75.63,74.97,75.56
2026-04-13 19:00:00+00:00,75.55,75.7,75.37,75.53
2026-04-13 20:00:00+00:00,75.52,75.64,75.44,75.6
2026-04-13 21:00:00+00:00,75.6,75.62,75.47,75.59
2026-04-13 22:00:00+00:00,75.58,75.9,75.58,75.89
2026-04-13 23:00:00+00:00,75.89,76.08,75.71,75.77
2026-04-14 00:00:00+00:00,75.77,76.16,75.44,75.99
2026-04-14 01:00:00+00:00,75.99,76.34,75.79,75.85
2026-04-14 02:00:00+00:00,75.85,76.78,75.82,76.71
2026-04-14 03:00:00+00:00,76.72,77.05,76.6,76.93
2026-04-14 04:00:00+00:00,76.93,77.22,76.83,77.18
2026-04-14 05:00:00+00:00,77.18,77.19,76.54,76.71
2026-04-14 06:00:00+00:00,76.7,77.54,76.7,77.54
2026-04-14 07:00:00+00:00,77.55,78.03,77.44,77.74
2026-04-14 08:00:00+00:00,77.73,78.11,77.59,78.1
2026-04-14 09:00:00+00:00,78.11,78.17,77.65,77.78
2026-04-14 10:00:00+00:00,77.78,77.95,77.36,77.54
2026-04-14 11:00:00+00:00,77.54,77.76,77.36,77.6
2026-04-14 12:00:00+00:00,77.61,77.82,77.22,77.55
2026-04-14 13:00:00+00:00,77.55,78.41,77.51,78.33
2026-04-14 14:00:00+00:00,78.32,79.39,78.32,79.1
2026-04-14 15:00:00+00:00,79.1,79.3,78.6,79.13
2026-04-14 16:00:00+00:00,79.13,79.56,79.06,79.1
2026-04-14 17:00:00+00:00,79.1,79.63,79.06,79.36
2026-04-14 18:00:00+00:00,79.36,79.38,78.97,79.28
2026-04-14 19:00:00+00:00,79.27,79.62,79.22,79.57
2026-04-14 20:00:00+00:00,79.57,79.69,79.48,79.49
2026-04-14 21:00:00+00:00,79.49,79.66,79.41,79.61
2026-04-14 22:00:00+00:00,79.6,79.7,79.32,79.35
2026-04-14 23:00:00+00:00,79.36,79.82,79.33,79.52
2026-04-15 00:00:00+00:00,79.52,79.74,79.33,79.71
2026-04-15 01:00:00+00:00,79.72,80.76,79.42,80.53
2026-04-15 02:00:00+00:00,80.52,81.03,79.87,79.96
2026-04-15 03:00:00+00:00,79.96,80.22,79.8,79.91
2026-04-15 04:00:00+00:00,79.91,80.03,79.71,79.85
2026-04-15 05:00:00+00:00,79.85,79.99,79.06,79.45
2026-04-15 06:00:00+00:00,79.46,79.64,79.19,79.23
2026-04-15 07:00:00+00:00,79.23,79.51,79.11,79.26
2026-04-15 08:00:00+00:00,79.25,79.38,79.05,79.34
2026-04-15 09:00:00+00:00,79.33,79.4,78.25,78.5
2026-04-15 10:00:00+00:00,78.5,78.85,78.4,78.79
2026-04-15 11:00:00+00:00,78.78,79.14,78.54,79.08
2026-04-15 12:00:00+00:00,79.08,79.14,78.59,78.64
2026-04-15 13:00:00+00:00,78.65,80.03,78.64,80.03
2026-04-15 14:00:00+00:00,80.03,80.55,79.89,80.02
2026-04-15 15:00:00+00:00,80.02,80.03,78.84,79.34
2026-04-15 16:00:00+00:00,79.34,79.71,79.13,79.33
2026-04-15 17:00:00+00:00,79.33,79.56,79.07,79.11
2026-04-15 18:00:00+00:00,79.12,79.42,79.04,79.34
2026-04-15 19:00:00+00:00,79.34,79.57,79.26,79.43
2026-04-15 20:00:00+00:00,79.44,79.46,78.93,79.02
2026-04-15 21:00:00+00:00,79.02,79.09,78.88,79.01
2026-04-15 22:00:00+00:00,79.02,79.45,78.98,79.4
2026-04-15 23:00:00+00:00,79.4,79.63,79.38,79.52
2026-04-16 00:00:00+00:00,79.53,80.3,79.53,80.17
2026-04-16 01:00:00+00:00,80.17,80.53,79.96,80.12
2026-04-16 02:00:00+00:00,80.13,80.45,79.98,80.37
2026-04-16 03:00:00+00:00,80.37,80.64,80.31,80.37
2026-04-16 04:00:00+00:00,80.37,80.67,80.31,80.67
2026-04-16 05:00:00+00:00,80.67,80.86,80.33,80.4
2026-04-16 06:00:00+00:00,80.4,80.59,80.19,80.34
2026-04-16 07:00:00+00:00,80.34,80.45,80.06,80.12
2026-04-16 08:00:00+00:00,80.12,80.17,79.65,79.78
2026-04-16 09:00:00+00:00,79.79,79.9,79.47,79.59
2026-04-16 10:00:00+00:00,79.6,79.85,79.43,79.82
2026-04-16 11:00:00+00:00,79.82,79.85,79.48,79.71
2026-04-16 12:00:00+00:00,79.72,79.75,79.03,79.27
2026-04-16 13:00:00+00:00,79.27,79.79,78.28,78.7
2026-04-16 14:00:00+00:00,78.69,78.93,78.12,78.55
2026-04-16 15:00:00+00:00,78.54,79.18,78.53,78.96
2026-04-16 16:00:00+00:00,78.97,79.06,78.35,78.62
2026-04-16 17:00:00+00:00,78.62,78.76,78.2,78.36
2026-04-16 18:00:00+00:00,78.36,78.66,78.3,78.57
2026-04-16 19:00:00+00:00,78.57,78.84,78.57,78.77
2026-04-16 20:00:00+00:00,78.77,78.78,78.42,78.46
2026-04-16 21:00:00+00:00,78.47,78.54,78.42,78.51
2026-04-16 22:00:00+00:00,78.5,78.91,78.33,78.87
2026-04-16 23:00:00+00:00,78.86,78.89,78.73,78.73
2026-04-17 00:00:00+00:00,78.72,78.91,78.52,78.77
2026-04-17 01:00:00+00:00,78.77,78.83,77.78,78.44
2026-04-17 02:00:00+00:00,78.44,78.63,78.3,78.36
2026-04-17 03:00:00+00:00,78.37,79.22,78.36,78.9
2026-04-17 04:00:00+00:00,78.9,79.29,78.88,79.15
2026-04-17 05:00:00+00:00,79.15,79.2,78.9,78.96
2026-04-17 06:00:00+00:00,78.96,79.04,78.54,78.67
2026-04-17 07:00:00+00:00,78.68,78.96,78.61,78.93
2026-04-17 08:00:00+00:00,78.93,79.53,78.93,79.52
2026-04-17 09:00:00+00:00,79.53,79.83,79.51,79.62
2026-04-17 10:00:00+00:00,79.61,79.64,79.26,79.36
2026-04-17 11:00:00+00:00,79.36,79.68,79.13,79.64
2026-04-17 12:00:00+00:00,79.65,81.67,79.62,81.62
2026-04-17 13:00:00+00:00,81.62,82.46,81.14,82.35
2026-04-17 14:00:00+00:00,82.36,83.06,82.01,82.7
2026-04-17 15:00:00+00:00,82.71,82.9,82.07,82.32
2026-04-17 16:00:00+00:00,82.32,82.57,82.18,82.29
2026-04-17 17:00:00+00:00,82.28,82.37,81.42,81.84
2026-04-17 18:00:00+00:00,81.84,82.11,81.53,81.6
2026-04-17 19:00:00+00:00,81.59,81.69,81.2,81.41
2026-04-17 20:00:00+00:00,81.41,81.45,80.88,80.92
2026-04-17 21:00:00+00:00,80.92,80.98,80.85,80.92
2026-04-17 22:00:00+00:00,80.92,80.94,80.86,80.88
2026-04-17 23:00:00+00:00,80.87,81.01,80.87,80.97
2026-04-18 00:00:00+00:00,80.97,80.98,80.91,80.92
2026-04-18 01:00:00+00:00,80.92,80.93,80.85,80.87
2026-04-18 02:00:00+00:00,80.87,80.89,80.86,80.88
2026-04-18 03:00:00+00:00,80.89,80.89,80.87,80.88
2026-04-18 04:00:00+00:00,80.88,80.91,80.87,80.9
2026-04-18 05:00:00+00:00,80.9,80.9,80.89,80.9
2026-04-18 06:00:00+00:00,80.9,80.94,80.89,80.91
2026-04-18 07:00:00+00:00,80.92,80.93,80.89,80.93
2026-04-18 08:00:00+00:00,80.92,80.93,80.85,80.88
2026-04-18 09:00:00+00:00,80.88,80.89,80.82,80.86
2026-04-18 10:00:00+00:00,80.86,80.88,80.74,80.77
2026-04-18 11:00:00+00:00,80.77,80.84,80.72,80.76
2026-04-18 12:00:00+00:00,80.76,80.81,80.71,80.77
2026-04-18 13:00:00+00:00,80.78,80.8,80.75,80.8
2026-04-18 14:00:00+00:00,80.8,80.8,80.77,80.78
2026-04-18 15:00:00+00:00,80.79,80.79,80.75,80.77
2026-04-18 16:00:00+00:00,80.77,80.78,80.73,80.75
2026-04-18 17:00:00+00:00,80.75,80.79,80.73,80.78
2026-04-18 18:00:00+00:00,80.77,80.78,80.71,80.77
2026-04-18 19:00:00+00:00,80.77,80.8,80.72,80.76
2026-04-18 20:00:00+00:00,80.76,80.78,80.75,80.76
2026-04-18 21:00:00+00:00,80.75,80.78,80.71,80.78
2026-04-18 22:00:00+00:00,80.78,80.79,80.74,80.75
2026-04-18 23:00:00+00:00,80.75,80.77,80.73,80.75
2026-04-19 00:00:00+00:00,80.74,80.78,80.7,80.77
2026-04-19 01:00:00+00:00,80.76,80.79,80.75,80.76
2026-04-19 02:00:00+00:00,80.77,80.8,80.75,80.75
2026-04-19 03:00:00+00:00,80.76,80.79,80.71,80.76
2026-04-19 04:00:00+00:00,80.76,80.77,80.72,80.74
2026-04-19 05:00:00+00:00,80.74,80.74,80.68,80.72
2026-04-19 06:00:00+00:00,80.72,80.74,80.71,80.74
2026-04-19 07:00:00+00:00,80.73,80.96,80.68,80.81
2026-04-19 08:00:00+00:00,80.81,80.81,80.72,80.74
2026-04-19 09:00:00+00:00,80.74,80.76,80.65,80.68
2026-04-19 10:00:00+00:00,80.67,80.69,80.57,80.66
2026-04-19 11:00:00+00:00,80.66,80.69,80.6,80.63
2026-04-19 12:00:00+00:00,80.63,80.64,80.53,80.59
2026-04-19 13:00:00+00:00,80.58,80.78,80.58,80.74
2026-04-19 14:00:00+00:00,80.74,80.77,80.69,80.77
2026-04-19 15:00:00+00:00,80.77,80.77,80.65,80.65
2026-04-19 16:00:00+00:00,80.65,80.66,80.04,80.04
2026-04-19 17:00:00+00:00,80.04,80.07,79.79,79.9
2026-04-19 18:00:00+00:00,79.9,80.22,79.71,80.2
2026-04-19 19:00:00+00:00,80.19,80.68,80.18,80.6
2026-04-19 20:00:00+00:00,80.59,80.59,79.35,79.45
2026-04-19 21:00:00+00:00,79.45,79.59,79.08,79.09
2026-04-19 22:00:00+00:00,79.08,80.05,79.01,79.75
2026-04-19 23:00:00+00:00,79.76,79.83,78.85,79.15
2026-04-20 00:00:00+00:00,79.15,79.93,78.77,79.91
2026-04-20 01:00:00+00:00,79.9,80.72,79.76,80.57
2026-04-20 02:00:00+00:00,80.58,80.67,80.17,80.29
2026-04-20 03:00:00+00:00,80.29,80.34,79.99,79.99
2026-04-20 04:00:00+00:00,80.0,80.14,79.74,79.87
2026-04-20 05:00:00+00:00,79.88,79.96,79.36,79.69
2026-04-20 06:00:00+00:00,79.69,79.92,79.55,79.83
2026-04-20 07:00:00+00:00,79.84,80.13,79.31,79.48
2026-04-20 08:00:00+00:00,79.47,79.56,79.27,79.52
2026-04-20 09:00:00+00:00,79.52,79.63,79.25,79.31
2026-04-20 10:00:00+00:00,79.31,79.72,79.29,79.31
2026-04-20 11:00:00+00:00,79.32,79.87,79.13,79.85
2026-04-20 12:00:00+00:00,79.84,79.98,79.48,79.64
2026-04-20 13:00:00+00:00,79.64,80.45,79.6,80.29
2026-04-20 14:00:00+00:00,80.29,80.37,79.4,79.72
2026-04-20 15:00:00+00:00,79.72,79.95,79.49,79.85
2026-04-20 16:00:00+00:00,79.85,79.97,79.68,79.92
2026-04-20 17:00:00+00:00,79.92,80.12,79.65,79.7
2026-04-20 18:00:00+00:00,79.7,80.03,79.7,79.91
2026-04-20 19:00:00+00:00,79.91,80.11,79.68,79.82
2026-04-20 20:00:00+00:00,79.82,79.84,79.66,79.79
2026-04-20 21:00:00+00:00,79.8,79.88,79.75,79.83
2026-04-20 22:00:00+00:00,79.82,80.27,79.71,80.11
2026-04-20 23:00:00+00:00,80.11,80.17,79.86,79.9
2026-04-21 00:00:00+00:00,79.91,80.11,79.53,79.93
2026-04-21 01:00:00+00:00,79.93,79.98,79.18,79.45
2026-04-21 02:00:00+00:00,79.45,79.51,79.11,79.3
2026-04-21 03:00:00+00:00,79.31,79.31,78.59,78.99
2026-04-21 04:00:00+00:00,78.98,79.04,78.84,78.92
2026-04-21 05:00:00+00:00,78.91,79.38,78.86,78.92
2026-04-21 06:00:00+00:00,78.92,79.1,78.72,78.95
2026-04-21 07:00:00+00:00,78.94,79.35,78.67,79.04
2026-04-21 08:00:00+00:00,79.04,79.12,78.57,78.88
2026-04-21 09:00:00+00:00,78.88,79.04,78.67,78.96
2026-04-21 10:00:00+00:00,78.97,79.1,78.9,79.05
2026-04-21 11:00:00+00:00,79.06,79.29,78.63,79.19
2026-04-21 12:00:00+00:00,79.2,79.27,78.41,78.78
2026-04-21 13:00:00+00:00,78.78,79.07,78.17,78.79
2026-04-21 14:00:00+00:00,78.8,78.92,76.8,76.92
2026-04-21 15:00:00+00:00,76.93,77.44,76.73,77.04
2026-04-21 16:00:00+00:00,77.05,77.32,76.27,76.38
2026-04-21 17:00:00+00:00,76.38,77.01,76.18,76.78
2026-04-21 18:00:00+00:00,76.78,76.95,76.44,76.85
2026-04-21 19:00:00+00:00,76.86,77.14,75.58,75.77
2026-04-21 20:00:00+00:00,75.77,76.83,75.48,76.69
2026-04-21 21:00:00+00:00,76.69,76.8,76.65,76.76
2026-04-21 22:00:00+00:00,76.76,77.09,76.71,76.82
2026-04-21 23:00:00+00:00,76.82,77.45,76.8,77.37
2026-04-22 00:00:00+00:00,77.38,77.72,77.38,77.5
2026-04-22 01:00:00+00:00,77.49,77.92,77.38,77.63
2026-04-22 02:00:00+00:00,77.63,77.99,77.57,77.9
2026-04-22 03:00:00+00:00,77.89,78.31,77.82,78.1
2026-04-22 04:00:00+00:00,78.1,78.16,77.88,78.02
2026-04-22 05:00:00+00:00,78.03,78.69,77.97,78.52
2026-04-22 06:00:00+00:00,78.53,78.62,78.3,78.59
2026-04-22 07:00:00+00:00,78.59,78.65,78.33,78.34
2026-04-22 08:00:00+00:00,78.35,78.38,78.0,78.17
2026-04-22 09:00:00+00:00,78.17,78.33,77.89,77.96
2026-04-22 10:00:00+00:00,77.96,78.12,77.67,78.07
2026-04-22 11:00:00+00:00,78.07,78.22,77.97,78.07
2026-04-22 12:00:00+00:00,78.07,78.3,77.58,77.7
2026-04-22 13:00:00+00:00,77.7,78.31,77.45,78.19
2026-04-22 14:00:00+00:00,78.19,78.44,77.75,77.83
2026-04-22 15:00:00+00:00,77.84,78.15,77.74,77.86
2026-04-22 16:00:00+00:00,77.86,77.98,77.66,77.69
2026-04-22 17:00:00+00:00,77.7,78.08,77.69,77.93
2026-04-22 18:00:00+00:00,77.92,78.03,77.74,77.93
2026-04-22 19:00:00+00:00,77.93,77.93,77.7,77.81
2026-04-22 20:00:00+00:00,77.8,77.85,77.63,77.72
2026-04-22 21:00:00+00:00,77.72,77.89,77.66,77.76
2026-04-22 22:00:00+00:00,77.76,77.84,77.51,77.53
2026-04-22 23:00:00+00:00,77.53,77.62,77.42,77.56
2026-04-23 00:00:00+00:00,77.57,78.4,76.42,78.21
2026-04-23 01:00:00+00:00,78.2,78.36,77.06,77.11
2026-04-23 02:00:00+00:00,77.1,77.11,75.84,75.86
2026-04-23 03:00:00+00:00,75.86,76.34,75.71,76.16
2026-04-23 04:00:00+00:00,76.15,76.32,76.04,76.27
2026-04-23 05:00:00+00:00,76.27,76.39,75.66,76.29
2026-04-23 06:00:00+00:00,76.3,76.36,75.88,76.2
2026-04-23 07:00:00+00:00,76.2,76.43,75.84,76.26
2026-04-23 08:00:00+00:00,76.27,76.36,75.56,75.7
2026-04-23 09:00:00+00:00,75.69,75.69,75.2,75.45
2026-04-23 10:00:00+00:00,75.45,75.53,74.31,74.63
2026-04-23 11:00:00+00:00,74.64,75.68,74.55,75.57
2026-04-23 12:00:00+00:00,75.57,77.05,75.55,76.84
2026-04-23 13:00:00+00:00,76.84,76.97,75.79,75.96
2026-04-23 14:00:00+00:00,75.95,76.44,75.56,76.28
2026-04-23 15:00:00+00:00,76.28,76.55,75.87,76.1
2026-04-23 16:00:00+00:00,76.11,76.53,75.99,76.38
2026-04-23 17:00:00+00:00,76.38,76.44,74.69,75.69
2026-04-23 18:00:00+00:00,75.69,76.16,75.57,75.63
2026-04-23 19:00:00+00:00,75.63,75.85,75.43,75.6
2026-04-23 20:00:00+00:00,75.6,75.67,75.31,75.51
2026-04-23 21:00:00+00:00,75.51,75.69,75.46,75.62
2026-04-23 22:00:00+00:00,75.62,75.81,75.38,75.47
2026-04-23 23:00:00+00:00,75.48,75.74,75.26,75.59
2026-04-24 00:00:00+00:00,75.6,75.99,75.44,75.81
2026-04-24 01:00:00+00:00,75.82,75.94,75.13,75.63
2026-04-24 02:00:00+00:00,75.62,75.64,74.91,75.08
2026-04-24 03:00:00+00:00,75.07,75.2,74.74,74.9
2026-04-24 04:00:00+00:00,74.9,75.14,74.73,75.09
2026-04-24 05:00:00+00:00,75.09,75.28,74.9,75.15
2026-04-24 06:00:00+00:00,75.16,75.2,74.01,74.34
2026-04-24 07:00:00+00:00,74.33,74.96,74.28,74.93
2026-04-24 08:00:00+00:00,74.93,75.01,74.58,74.87
2026-04-24 09:00:00+00:00,74.87,75.0,74.65,74.75
2026-04-24 10:00:00+00:00,74.74,74.94,74.7,74.86
2026-04-24 11:00:00+00:00,74.86,76.29,74.85,75.99
2026-04-24 12:00:00+00:00,76.0,76.28,75.51,75.65
2026-04-24 13:00:00+00:00,75.66,75.99,75.27,75.83
2026-04-24 14:00:00+00:00,75.82,76.26,75.68,75.96
2026-04-24 15:00:00+00:00,75.96,76.62,75.7,76.41
2026-04-24 16:00:00+00:00,76.41,76.47,76.11,76.44
2026-04-24 17:00:00+00:00,76.44,76.73,76.34,76.56
2026-04-24 18:00:00+00:00,76.56,76.59,76.38,76.53
2026-04-24 19:00:00+00:00,76.54,76.64,76.04,76.07
2026-04-24 20:00:00+00:00,76.07,76.08,75.8,75.86
2026-04-24 21:00:00+00:00,75.86,75.93,75.75,75.78
2026-04-24 22:00:00+00:00,75.79,75.79,75.68,75.7
2026-04-24 23:00:00+00:00,75.7,75.76,75.69,75.75
2026-04-25 00:00:00+00:00,75.76,75.77,75.75,75.75
2026-04-25 01:00:00+00:00,75.76,75.76,75.75,75.75
2026-04-25 02:00:00+00:00,75.76,75.79,75.75,75.77
2026-04-25 03:00:00+00:00,75.77,75.77,75.75,75.75
2026-04-25 04:00:00+00:00,75.75,75.76,75.75,75.76
2026-04-25 05:00:00+00:00,75.76,75.76,75.72,75.76
2026-04-25 06:00:00+00:00,75.75,75.77,75.75,75.76
2026-04-25 07:00:00+00:00,75.76,75.77,75.75,75.76
2026-04-25 08:00:00+00:00,75.77,75.77,75.76,75.77
2026-04-25 09:00:00+00:00,75.77,75.77,75.76,75.76
2026-04-25 10:00:00+00:00,75.77,75.77,75.76,75.77
2026-04-25 11:00:00+00:00,75.76,75.77,75.73,75.76
2026-04-25 12:00:00+00:00,75.76,75.76,75.75,75.76
2026-04-25 13:00:00+00:00,75.76,75.76,75.75,75.76
2026-04-25 14:00:00+00:00,75.75,75.76,75.74,75.74
2026-04-25 15:00:00+00:00,75.75,75.77,75.73,75.74
2026-04-25 16:00:00+00:00,75.75,75.79,75.74,75.75
2026-04-25 17:00:00+00:00,75.76,75.76,75.73,75.73
2026-04-25 18:00:00+00:00,75.74,75.75,75.73,75.74
2026-04-25 19:00:00+00:00,75.75,75.75,75.74,75.74
2026-04-25 20:00:00+00:00,75.75,75.78,75.74,75.78
2026-04-25 21:00:00+00:00,75.77,75.82,75.77,75.82
2026-04-25 22:00:00+00:00,75.82,75.82,75.81,75.82
2026-04-25 23:00:00+00:00,75.82,75.82,75.76,75.76
2026-04-26 00:00:00+00:00,75.76,75.77,75.76,75.76
2026-04-26 01:00:00+00:00,75.77,75.77,75.75,75.76
2026-04-26 02:00:00+00:00,75.76,75.76,75.74,75.75
2026-04-26 03:00:00+00:00,75.75,75.76,75.74,75.75
2026-04-26 04:00:00+00:00,75.75,75.79,75.74,75.78
2026-04-26 05:00:00+00:00,75.78,75.84,75.78,75.79
2026-04-26 06:00:00+00:00,75.8,75.8,75.77,75.77
2026-04-26 07:00:00+00:00,75.77,75.8,75.75,75.8
2026-04-26 08:00:00+00:00,75.8,75.88,75.8,75.88
2026-04-26 09:00:00+00:00,75.88,75.89,75.85,75.85
2026-04-26 10:00:00+00:00,75.86,75.86,75.85,75.86
2026-04-26 11:00:00+00:00,75.86,75.86,75.83,75.83
2026-04-26 12:00:00+00:00,75.84,75.96,75.75,75.88
2026-04-26 13:00:00+00:00,75.87,75.91,75.8,75.83
2026-04-26 14:00:00+00:00,75.83,75.84,75.78,75.79
2026-04-26 15:00:00+00:00,75.79,75.88,75.76,75.81
2026-04-26 16:00:00+00:00,75.82,75.95,75.81,75.87
2026-04-26 17:00:00+00:00,75.87,75.98,75.87,75.97
2026-04-26 18:00:00+00:00,75.98,76.07,75.97,76.0
2026-04-26 19:00:00+00:00,76.01,76.16,75.96,76.13
2026-04-26 20:00:00+00:00,76.14,76.29,76.11,76.15
2026-04-26 21:00:00+00:00,76.15,76.35,76.01,76.02
2026-04-26 22:00:00+00:00,76.01,76.08,75.0,75.17
2026-04-26 23:00:00+00:00,75.16,75.16,74.75,74.93
2026-04-27 00:00:00+00:00,74.93,75.74,74.86,75.71
2026-04-27 01:00:00+00:00,75.72,76.08,75.34,75.51
2026-04-27 02:00:00+00:00,75.52,76.2,75.1,76.03
2026-04-27 03:00:00+00:00,76.04,76.59,75.93,76.37
2026-04-27 04:00:00+00:00,76.38,76.55,76.34,76.44
2026-04-27 05:00:00+00:00,76.44,76.45,75.65,75.69
2026-04-27 06:00:00+00:00,75.69,76.05,75.69,75.87
2026-04-27 07:00:00+00:00,75.87,76.02,75.76,75.78
2026-04-27 08:00:00+00:00,75.79,75.83,75.51,75.63
2026-04-27 09:00:00+00:00,75.63,75.74,75.46,75.68
2026-04-27 10:00:00+00:00,75.69,75.96,75.62,75.93
2026-04-27 11:00:00+00:00,75.92,75.93,75.53,75.7
2026-04-27 12:00:00+00:00,75.7,75.97,75.27,75.53
2026-04-27 13:00:00+00:00,75.53,75.61,75.05,75.54
2026-04-27 14:00:00+00:00,75.53,75.61,74.93,75.04
2026-04-27 15:00:00+00:00,75.05,75.29,74.71,75.01
2026-04-27 16:00:00+00:00,75.0,75.3,74.84,75.19
2026-04-27 17:00:00+00:00,75.2,75.38,74.97,75.34
2026-04-27 18:00:00+00:00,75.33,75.74,75.22,75.66
2026-04-27 19:00:00+00:00,75.65,75.65,75.43,75.54
2026-04-27 20:00:00+00:00,75.55,75.59,75.38,75.54
2026-04-27 21:00:00+00:00,75.54,75.63,75.5,75.55
2026-04-27 22:00:00+00:00,75.54,76.0,75.52,75.93
2026-04-27 23:00:00+00:00,75.93,76.04,75.85,75.99
2026-04-28 00:00:00+00:00,76.0,76.22,75.76,75.77
2026-04-28 01:00:00+00:00,75.76,75.84,74.66,74.7
2026-04-28 02:00:00+00:00,74.69,74.99,74.25,74.41
2026-04-28 03:00:00+00:00,74.41,74.87,74.38,74.69
2026-04-28 04:00:00+00:00,74.7,74.72,74.51,74.54
2026-04-28 05:00:00+00:00,74.54,74.57,73.24,73.53
2026-04-28 06:00:00+00:00,73.53,73.83,72.95,73.3
2026-04-28 07:00:00+00:00,73.29,73.6,73.17,73.43
2026-04-28 08:00:00+00:00,73.44,73.76,72.74,73.62
2026-04-28 09:00:00+00:00,73.62,73.62,72.91,73.04
2026-04-28 10:00:00+00:00,73.04,73.55,73.04,73.29
2026-04-28 11:00:00+00:00,73.29,73.41,72.09,72.3
2026-04-28 12:00:00+00:00,72.31,73.78,72.16,73.54
2026-04-28 13:00:00+00:00,73.54,73.54,72.46,72.98
2026-04-28 14:00:00+00:00,72.98,73.0,72.31,73.0
2026-04-28 15:00:00+00:00,73.0,73.28,72.68,73.28
2026-04-28 16:00:00+00:00,73.27,73.4,73.0,73.27
2026-04-28 17:00:00+00:00,73.27,73.58,73.04,73.33
2026-04-28 18:00:00+00:00,73.33,73.49,73.24,73.24
2026-04-28 19:00:00+00:00,73.25,73.37,73.16,73.23
2026-04-28 20:00:00+00:00,73.23,73.29,73.06,73.14
2026-04-28 21:00:00+00:00,73.13,73.37,73.11,73.29
2026-04-28 22:00:00+00:00,73.28,73.33,73.13,73.22
2026-04-28 23:00:00+00:00,73.22,73.36,73.1,73.34
2026-04-29 00:00:00+00:00,73.33,73.75,73.19,73.27
2026-04-29 01:00:00+00:00,73.26,73.5,72.84,73.32
2026-04-29 02:00:00+00:00,73.32,73.88,73.32,73.62
2026-04-29 03:00:00+00:00,73.62,73.92,73.59,73.69
2026-04-29 04:00:00+00:00,73.7,73.96,73.69,73.9
2026-04-29 05:00:00+00:00,73.89,74.04,73.61,73.66
2026-04-29 06:00:00+00:00,73.66,73.9,73.41,73.5
2026-04-29 07:00:00+00:00,73.5,73.65,73.04,73.05
2026-04-29 08:00:00+00:00,73.05,73.25,72.58,72.92
2026-04-29 09:00:00+00:00,72.92,73.05,72.64,72.7
2026-04-29 10:00:00+00:00,72.7,73.15,72.67,73.0
2026-04-29 11:00:00+00:00,73.01,73.04,72.56,72.61
2026-04-29 12:00:00+00:00,72.61,72.83,72.02,72.12
2026-04-29 13:00:00+00:00,72.13,72.5,71.35,71.66
2026-04-29 14:00:00+00:00,71.67,72.2,71.59,71.92
2026-04-29 15:00:00+00:00,71.93,72.13,71.51,71.61
2026-04-29 16:00:00+00:00,71.6,71.94,71.56,71.6
2026-04-29 17:00:00+00:00,71.6,71.79,71.41,71.59
2026-04-29 18:00:00+00:00,71.59,71.7,70.98,71.57
2026-04-29 19:00:00+00:00,71.57,71.94,71.52,71.74
2026-04-29 20:00:00+00:00,71.74,71.82,71.31,71.41
2026-04-29 21:00:00+00:00,71.41,71.62,71.37,71.44
2026-04-29 22:00:00+00:00,71.44,71.69,71.31,71.65
2026-04-29 23:00:00+00:00,71.66,71.94,71.61,71.91
2026-04-30 00:00:00+00:00,71.91,72.39,71.89,72.13
2026-04-30 01:00:00+00:00,72.12,73.03,72.12,72.94
2026-04-30 02:00:00+00:00,72.95,73.03,72.23,72.36
2026-04-30 03:00:00+00:00,72.35,72.52,72.06,72.1
2026-04-30 04:00:00+00:00,72.1,72.16,71.65,71.67
2026-04-30 05:00:00+00:00,71.67,72.42,71.66,72.24
2026-04-30 06:00:00+00:00,72.24,73.06,72.18,73.0
2026-04-30 07:00:00+00:00,73.0,73.36,72.77,73.17
2026-04-30 08:00:00+00:00,73.17,73.69,73.1,73.4
2026-04-30 09:00:00+00:00,73.4,73.73,73.2,73.5
2026-04-30 10:00:00+00:00,73.5,73.86,73.49,73.75
2026-04-30 11:00:00+00:00,73.76,73.97,73.53,73.6
2026-04-30 12:00:00+00:00,73.6,73.88,73.41,73.58
2026-04-30 13:00:00+00:00,73.59,73.82,72.93,73.04
2026-04-30 14:00:00+00:00,73.04,73.46,72.9,73.2
2026-04-30 15:00:00+00:00,73.2,73.49,73.08,73.23
2026-04-30 16:00:00+00:00,73.24,73.48,73.08,73.37
2026-04-30 17:00:00+00:00,73.37,73.83,73.36,73.71
2026-04-30 18:00:00+00:00,73.71,73.89,73.6,73.77
2026-04-30 19:00:00+00:00,73.76,73.89,73.58,73.7
2026-04-30 20:00:00+00:00,73.71,73.85,73.65,73.81
2026-04-30 21:00:00+00:00,73.81,74.13,73.76,73.81
2026-04-30 22:00:00+00:00,73.81,74.38,73.8,74.21
2026-04-30 23:00:00+00:00,74.21,74.56,74.15,74.37
2026-05-01 00:00:00+00:00,74.38,74.63,74.19,74.22
2026-05-01 01:00:00+00:00,74.21,74.29,74.09,74.25
2026-05-01 02:00:00+00:00,74.25,74.65,74.12,74.23
2026-05-01 03:00:00+00:00,74.22,74.54,74.18,74.36
2026-05-01 04:00:00+00:00,74.36,74.41,73.8,73.9
2026-05-01 05:00:00+00:00,73.91,74.1,73.82,73.88
2026-05-01 06:00:00+00:00,73.88,73.94,73.41,73.51
2026-05-01 07:00:00+00:00,73.51,73.7,73.14,73.23
2026-05-01 08:00:00+00:00,73.24,73.37,73.12,73.2
2026-05-01 09:00:00+00:00,73.21,73.4,73.07,73.22
2026-05-01 10:00:00+00:00,73.22,73.46,73.22,73.38
2026-05-01 11:00:00+00:00,73.39,73.78,73.23,73.76
2026-05-01 12:00:00+00:00,73.75,75.32,73.75,74.3
2026-05-01 13:00:00+00:00,74.29,76.48,74.27,76.36
2026-05-01 14:00:00+00:00,76.36,77.07,75.74,75.81
2026-05-01 15:00:00+00:00,75.82,76.4,75.35,76.16
2026-05-01 16:00:00+00:00,76.16,76.32,75.69,76.1
2026-05-01 17:00:00+00:00,76.1,76.26,75.9,76.06
2026-05-01 18:00:00+00:00,76.07,76.09,75.71,75.87
2026-05-01 19:00:00+00:00,75.88,75.96,75.45,75.54
2026-05-01 20:00:00+00:00,75.54,75.59,75.32,75.38
2026-05-01 21:00:00+00:00,75.37,75.45,75.28,75.43
2026-05-01 22:00:00+00:00,75.42,75.44,75.39,75.43
2026-05-01 23:00:00+00:00,75.42,75.43,75.38,75.41
2026-05-02 00:00:00+00:00,75.41,75.42,75.4,75.41
2026-05-02 01:00:00+00:00,75.41,75.45,75.4,75.43
2026-05-02 02:00:00+00:00,75.42,75.43,75.41,75.43
2026-05-02 03:00:00+00:00,75.43,75.43,75.4,75.41
2026-05-02 04:00:00+00:00,75.4,75.41,75.37,75.41
2026-05-02 05:00:00+00:00,75.4,75.42,75.39,75.42
2026-05-02 06:00:00+00:00,75.42,75.43,75.41,75.43
2026-05-02 07:00:00+00:00,75.42,75.43,75.41,75.42
2026-05-02 08:00:00+00:00,75.41,75.42,75.41,75.42
2026-05-02 09:00:00+00:00,75.42,75.42,75.4,75.42
2026-05-02 10:00:00+00:00,75.42,75.42,75.41,75.42
2026-05-02 11:00:00+00:00,75.41,75.42,75.41,75.41
2026-05-02 12:00:00+00:00,75.41,75.42,75.4,75.42
2026-05-02 13:00:00+00:00,75.41,75.42,75.41,75.41
2026-05-02 14:00:00+00:00,75.42,75.42,75.41,75.41
2026-05-02 15:00:00+00:00,75.41,75.43,75.41,75.43
2026-05-02 16:00:00+00:00,75.42,75.45,75.42,75.45
2026-05-02 17:00:00+00:00,75.45,75.45,75.44,75.45
2026-05-02 18:00:00+00:00,75.45,75.45,75.43,75.44
2026-05-02 19:00:00+00:00,75.44,75.44,75.43,75.44
2026-05-02 20:00:00+00:00,75.44,75.45,75.43,75.43
2026-05-02 21:00:00+00:00,75.43,75.55,75.43,75.54
2026-05-02 22:00:00+00:00,75.54,75.55,75.48,75.51
2026-05-02 23:00:00+00:00,75.52,75.54,75.47,75.47
2026-05-03 00:00:00+00:00,75.48,75.51,75.47,75.49
2026-05-03 01:00:00+00:00,75.49,75.51,75.49,75.5
2026-05-03 02:00:00+00:00,75.5,75.52,75.49,75.52
2026-05-03 03:00:00+00:00,75.52,75.52,75.44,75.46
2026-05-03 04:00:00+00:00,75.46,75.5,75.45,75.48
2026-05-03 05:00:00+00:00,75.47,75.51,75.46,75.51
2026-05-03 06:00:00+00:00,75.51,75.53,75.49,75.52
2026-05-03 07:00:00+00:00,75.51,75.54,75.5,75.52
2026-05-03 08:00:00+00:00,75.52,75.66,75.51,75.65
2026-05-03 09:00:00+00:00,75.66,75.68,75.62,75.65
2026-05-03 10:00:00+00:00,75.65,75.65,75.55,75.59
2026-05-03 11:00:00+00:00,75.58,75.6,75.54,75.57
2026-05-03 12:00:00+00:00,75.57,75.79,75.56,75.73
2026-05-03 13:00:00+00:00,75.72,75.77,75.71,75.74
2026-05-03 14:00:00+00:00,75.73,75.79,75.71,75.78
2026-05-03 15:00:00+00:00,75.78,75.8,75.71,75.74
2026-05-03 16:00:00+00:00,75.75,76.13,75.75,75.92
2026-05-03 17:00:00+00:00,75.92,76.02,75.9,75.93
2026-05-03 18:00:00+00:00,75.93,75.94,75.87,75.88
2026-05-03 19:00:00+00:00,75.88,75.98,75.74,75.77
2026-05-03 20:00:00+00:00,75.79,76.4,75.79,76.29
2026-05-03 21:00:00+00:00,76.29,76.67,76.19,76.19
2026-05-03 22:00:00+00:00,76.19,76.23,75.4,75.71
2026-05-03 23:00:00+00:00,75.71,75.95,75.56,75.61
2026-05-04 00:00:00+00:00,75.62,75.86,75.36,75.67
2026-05-04 01:00:00+00:00,75.67,75.8,75.1,75.76
2026-05-04 02:00:00+00:00,75.75,75.86,75.23,75.67
2026-05-04 03:00:00+00:00,75.66,75.9,75.53,75.81
2026-05-04 04:00:00+00:00,75.81,75.84,75.45,75.46
2026-05-04 05:00:00+00:00,75.46,75.63,75.17,75.34
2026-05-04 06:00:00+00:00,75.35,75.39,74.86,74.97
2026-05-04 07:00:00+00:00,74.97,75.02,74.47,74.5
2026-05-04 08:00:00+00:00,74.5,74.54,74.23,74.45
2026-05-04 09:00:00+00:00,74.44,74.62,74.34,74.35
2026-05-04 10:00:00+00:00,74.36,74.38,72.26,73.39
2026-05-04 11:00:00+00:00,73.39,73.69,73.07,73.45
2026-05-04 12:00:00+00:00,73.45,74.33,73.4,73.79
2026-05-04 13:00:00+00:00,73.78,74.1,73.32,73.93
2026-05-04 14:00:00+00:00,73.92,74.69,73.67,73.93
2026-05-04 15:00:00+00:00,73.94,74.11,72.66,72.98
2026-05-04 16:00:00+00:00,72.98,73.36,72.64,72.82
2026-05-04 17:00:00+00:00,72.83,73.35,72.83,72.95
2026-05-04 18:00:00+00:00,72.95,73.06,72.58,72.8
2026-05-04 19:00:00+00:00,72.81,73.11,72.73,72.91
2026-05-04 20:00:00+00:00,72.9,72.9,72.75,72.81
2026-05-04 21:00:00+00:00,72.81,73.06,72.81,72.98
2026-05-04 22:00:00+00:00,72.97,72.97,72.65,72.7
2026-05-04 23:00:00+00:00,72.69,72.77,72.58,72.66
2026-05-05 00:00:00+00:00,72.66,72.92,72.45,72.85
2026-05-05 01:00:00+00:00,72.85,73.06,72.68,72.93
2026-05-05 02:00:00+00:00,72.93,73.29,72.87,73.14
2026-05-05 03:00:00+00:00,73.14,73.22,72.72,72.77
2026-05-05 04:00:00+00:00,72.77,72.95,72.76,72.82
2026-05-05 05:00:00+00:00,72.82,73.39,72.74,73.18
2026-05-05 06:00:00+00:00,73.19,73.44,72.72,73.23
2026-05-05 07:00:00+00:00,73.22,73.81,73.21,73.42
2026-05-05 08:00:00+00:00,73.41,73.82,73.37,73.76
2026-05-05 09:00:00+00:00,73.77,73.86,73.59,73.78
2026-05-05 10:00:00+00:00,73.78,73.8,73.44,73.48
2026-05-05 11:00:00+00:00,73.48,73.85,73.33,73.76
2026-05-05 12:00:00+00:00,73.77,74.07,73.43,73.51
2026-05-05 13:00:00+00:00,73.52,74.24,73.47,73.76
2026-05-05 14:00:00+00:00,73.77,74.06,73.32,73.8
2026-05-05 15:00:00+00:00,73.8,73.88,73.5,73.53
2026-05-05 16:00:00+00:00,73.54,73.57,72.93,73.18
2026-05-05 17:00:00+00:00,73.18,73.37,73.07,73.16
2026-05-05 18:00:00+00:00,73.15,73.31,73.01,73.03
2026-05-05 19:00:00+00:00,73.04,73.06,72.85,72.92
2026-05-05 20:00:00+00:00,72.92,73.09,72.86,72.92
2026-05-05 21:00:00+00:00,72.93,73.15,72.91,73.07
2026-05-05 22:00:00+00:00,73.07,73.65,72.71,73.33
2026-05-05 23:00:00+00:00,73.33,74.15,73.25,73.94
2026-05-06 00:00:00+00:00,73.95,74.54,73.67,74.5
2026-05-06 01:00:00+00:00,74.49,75.13,74.28,74.85
2026-05-06 02:00:00+00:00,74.85,75.38,74.68,75.32
2026-05-06 03:00:00+00:00,75.32,75.79,75.26,75.55
2026-05-06 04:00:00+00:00,75.56,75.89,75.54,75.67
2026-05-06 05:00:00+00:00,75.67,76.03,75.48,75.98
2026-05-06 06:00:00+00:00,75.97,76.02,75.68,75.94
2026-05-06 07:00:00+00:00,75.94,76.35,75.76,76.35
2026-05-06 08:00:00+00:00,76.35,77.23,76.01,77.01
2026-05-06 09:00:00+00:00,77.01,77.32,76.71,77.28
2026-05-06 10:00:00+00:00,77.28,77.88,77.21,77.66
2026-05-06 11:00:00+00:00,77.65,77.82,76.85,76.89
2026-05-06 12:00:00+00:00,76.9,76.99,75.85,76.93
2026-05-06 13:00:00+00:00,76.92,77.51,76.47,77.37
2026-05-06 14:00:00+00:00,77.37,77.83,77.07,77.52
2026-05-06 15:00:00+00:00,77.52,77.62,77.07,77.08
2026-05-06 16:00:00+00:00,77.08,77.29,76.78,76.89
2026-05-06 17:00:00+00:00,76.89,77.19,76.79,77.18
2026-05-06 18:00:00+00:00,77.17,77.37,77.11,77.12
2026-05-06 19:00:00+00:00,77.12,77.58,77.11,77.51
2026-05-06 20:00:00+00:00,77.52,77.66,77.3,77.4
2026-05-06 21:00:00+00:00,77.4,77.54,77.39,77.47
2026-05-06 22:00:00+00:00,77.47,77.66,77.33,77.46
2026-05-06 23:00:00+00:00,77.46,77.78,77.43,77.61
2026-05-07 00:00:00+00:00,77.6,77.65,77.11,77.22
2026-05-07 01:00:00+00:00,77.23,78.34,77.02,78.11
2026-05-07 02:00:00+00:00,78.11,78.33,77.6,77.92
2026-05-07 03:00:00+00:00,77.91,78.02,77.64,77.65
2026-05-07 04:00:00+00:00,77.65,77.77,77.52,77.77
2026-05-07 05:00:00+00:00,77.76,78.04,77.61,77.8
2026-05-07 06:00:00+00:00,77.79,79.04,77.79,78.89
2026-05-07 07:00:00+00:00,78.88,79.79,78.72,79.77
2026-05-07 08:00:00+00:00,79.77,79.91,79.54,79.63
2026-05-07 09:00:00+00:00,79.63,80.3,79.45,80.23
2026-05-07 10:00:00+00:00,80.23,80.62,80.18,80.34
2026-05-07 11:00:00+00:00,80.35,81.03,80.31,80.95
2026-05-07 12:00:00+00:00,80.94,81.73,80.92,81.49
2026-05-07 13:00:00+00:00,81.5,81.5,80.85,81.32
2026-05-07 14:00:00+00:00,81.32,82.17,81.25,82.04
2026-05-07 15:00:00+00:00,82.03,82.05,80.4,80.46
2026-05-07 16:00:00+00:00,80.47,80.54,79.4,79.93
2026-05-07 17:00:00+00:00,79.93,80.08,78.75,79.79
2026-05-07 18:00:00+00:00,79.79,79.84,78.69,79.28
2026-05-07 19:00:00+00:00,79.29,79.4,78.81,79.19
2026-05-07 20:00:00+00:00,79.18,79.89,78.47,78.48
2026-05-07 21:00:00+00:00,78.49,78.82,78.48,78.59
2026-05-07 22:00:00+00:00,78.58,78.96,78.28,78.58
2026-05-07 23:00:00+00:00,78.57,79.36,78.56,79.28
2026-05-08 00:00:00+00:00,79.28,79.54,78.85,79.15
2026-05-08 01:00:00+00:00,79.15,80.25,79.12,80.0
2026-05-08 02:00:00+00:00,80.0,80.24,79.41,79.71
2026-05-08 03:00:00+00:00,79.72,80.21,79.61,79.91
2026-05-08 04:00:00+00:00,79.91,80.01,79.33,79.64
2026-05-08 05:00:00+00:00,79.65,80.59,79.64,80.47
2026-05-08 06:00:00+00:00,80.48,80.74,80.11,80.35
2026-05-08 07:00:00+00:00,80.35,80.38,79.37,79.9
2026-05-08 08:00:00+00:00,79.91,80.37,79.84,80.17
2026-05-08 09:00:00+00:00,80.18,80.63,80.07,80.23
2026-05-08 10:00:00+00:00,80.23,80.89,80.2,80.63
2026-05-08 11:00:00+00:00,80.64,80.8,80.49,80.76
2026-05-08 12:00:00+00:00,80.76,81.52,80.37,81.17
2026-05-08 13:00:00+00:00,81.17,81.61,80.57,81.54
2026-05-08 14:00:00+00:00,81.53,81.58,80.52,80.63
2026-05-08 15:00:00+00:00,80.62,80.86,79.93,79.96
2026-05-08 16:00:00+00:00,79.96,80.54,79.92,80.14
2026-05-08 17:00:00+00:00,80.14,80.52,80.07,80.39
2026-05-08 18:00:00+00:00,80.4,80.89,80.38,80.55
2026-05-08 19:00:00+00:00,80.55,80.83,80.45,80.67
2026-05-08 20:00:00+00:00,80.67,80.67,80.35,80.4
2026-05-08 21:00:00+00:00,80.4,80.43,80.27,80.31
2026-05-08 22:00:00+00:00,80.31,80.44,80.29,80.4
2026-05-08 23:00:00+00:00,80.41,80.45,80.4,80.41
2026-05-09 00:00:00+00:00,80.41,80.45,80.37,80.42
2026-05-09 01:00:00+00:00,80.43,80.46,80.42,80.45
2026-05-09 02:00:00+00:00,80.46,80.63,80.45,80.62
2026-05-09 03:00:00+00:00,80.63,80.63,80.48,80.5
2026-05-09 04:00:00+00:00,80.5,80.52,80.47,80.47
2026-05-09 05:00:00+00:00,80.47,80.5,80.47,80.48
2026-05-09 06:00:00+00:00,80.48,80.5,80.48,80.48
2026-05-09 07:00:00+00:00,80.48,80.51,80.48,80.51
2026-05-09 08:00:00+00:00,80.5,80.51,80.48,80.49
2026-05-09 09:00:00+00:00,80.49,80.5,80.48,80.49
2026-05-09 10:00:00+00:00,80.49,80.51,80.49,80.5
2026-05-09 11:00:00+00:00,80.5,80.52,80.5,80.52
2026-05-09 12:00:00+00:00,80.52,80.7,80.51,80.51
2026-05-09 13:00:00+00:00,80.51,80.53,80.49,80.52
2026-05-09 14:00:00+00:00,80.52,80.53,80.33,80.45
2026-05-09 15:00:00+00:00,80.44,80.45,80.38,80.45
2026-05-09 16:00:00+00:00,80.45,80.6,80.44,80.59
2026-05-09 17:00:00+00:00,80.58,80.61,80.49,80.53
2026-05-09 18:00:00+00:00,80.52,80.57,80.51,80.56
2026-05-09 19:00:00+00:00,80.56,80.64,80.55,80.62
2026-05-09 20:00:00+00:00,80.63,80.63,80.61,80.62
2026-05-09 21:00:00+00:00,80.62,80.68,80.61,80.66
2026-05-09 22:00:00+00:00,80.65,80.66,80.56,80.59
2026-05-09 23:00:00+00:00,80.6,80.6,80.55,80.58
2026-05-10 00:00:00+00:00,80.58,80.6,80.57,80.6
2026-05-10 01:00:00+00:00,80.59,80.6,80.56,80.57
2026-05-10 02:00:00+00:00,80.56,80.59,80.56,80.58
2026-05-10 03:00:00+00:00,80.59,80.6,80.57,80.6
2026-05-10 04:00:00+00:00,80.6,80.65,80.58,80.59
2026-05-10 05:00:00+00:00,80.6,80.6,80.57,80.6
2026-05-10 06:00:00+00:00,80.6,80.61,80.57,80.58
2026-05-10 07:00:00+00:00,80.58,80.63,80.57,80.63
2026-05-10 08:00:00+00:00,80.63,80.65,80.6,80.63
2026-05-10 09:00:00+00:00,80.63,80.73,80.62,80.69
2026-05-10 10:00:00+00:00,80.68,80.71,80.67,80.69
2026-05-10 11:00:00+00:00,80.69,80.9,80.68,80.82
2026-05-10 12:00:00+00:00,80.82,80.97,80.7,80.95
2026-05-10 13:00:00+00:00,80.95,81.74,80.95,81.22
2026-05-10 14:00:00+00:00,81.23,81.41,81.1,81.36
2026-05-10 15:00:00+00:00,81.36,81.4,81.15,81.3
2026-05-10 16:00:00+00:00,81.3,81.51,81.26,81.48
2026-05-10 17:00:00+00:00,81.47,81.63,81.46,81.55
2026-05-10 18:00:00+00:00,81.55,81.6,81.12,81.22
2026-05-10 19:00:00+00:00,81.22,81.23,80.91,81.06
2026-05-10 20:00:00+00:00,81.07,81.16,80.2,80.35
2026-05-10 21:00:00+00:00,80.35,80.49,80.01,80.14
2026-05-10 22:00:00+00:00,80.14,80.18,79.16,80.05
2026-05-10 23:00:00+00:00,80.05,80.41,79.96,80.03
2026-05-11 00:00:00+00:00,80.04,80.62,79.62,80.07
2026-05-11 01:00:00+00:00,80.07,80.93,79.62,80.83
2026-05-11 02:00:00+00:00,80.84,81.67,80.7,81.03
2026-05-11 03:00:00+00:00,81.02,81.19,80.6,80.7
2026-05-11 04:00:00+00:00,80.7,80.73,80.26,80.35
2026-05-11 05:00:00+00:00,80.36,80.75,79.81,79.95
2026-05-11 06:00:00+00:00,79.96,80.78,79.91,80.67
2026-05-11 07:00:00+00:00,80.67,80.76,80.22,80.36
2026-05-11 08:00:00+00:00,80.36,80.73,80.27,80.33
2026-05-11 09:00:00+00:00,80.33,80.47,80.07,80.19
2026-05-11 10:00:00+00:00,80.18,80.6,80.16,80.44
2026-05-11 11:00:00+00:00,80.44,81.43,80.4,81.39
2026-05-11 12:00:00+00:00,81.4,83.96,81.13,83.74
2026-05-11 13:00:00+00:00,83.74,85.95,83.6,85.62
2026-05-11 14:00:00+00:00,85.62,85.64,84.23,84.94
2026-05-11 15:00:00+00:00,84.93,86.08,84.86,86.01
2026-05-11 16:00:00+00:00,86.01,86.07,85.02,85.22
2026-05-11 17:00:00+00:00,85.22,85.68,85.02,85.67
2026-05-11 18:00:00+00:00,85.68,86.16,85.55,85.81
2026-05-11 19:00:00+00:00,85.81,86.23,85.8,86.2
2026-05-11 20:00:00+00:00,86.2,86.31,85.69,86.14
2026-05-11 21:00:00+00:00,86.13,86.92,86.06,86.24
2026-05-11 22:00:00+00:00,86.23,87.09,86.16,86.96
2026-05-11 23:00:00+00:00,86.97,87.28,86.13,87.21
2026-05-12 00:00:00+00:00,87.2,87.2,86.01,86.09
2026-05-12 01:00:00+00:00,86.09,87.12,85.54,86.07
2026-05-12 02:00:00+00:00,86.07,86.53,85.57,86.33
2026-05-12 03:00:00+00:00,86.33,86.49,85.95,86.16
2026-05-12 04:00:00+00:00,86.15,86.57,85.92,86.07
2026-05-12 05:00:00+00:00,86.06,86.29,85.21,85.56
2026-05-12 06:00:00+00:00,85.56,85.56,83.81,84.24
2026-05-12 07:00:00+00:00,84.24,84.78,83.54,84.54
2026-05-12 08:00:00+00:00,84.54,84.81,83.98,84.36
2026-05-12 09:00:00+00:00,84.36,84.49,83.88,84.01
2026-05-12 10:00:00+00:00,84.01,84.47,83.61,83.81
2026-05-12 11:00:00+00:00,83.82,84.23,83.18,84.18
2026-05-12 12:00:00+00:00,84.18,84.86,83.39,84.51
2026-05-12 13:00:00+00:00,84.5,85.41,84.01,84.54
2026-05-12 14:00:00+00:00,84.54,85.48,84.3,84.43
2026-05-12 15:00:00+00:00,84.43,84.53,83.11,84.2
2026-05-12 16:00:00+00:00,84.21,84.76,84.12,84.68
2026-05-12 17:00:00+00:00,84.69,85.37,84.69,85.12
2026-05-12 18:00:00+00:00,85.12,86.25,84.93,86.13
2026-05-12 19:00:00+00:00,86.14,86.89,86.08,86.8
2026-05-12 20:00:00+00:00,86.8,86.88,86.51,86.59
2026-05-12 21:00:00+00:00,86.59,86.62,86.44,86.51
2026-05-12 22:00:00+00:00,86.52,87.06,86.5,86.82
2026-05-12 23:00:00+00:00,86.82,87.37,86.65,87.23
2026-05-13 00:00:00+00:00,87.22,87.76,87.04,87.27
2026-05-13 01:00:00+00:00,87.27,87.91,86.61,86.83
2026-05-13 02:00:00+00:00,86.82,87.25,86.01,86.22
2026-05-13 03:00:00+00:00,86.23,87.02,86.1,86.66
2026-05-13 04:00:00+00:00,86.66,86.84,86.4,86.42
2026-05-13 05:00:00+00:00,86.41,86.78,85.7,86.49
2026-05-13 06:00:00+00:00,86.5,86.95,86.36,86.66
2026-05-13 07:00:00+00:00,86.66,87.0,86.37,86.59
2026-05-13 08:00:00+00:00,86.58,86.64,86.28,86.55
2026-05-13 09:00:00+00:00,86.56,86.93,86.19,86.85
2026-05-13 10:00:00+00:00,86.85,87.55,86.69,86.74
2026-05-13 11:00:00+00:00,86.75,87.66,86.67,87.16
2026-05-13 12:00:00+00:00,87.15,87.36,86.03,86.45
2026-05-13 13:00:00+00:00,86.44,87.4,86.43,87.12
2026-05-13 14:00:00+00:00,87.13,88.32,86.89,87.9
2026-05-13 15:00:00+00:00,87.91,88.84,87.85,88.82
2026-05-13 16:00:00+00:00,88.83,89.43,88.58,88.66
2026-05-13 17:00:00+00:00,88.66,89.19,87.88,87.94
2026-05-13 18:00:00+00:00,87.94,88.37,87.36,87.64
2026-05-13 19:00:00+00:00,87.65,88.02,87.62,87.73
2026-05-13 20:00:00+00:00,87.72,87.86,87.49,87.57
2026-05-13 21:00:00+00:00,87.57,87.67,87.52,87.61
2026-05-13 22:00:00+00:00,87.6,88.05,87.58,87.97
2026-05-13 23:00:00+00:00,87.96,88.04,87.45,87.77
2026-05-14 00:00:00+00:00,87.76,88.19,87.37,88.09
2026-05-14 01:00:00+00:00,88.09,88.49,87.0,87.37
2026-05-14 02:00:00+00:00,87.37,87.82,86.88,87.14
2026-05-14 03:00:00+00:00,87.14,87.38,86.42,86.48
2026-05-14 04:00:00+00:00,86.48,87.42,86.31,86.95
2026-05-14 05:00:00+00:00,86.95,87.59,86.9,87.02
2026-05-14 06:00:00+00:00,87.01,87.5,86.97,87.25
2026-05-14 07:00:00+00:00,87.25,87.63,86.73,87.04
2026-05-14 08:00:00+00:00,87.04,87.59,86.98,87.07
2026-05-14 09:00:00+00:00,87.06,87.51,86.74,87.24
2026-05-14 10:00:00+00:00,87.24,87.33,86.87,87.19
2026-05-14 11:00:00+00:00,87.19,87.3,86.53,86.74
2026-05-14 12:00:00+00:00,86.74,87.09,86.17,86.59
2026-05-14 13:00:00+00:00,86.58,86.78,83.87,83.99
2026-05-14 14:00:00+00:00,83.99,85.13,83.9,84.52
2026-05-14 15:00:00+00:00,84.52,85.4,84.45,84.93
2026-05-14 16:00:00+00:00,84.94,85.05,84.36,84.82
2026-05-14 17:00:00+00:00,84.82,85.0,84.62,84.82
2026-05-14 18:00:00+00:00,84.82,84.82,84.21,84.51
2026-05-14 19:00:00+00:00,84.51,84.51,83.39,83.54
2026-05-14 20:00:00+00:00,83.55,83.74,83.13,83.59
2026-05-14 21:00:00+00:00,83.6,83.95,83.6,83.7
2026-05-14 22:00:00+00:00,83.71,83.94,83.43,83.82
2026-05-14 23:00:00+00:00,83.82,83.9,82.71,83.54
2026-05-15 00:00:00+00:00,83.54,83.74,81.81,82.53
2026-05-15 01:00:00+00:00,82.53,82.6,80.71,80.9
2026-05-15 02:00:00+00:00,80.9,81.73,80.77,81.47
2026-05-15 03:00:00+00:00,81.46,81.71,80.93,81.48
2026-05-15 04:00:00+00:00,81.48,81.61,81.02,81.08
2026-05-15 05:00:00+00:00,81.08,81.08,77.79,78.03
2026-05-15 06:00:00+00:00,78.03,78.9,77.66,78.47
2026-05-15 07:00:00+00:00,78.47,79.43,78.21,78.99
2026-05-15 08:00:00+00:00,78.99,79.05,77.95,78.27
2026-05-15 09:00:00+00:00,78.27,78.59,76.88,77.54
2026-05-15 10:00:00+00:00,77.55,79.19,77.49,78.96
2026-05-15 11:00:00+00:00,78.95,79.11,78.33,78.44
2026-05-15 12:00:00+00:00,78.43,78.67,77.32,77.35
2026-05-15 13:00:00+00:00,77.34,77.46,75.89,76.52
2026-05-15 14:00:00+00:00,76.52,77.19,76.15,76.93
2026-05-15 15:00:00+00:00,76.93,77.03,76.08,76.32
2026-05-15 16:00:00+00:00,76.32,76.57,75.96,76.4
2026-05-15 17:00:00+00:00,76.4,77.47,76.33,77.19
2026-05-15 18:00:00+00:00,77.19,77.28,76.77,76.99
2026-05-15 19:00:00+00:00,77.0,77.01,76.36,76.38
2026-05-15 20:00:00+00:00,76.38,76.38,75.79,76.02
2026-05-15 21:00:00+00:00,76.02,76.24,75.98,76.17
2026-05-15 22:00:00+00:00,76.17,76.29,76.14,76.16
2026-05-15 23:00:00+00:00,76.17,76.23,76.11,76.12
2026-05-16 00:00:00+00:00,76.11,76.21,75.91,76.08
2026-05-16 01:00:00+00:00,76.07,76.2,76.02,76.2
2026-05-16 02:00:00+00:00,76.19,76.24,76.12,76.17
2026-05-16 03:00:00+00:00,76.17,76.28,76.13,76.22
2026-05-16 04:00:00+00:00,76.21,76.24,76.11,76.18
2026-05-16 05:00:00+00:00,76.18,76.23,76.12,76.13
2026-05-16 06:00:00+00:00,76.12,76.13,75.94,75.95
2026-05-16 07:00:00+00:00,75.96,75.98,75.37,75.88
2026-05-16 08:00:00+00:00,75.88,75.95,75.83,75.93
2026-05-16 09:00:00+00:00,75.93,75.93,75.62,75.68
2026-05-16 10:00:00+00:00,75.67,75.74,75.45,75.57
2026-05-16 11:00:00+00:00,75.56,75.85,75.56,75.79
2026-05-16 12:00:00+00:00,75.79,75.79,75.67,75.73
2026-05-16 13:00:00+00:00,75.73,75.83,75.71,75.76
2026-05-16 14:00:00+00:00,75.76,75.88,75.73,75.77
2026-05-16 15:00:00+00:00,75.76,75.88,75.68,75.81
2026-05-16 16:00:00+00:00,75.81,75.92,75.74,75.84
2026-05-16 17:00:00+00:00,75.83,75.89,75.8,75.8
2026-05-16 18:00:00+00:00,75.8,75.93,75.8,75.92
2026-05-16 19:00:00+00:00,75.92,75.93,75.85,75.88
2026-05-16 20:00:00+00:00,75.88,75.93,75.75,75.76
2026-05-16 21:00:00+00:00,75.76,75.77,75.6,75.7
2026-05-16 22:00:00+00:00,75.7,75.77,75.64,75.74
2026-05-16 23:00:00+00:00,75.73,75.75,75.66,75.66
2026-05-17 00:00:00+00:00,75.66,75.75,75.66,75.73
2026-05-17 01:00:00+00:00,75.72,75.74,75.6,75.67
2026-05-17 02:00:00+00:00,75.66,75.72,75.65,75.72
2026-05-17 03:00:00+00:00,75.71,75.85,75.71,75.78
2026-05-17 04:00:00+00:00,75.78,75.84,75.77,75.79
2026-05-17 05:00:00+00:00,75.79,75.85,75.67,75.67
2026-05-17 06:00:00+00:00,75.68,75.75,75.65,75.73
2026-05-17 07:00:00+00:00,75.72,75.73,75.69,75.71
2026-05-17 08:00:00+00:00,75.72,75.74,75.71,75.74
2026-05-17 09:00:00+00:00,75.74,75.74,75.6,75.71
2026-05-17 10:00:00+00:00,75.7,75.78,75.7,75.73
2026-05-17 11:00:00+00:00,75.72,75.77,75.72,75.76
2026-05-17 12:00:00+00:00,75.76,75.87,75.75,75.87
2026-05-17 13:00:00+00:00,75.86,75.87,75.75,75.85
2026-05-17 14:00:00+00:00,75.84,75.85,75.66,75.72
2026-05-17 15:00:00+00:00,75.71,75.77,75.69,75.71
2026-05-17 16:00:00+00:00,75.72,75.77,75.62,75.73
2026-05-17 17:00:00+00:00,75.72,75.8,75.67,75.77
2026-05-17 18:00:00+00:00,75.77,75.78,75.65,75.69
2026-05-17 19:00:00+00:00,75.69,75.75,75.65,75.75
2026-05-17 20:00:00+00:00,75.75,75.75,75.66,75.68
2026-05-17 21:00:00+00:00,75.67,75.95,75.12,75.6
2026-05-17 22:00:00+00:00,75.61,76.94,75.25,76.83
2026-05-17 23:00:00+00:00,76.83,76.98,76.09,76.68
2026-05-18 00:00:00+00:00,76.67,76.93,74.06,75.42
2026-05-18 01:00:00+00:00,75.42,75.5,73.85,74.89
2026-05-18 02:00:00+00:00,74.89,75.57,74.66,75.04
2026-05-18 03:00:00+00:00,75.04,75.31,74.41,75.29
2026-05-18 04:00:00+00:00,75.28,75.72,75.06,75.42
2026-05-18 05:00:00+00:00,75.42,75.71,74.89,74.94
2026-05-18 06:00:00+00:00,74.93,76.21,74.88,76.18
2026-05-18 07:00:00+00:00,76.18,76.37,75.63,76.0
2026-05-18 08:00:00+00:00,76.0,76.4,75.84,76.22
2026-05-18 09:00:00+00:00,76.21,76.28,75.69,75.88
2026-05-18 10:00:00+00:00,75.88,76.23,75.46,75.8
2026-05-18 11:00:00+00:00,75.79,77.15,75.43,76.5
2026-05-18 12:00:00+00:00,76.51,77.6,76.37,77.51
2026-05-18 13:00:00+00:00,77.52,78.29,77.27,77.89
2026-05-18 14:00:00+00:00,77.89,77.96,76.27,76.73
2026-05-18 15:00:00+00:00,76.73,76.98,76.18,76.91
2026-05-18 16:00:00+00:00,76.92,77.17,76.33,76.99
2026-05-18 17:00:00+00:00,76.99,77.28,76.89,77.01
2026-05-18 18:00:00+00:00,77.0,77.01,76.47,76.56
2026-05-18 19:00:00+00:00,76.57,77.7,76.53,77.41
2026-05-18 20:00:00+00:00,77.41,77.79,77.39,77.74
2026-05-18 21:00:00+00:00,77.74,77.78,77.64,77.7
2026-05-18 22:00:00+00:00,77.7,78.3,77.68,78.23
2026-05-18 23:00:00+00:00,78.23,78.94,78.23,78.72
2026-05-19 00:00:00+00:00,78.72,78.93,77.53,77.59
2026-05-19 01:00:00+00:00,77.58,77.82,76.94,77.21
2026-05-19 02:00:00+00:00,77.2,77.25,76.27,76.41
2026-05-19 03:00:00+00:00,76.41,76.76,76.18,76.29
2026-05-19 04:00:00+00:00,76.29,76.35,76.05,76.32
2026-05-19 05:00:00+00:00,76.32,76.51,75.78,76.38
2026-05-19 06:00:00+00:00,76.39,76.75,76.11,76.36
2026-05-19 07:00:00+00:00,76.37,76.54,75.84,76.53
2026-05-19 08:00:00+00:00,76.54,76.62,75.92,76.08
2026-05-19 09:00:00+00:00,76.07,76.1,75.55,75.89
2026-05-19 10:00:00+00:00,75.89,76.15,75.51,76.15
2026-05-19 11:00:00+00:00,76.14,76.33,75.82,75.83
2026-05-19 12:00:00+00:00,75.84,76.43,75.71,76.12
2026-05-19 13:00:00+00:00,76.12,76.13,73.14,74.42
2026-05-19 14:00:00+00:00,74.42,74.94,73.73,74.17
2026-05-19 15:00:00+00:00,74.17,74.61,73.85,74.53
2026-05-19 16:00:00+00:00,74.54,74.78,74.28,74.7
2026-05-19 17:00:00+00:00,74.7,74.98,74.46,74.55
2026-05-19 18:00:00+00:00,74.55,74.62,74.11,74.19
2026-05-19 19:00:00+00:00,74.19,74.31,73.92,74.03
2026-05-19 20:00:00+00:00,74.03,74.03,73.71,73.76
2026-05-19 21:00:00+00:00,73.77,74.12,73.77,74.12
2026-05-19 22:00:00+00:00,74.11,74.14,73.84,74.11
2026-05-19 23:00:00+00:00,74.1,74.51,74.0,74.28
2026-05-20 00:00:00+00:00,74.27,74.7,73.93,74.67
2026-05-20 01:00:00+00:00,74.67,74.96,73.46,74.25
2026-05-20 02:00:00+00:00,74.26,74.41,73.21,73.52
2026-05-20 03:00:00+00:00,73.51,73.94,73.2,73.6
2026-05-20 04:00:00+00:00,73.61,73.95,73.52,73.65
2026-05-20 05:00:00+00:00,73.64,74.59,73.64,74.3
2026-05-20 06:00:00+00:00,74.29,75.49,74.19,75.27
2026-05-20 07:00:00+00:00,75.26,75.5,74.9,75.04
2026-05-20 08:00:00+00:00,75.05,75.62,74.97,75.4
2026-05-20 09:00:00+00:00,75.4,75.66,75.21,75.5
2026-05-20 10:00:00+00:00,75.5,75.78,75.43,75.76
2026-05-20 11:00:00+00:00,75.76,75.87,75.53,75.83
2026-05-20 12:00:00+00:00,75.82,75.87,75.45,75.55
2026-05-20 13:00:00+00:00,75.55,75.86,74.71,74.89
2026-05-20 14:00:00+00:00,74.9,76.67,74.47,76.15
2026-05-20 15:00:00+00:00,76.15,76.66,75.67,75.77
2026-05-20 16:00:00+00:00,75.78,76.05,75.6,75.99
2026-05-20 17:00:00+00:00,75.99,76.27,75.84,75.88
2026-05-20 18:00:00+00:00,75.88,76.44,75.78,76.23
2026-05-20 19:00:00+00:00,76.23,76.36,75.97,76.0
2026-05-20 20:00:00+00:00,76.0,76.14,75.82,75.89
2026-05-20 21:00:00+00:00,75.9,75.96,75.86,75.93
2026-05-20 22:00:00+00:00,75.93,75.97,75.31,75.76
2026-05-20 23:00:00+00:00,75.75,76.04,75.49,75.99
2026-05-21 00:00:00+00:00,75.99,76.24,75.43,76.15
2026-05-21 01:00:00+00:00,76.16,76.98,75.84,76.43
2026-05-21 02:00:00+00:00,76.44,76.61,75.25,75.44
2026-05-21 03:00:00+00:00,75.44,75.74,75.35,75.38
2026-05-21 04:00:00+00:00,75.38,75.82,75.33,75.76
2026-05-21 05:00:00+00:00,75.76,75.82,74.99,75.43
2026-05-21 06:00:00+00:00,75.42,75.67,74.83,74.94
2026-05-21 07:00:00+00:00,74.95,75.19,74.82,74.87
2026-05-21 08:00:00+00:00,74.87,75.62,74.74,75.57
2026-05-21 09:00:00+00:00,75.57,75.91,75.4,75.49
2026-05-21 10:00:00+00:00,75.49,75.63,74.61,74.78
2026-05-21 11:00:00+00:00,74.78,75.19,74.74,75.05
2026-05-21 12:00:00+00:00,75.06,75.22,74.74,74.77
2026-05-21 13:00:00+00:00,74.77,75.77,74.48,75.46
2026-05-21 14:00:00+00:00,75.46,75.48,74.92,75.17
2026-05-21 15:00:00+00:00,75.17,75.63,74.96,75.58
2026-05-21 16:00:00+00:00,75.59,76.08,75.59,76.04
2026-05-21 17:00:00+00:00,76.05,77.2,75.95,76.85
2026-05-21 18:00:00+00:00,76.85,77.04,76.12,76.36
2026-05-21 19:00:00+00:00,76.35,76.93,76.28,76.8
2026-05-21 20:00:00+00:00,76.8,76.81,76.61,76.71
2026-05-21 21:00:00+00:00,76.71,76.76,76.66,76.72
2026-05-21 22:00:00+00:00,76.71,76.89,76.63,76.8
2026-05-21 23:00:00+00:00,76.81,76.86,76.53,76.69
2026-05-22 00:00:00+00:00,76.69,76.71,76.27,76.27
2026-05-22 01:00:00+00:00,76.27,76.72,76.03,76.46
2026-05-22 02:00:00+00:00,76.46,76.54,75.96,76.37
2026-05-22 03:00:00+00:00,76.37,76.55,76.06,76.53
2026-05-22 04:00:00+00:00,76.53,76.73,76.51,76.61
2026-05-22 05:00:00+00:00,76.61,77.12,75.89,75.96
2026-05-22 06:00:00+00:00,75.97,76.64,75.81,76.35
2026-05-22 07:00:00+00:00,76.35,76.35,75.83,76.04
2026-05-22 08:00:00+00:00,76.05,76.27,75.75,75.97
2026-05-22 09:00:00+00:00,75.97,76.18,75.65,76.07
2026-05-22 10:00:00+00:00,76.08,76.27,75.81,75.92
2026-05-22 11:00:00+00:00,75.92,76.05,75.72,75.87
2026-05-22 12:00:00+00:00,75.86,76.42,75.5,76.22
2026-05-22 13:00:00+00:00,76.22,76.52,75.76,76.06
2026-05-22 14:00:00+00:00,76.06,76.06,74.99,75.32
2026-05-22 15:00:00+00:00,75.33,76.03,75.3,75.99
2026-05-22 16:00:00+00:00,76.0,76.32,75.78,75.94
2026-05-22 17:00:00+00:00,75.94,76.38,75.84,76.01
2026-05-22 18:00:00+00:00,76.02,76.14,75.85,75.94
2026-05-22 19:00:00+00:00,75.95,75.98,75.45,75.63
2026-05-22 20:00:00+00:00,75.64,75.66,75.43,75.58
2026-05-22 21:00:00+00:00,75.58,75.62,75.52,75.61
2026-05-22 22:00:00+00:00,75.61,75.63,75.51,75.56
2026-05-22 23:00:00+00:00,75.55,75.58,75.4,75.5
2026-05-23 00:00:00+00:00,75.49,75.56,75.48,75.55
2026-05-23 01:00:00+00:00,75.55,75.64,75.51,75.64
2026-05-23 02:00:00+00:00,75.64,75.7,75.55,75.68
2026-05-23 03:00:00+00:00,75.68,75.72,75.61,75.65
2026-05-23 04:00:00+00:00,75.65,75.66,75.64,75.66
2026-05-23 05:00:00+00:00,75.66,75.69,75.61,75.65
2026-05-23 06:00:00+00:00,75.65,75.66,75.61,75.61
2026-05-23 07:00:00+00:00,75.62,75.62,75.31,75.43
2026-05-23 08:00:00+00:00,75.44,75.44,75.36,75.39
2026-05-23 09:00:00+00:00,75.39,75.42,75.32,75.39
2026-05-23 10:00:00+00:00,75.39,75.4,75.38,75.39
2026-05-23 11:00:00+00:00,75.39,75.55,75.38,75.51
2026-05-23 12:00:00+00:00,75.51,75.52,75.45,75.47
2026-05-23 13:00:00+00:00,75.48,75.55,75.47,75.55
2026-05-23 14:00:00+00:00,75.55,75.7,75.54,75.69
2026-05-23 15:00:00+00:00,75.69,75.88,75.66,75.79
2026-05-23 16:00:00+00:00,75.79,75.8,75.67,75.72
2026-05-23 17:00:00+00:00,75.72,75.8,75.71,75.77
2026-05-23 18:00:00+00:00,75.76,76.05,75.76,75.91
2026-05-23 19:00:00+00:00,75.91,76.05,75.88,75.95
2026-05-23 20:00:00+00:00,75.95,77.77,75.94,77.72
2026-05-23 21:00:00+00:00,77.72,77.8,76.69,76.75
2026-05-23 22:00:00+00:00,76.76,77.06,76.75,76.99
2026-05-23 23:00:00+00:00,77.0,77.62,76.96,77.54
2026-05-24 00:00:00+00:00,77.54,77.71,77.23,77.39
2026-05-24 01:00:00+00:00,77.39,77.52,77.14,77.5
2026-05-24 02:00:00+00:00,77.5,77.56,77.41,77.44
2026-05-24 03:00:00+00:00,77.45,77.88,77.44,77.64
2026-05-24 04:00:00+00:00,77.65,77.71,77.46,77.46
2026-05-24 05:00:00+00:00,77.46,77.55,77.41,77.52
2026-05-24 06:00:00+00:00,77.52,77.61,77.36,77.59
2026-05-24 07:00:00+00:00,77.6,77.6,77.22,77.38
2026-05-24 08:00:00+00:00,77.37,77.44,77.24,77.29
2026-05-24 09:00:00+00:00,77.3,77.42,77.18,77.42
2026-05-24 10:00:00+00:00,77.42,77.51,77.31,77.37
2026-05-24 11:00:00+00:00,77.37,77.52,77.35,77.36
2026-05-24 12:00:00+00:00,77.36,77.4,76.86,77.0
2026-05-24 13:00:00+00:00,77.0,77.14,76.73,76.82
2026-05-24 14:00:00+00:00,76.83,76.95,75.89,76.26
2026-05-24 15:00:00+00:00,76.27,76.8,76.13,76.69
2026-05-24 16:00:00+00:00,76.68,76.85,76.61,76.76
2026-05-24 17:00:00+00:00,76.75,76.76,76.52,76.66
2026-05-24 18:00:00+00:00,76.65,76.69,76.53,76.55
2026-05-24 19:00:00+00:00,76.54,76.55,76.29,76.39
2026-05-24 20:00:00+00:00,76.39,76.47,76.25,76.3
2026-05-24 21:00:00+00:00,76.3,76.79,76.03,76.09
2026-05-24 22:00:00+00:00,76.1,77.9,76.1,77.88
2026-05-24 23:00:00+00:00,77.89,78.88,77.88,78.25
2026-05-25 00:00:00+00:00,78.24,78.82,78.02,78.24
2026-05-25 01:00:00+00:00,78.24,78.61,77.77,77.87
2026-05-25 02:00:00+00:00,77.87,78.1,77.52,77.64
2026-05-25 03:00:00+00:00,77.64,77.87,77.37,77.7
2026-05-25 04:00:00+00:00,77.69,78.05,77.66,77.98
2026-05-25 05:00:00+00:00,77.97,77.99,77.49,77.58
2026-05-25 06:00:00+00:00,77.57,77.77,77.41,77.75
2026-05-25 07:00:00+00:00,77.75,78.0,77.39,77.99
2026-05-25 08:00:00+00:00,77.99,78.11,77.77,77.95
2026-05-25 09:00:00+00:00,77.96,78.17,77.84,78.12
2026-05-25 10:00:00+00:00,78.11,78.29,78.08,78.18
2026-05-25 11:00:00+00:00,78.18,78.33,78.07,78.08
2026-05-25 12:00:00+00:00,78.07,78.07,77.69,77.87
2026-05-25 13:00:00+00:00,77.87,77.87,77.39,77.63
2026-05-25 14:00:00+00:00,77.63,77.97,77.6,77.84
2026-05-25 15:00:00+00:00,77.83,78.09,77.8,77.84
2026-05-25 16:00:00+00:00,77.84,78.11,77.76,78.08
2026-05-25 17:00:00+00:00,78.08,78.54,78.03,78.14
2026-05-25 18:00:00+00:00,78.14,78.23,78.05,78.09
2026-05-25 19:00:00+00:00,78.09,78.11,77.97,78.09
2026-05-25 20:00:00+00:00,78.09,78.17,78.07,78.07
2026-05-25 21:00:00+00:00,78.07,78.12,78.02,78.04
2026-05-25 22:00:00+00:00,78.04,78.44,77.97,78.21
2026-05-25 23:00:00+00:00,78.21,78.41,77.23,77.73
2026-05-26 00:00:00+00:00,77.73,77.75,77.17,77.6
2026-05-26 01:00:00+00:00,77.6,77.62,75.79,76.47
2026-05-26 02:00:00+00:00,76.47,76.93,76.4,76.57
2026-05-26 03:00:00+00:00,76.57,77.09,76.56,76.93
2026-05-26 04:00:00+00:00,76.93,76.95,76.45,76.49
2026-05-26 05:00:00+00:00,76.49,76.89,76.34,76.54
2026-05-26 06:00:00+00:00,76.53,76.74,76.43,76.6
2026-05-26 07:00:00+00:00,76.61,76.69,75.96,76.48
2026-05-26 08:00:00+00:00,76.48,76.52,76.04,76.11
2026-05-26 09:00:00+00:00,76.12,76.27,75.73,76.04
2026-05-26 10:00:00+00:00,76.05,76.68,75.97,76.43
2026-05-26 11:00:00+00:00,76.43,76.47,75.97,76.07
2026-05-26 12:00:00+00:00,76.07,76.3,75.58,76.29
2026-05-26 13:00:00+00:00,76.28,76.68,75.98,76.07
2026-05-26 14:00:00+00:00,76.06,76.61,75.9,76.36
2026-05-26 15:00:00+00:00,76.36,76.37,75.91,76.06
2026-05-26 16:00:00+00:00,76.06,76.42,75.99,76.22
2026-05-26 17:00:00+00:00,76.23,76.42,76.0,76.04
2026-05-26 18:00:00+00:00,76.04,76.53,75.92,76.49
2026-05-26 19:00:00+00:00,76.5,77.13,76.47,77.11
2026-05-26 20:00:00+00:00,77.1,77.14,76.9,76.99
2026-05-26 21:00:00+00:00,76.99,77.04,76.93,77.02
2026-05-26 22:00:00+00:00,77.02,77.32,76.98,77.3
2026-05-26 23:00:00+00:00,77.31,77.57,77.13,77.41
2026-05-27 00:00:00+00:00,77.4,77.6,77.21,77.26
2026-05-27 01:00:00+00:00,77.25,77.52,76.79,76.84
2026-05-27 02:00:00+00:00,76.84,76.99,76.58,76.88
2026-05-27 03:00:00+00:00,76.88,77.05,76.63,76.63
2026-05-27 04:00:00+00:00,76.63,77.08,76.6,76.88
2026-05-27 05:00:00+00:00,76.88,76.99,75.66,75.76
2026-05-27 06:00:00+00:00,75.77,75.9,74.81,75.24
2026-05-27 07:00:00+00:00,75.24,75.41,74.71,75.07
2026-05-27 08:00:00+00:00,75.07,75.56,75.03,75.54
2026-05-27 09:00:00+00:00,75.53,75.6,75.31,75.49
2026-05-27 10:00:00+00:00,75.49,75.57,74.17,74.37
2026-05-27 11:00:00+00:00,74.38,74.66,73.48,73.9
2026-05-27 12:00:00+00:00,73.9,75.25,73.83,74.43
2026-05-27 13:00:00+00:00,74.43,74.79,73.96,74.62
2026-05-27 14:00:00+00:00,74.63,75.13,74.33,74.37
2026-05-27 15:00:00+00:00,74.37,74.74,74.23,74.57
2026-05-27 16:00:00+00:00,74.57,74.9,74.49,74.76
2026-05-27 17:00:00+00:00,74.76,74.78,74.53,74.55
2026-05-27 18:00:00+00:00,74.54,75.04,74.47,74.85
2026-05-27 19:00:00+00:00,74.85,74.88,74.62,74.7
2026-05-27 20:00:00+00:00,74.7,74.82,74.64,74.69
2026-05-27 21:00:00+00:00,74.69,74.88,74.65,74.76
2026-05-27 22:00:00+00:00,74.77,74.92,74.65,74.72
2026-05-27 23:00:00+00:00,74.72,74.75,74.38,74.53
2026-05-28 00:00:00+00:00,74.53,75.0,74.47,74.97
2026-05-28 01:00:00+00:00,74.97,75.01,73.05,73.19
2026-05-28 02:00:00+00:00,73.19,73.58,73.04,73.14
2026-05-28 03:00:00+00:00,73.14,73.34,72.25,72.34
2026-05-28 04:00:00+00:00,72.35,72.57,71.89,72.08
2026-05-28 05:00:00+00:00,72.07,73.34,71.85,73.14
2026-05-28 06:00:00+00:00,73.15,73.29,72.73,73.21
2026-05-28 07:00:00+00:00,73.21,73.61,73.21,73.54
2026-05-28 08:00:00+00:00,73.55,73.7,73.25,73.29
2026-05-28 09:00:00+00:00,73.3,73.69,73.28,73.58
2026-05-28 10:00:00+00:00,73.59,73.64,72.83,73.08
2026-05-28 11:00:00+00:00,73.07,73.28,72.8,73.08
2026-05-28 12:00:00+00:00,73.09,74.22,72.84,74.19
2026-05-28 13:00:00+00:00,74.19,74.26,73.26,73.45
2026-05-28 14:00:00+00:00,73.45,74.92,73.21,74.67
2026-05-28 15:00:00+00:00,74.68,75.12,74.54,75.12
2026-05-28 16:00:00+00:00,75.12,75.86,74.86,75.81
2026-05-28 17:00:00+00:00,75.82,76.04,75.58,75.96
2026-05-28 18:00:00+00:00,75.96,76.07,75.64,75.69
2026-05-28 19:00:00+00:00,75.7,75.74,75.58,75.62
2026-05-28 20:00:00+00:00,75.61,75.78,75.6,75.7
2026-05-28 21:00:00+00:00,75.69,75.73,75.66,75.7
2026-05-28 22:00:00+00:00,75.7,75.86,75.62,75.63
2026-05-28 23:00:00+00:00,75.63,75.87,75.58,75.73
2026-05-29 00:00:00+00:00,75.72,76.22,75.63,75.7
2026-05-29 01:00:00+00:00,75.7,76.5,75.66,76.03
2026-05-29 02:00:00+00:00,76.04,76.23,75.67,75.81
2026-05-29 03:00:00+00:00,75.82,75.85,75.42,75.56
2026-05-29 04:00:00+00:00,75.56,76.03,75.56,75.97
2026-05-29 05:00:00+00:00,75.97,76.0,75.39,75.68
2026-05-29 06:00:00+00:00,75.68,75.91,75.47,75.9
2026-05-29 07:00:00+00:00,75.89,75.91,75.28,75.62
2026-05-29 08:00:00+00:00,75.62,75.62,75.02,75.14
2026-05-29 09:00:00+00:00,75.13,75.81,75.09,75.66
2026-05-29 10:00:00+00:00,75.65,75.83,75.46,75.82
2026-05-29 11:00:00+00:00,75.81,75.86,75.41,75.79
2026-05-29 12:00:00+00:00,75.8,75.8,75.19,75.71
2026-05-29 13:00:00+00:00,75.72,75.91,75.26,75.54
2026-05-29 14:00:00+00:00,75.54,75.83,74.67,75.68
2026-05-29 15:00:00+00:00,75.69,76.71,75.58,75.8
2026-05-29 16:00:00+00:00,75.8,76.02,75.5,75.9
2026-05-29 17:00:00+00:00,75.89,75.98,75.38,75.46
2026-05-29 18:00:00+00:00,75.46,75.81,75.43,75.53
2026-05-29 19:00:00+00:00,75.52,75.85,75.51,75.62
2026-05-29 20:00:00+00:00,75.62,75.73,75.29,75.3
2026-05-29 21:00:00+00:00,75.3,75.57,75.28,75.49
2026-05-29 22:00:00+00:00,75.49,75.56,75.43,75.5
2026-05-29 23:00:00+00:00,75.5,75.52,75.44,75.49
2026-05-30 00:00:00+00:00,75.49,75.51,75.45,75.45
2026-05-30 01:00:00+00:00,75.45,75.47,75.42,75.44
2026-05-30 02:00:00+00:00,75.45,75.47,75.43,75.46
2026-05-30 03:00:00+00:00,75.46,75.46,75.38,75.38
2026-05-30 04:00:00+00:00,75.39,75.42,75.32,75.41
2026-05-30 05:00:00+00:00,75.4,75.45,75.37,75.39
2026-05-30 06:00:00+00:00,75.39,75.44,75.38,75.43
2026-05-30 07:00:00+00:00,75.43,75.45,75.42,75.44
2026-05-30 08:00:00+00:00,75.43,75.45,75.41,75.41
2026-05-30 09:00:00+00:00,75.42,75.44,75.41,75.42
2026-05-30 10:00:00+00:00,75.43,75.49,75.42,75.48
2026-05-30 11:00:00+00:00,75.48,75.48,75.42,75.43
2026-05-30 12:00:00+00:00,75.43,75.44,75.4,75.43
2026-05-30 13:00:00+00:00,75.43,75.43,75.38,75.39
2026-05-30 14:00:00+00:00,75.4,75.41,75.34,75.35
2026-05-30 15:00:00+00:00,75.35,75.4,75.35,75.39
2026-05-30 16:00:00+00:00,75.39,75.45,75.36,75.43
2026-05-30 17:00:00+00:00,75.43,75.48,75.4,75.46
2026-05-30 18:00:00+00:00,75.45,75.48,75.45,75.47
2026-05-30 19:00:00+00:00,75.47,75.48,75.46,75.47
2026-05-30 20:00:00+00:00,75.46,75.48,75.45,75.46
2026-05-30 21:00:00+00:00,75.46,75.49,75.45,75.48
2026-05-30 22:00:00+00:00,75.49,75.49,75.4,75.42
2026-05-30 23:00:00+00:00,75.42,75.42,75.36,75.38
2026-05-31 00:00:00+00:00,75.38,75.41,75.36,75.39
2026-05-31 01:00:00+00:00,75.4,75.42,75.38,75.39
2026-05-31 02:00:00+00:00,75.39,75.41,75.24,75.26
2026-05-31 03:00:00+00:00,75.25,75.27,75.24,75.25
2026-05-31 04:00:00+00:00,75.26,75.35,75.24,75.29
2026-05-31 05:00:00+00:00,75.28,75.35,75.28,75.33
2026-05-31 06:00:00+00:00,75.34,75.41,75.29,75.38
2026-05-31 07:00:00+00:00,75.39,75.43,75.38,75.43
2026-05-31 08:00:00+00:00,75.44,75.46,75.4,75.41
2026-05-31 09:00:00+00:00,75.42,75.43,75.35,75.35
2026-05-31 10:00:00+00:00,75.36,75.37,75.32,75.33
2026-05-31 11:00:00+00:00,75.33,75.37,75.32,75.37
2026-05-31 12:00:00+00:00,75.37,75.4,75.36,75.38
2026-05-31 13:00:00+00:00,75.38,75.42,75.36,75.37
2026-05-31 14:00:00+00:00,75.37,75.41,75.33,75.36
2026-05-31 15:00:00+00:00,75.36,75.41,75.32,75.35
2026-05-31 16:00:00+00:00,75.35,75.45,75.32,75.4
2026-05-31 17:00:00+00:00,75.4,75.44,75.35,75.36
2026-05-31 18:00:00+00:00,75.37,75.41,75.34,75.4
2026-05-31 19:00:00+00:00,75.39,75.42,75.34,75.34
2026-05-31 20:00:00+00:00,75.34,75.38,75.3,75.36
2026-05-31 21:00:00+00:00,75.35,75.54,75.26,75.35
2026-05-31 22:00:00+00:00,75.35,75.4,74.01,75.14
2026-05-31 23:00:00+00:00,75.15,75.77,75.12,75.64
2026-06-01 00:00:00+00:00,75.63,75.83,75.51,75.62
2026-06-01 01:00:00+00:00,75.63,75.81,74.89,75.59
2026-06-01 02:00:00+00:00,75.59,76.06,75.53,75.66
2026-06-01 03:00:00+00:00,75.66,75.87,75.24,75.47
2026-06-01 04:00:00+00:00,75.47,75.62,75.39,75.61
2026-06-01 05:00:00+00:00,75.62,76.07,75.57,75.89
2026-06-01 06:00:00+00:00,75.9,75.94,75.35,75.47
2026-06-01 07:00:00+00:00,75.46,75.92,75.36,75.83
2026-06-01 08:00:00+00:00,75.84,75.92,75.43,75.79
2026-06-01 09:00:00+00:00,75.79,76.37,75.7,75.73
2026-06-01 10:00:00+00:00,75.73,76.04,75.72,75.77
2026-06-01 11:00:00+00:00,75.78,75.99,75.61,75.78
2026-06-01 12:00:00+00:00,75.78,75.95,75.39,75.81
2026-06-01 13:00:00+00:00,75.82,75.92,73.94,74.01
2026-06-01 14:00:00+00:00,74.0,74.59,73.88,74.38
2026-06-01 15:00:00+00:00,74.38,75.33,74.31,74.97
2026-06-01 16:00:00+00:00,74.98,75.16,74.64,75.05
2026-06-01 17:00:00+00:00,75.05,75.51,74.94,75.41
2026-06-01 18:00:00+00:00,75.41,75.43,75.15,75.28
2026-06-01 19:00:00+00:00,75.28,75.29,74.85,74.9
2026-06-01 20:00:00+00:00,74.91,75.03,74.85,74.93
2026-06-01 21:00:00+00:00,74.93,75.11,74.91,75.08
2026-06-01 22:00:00+00:00,75.08,75.1,74.78,75.04
2026-06-01 23:00:00+00:00,75.04,75.22,74.94,75.1
2026-06-02 00:00:00+00:00,75.11,75.37,74.85,74.98
2026-06-02 01:00:00+00:00,74.97,75.98,74.57,74.91
2026-06-02 02:00:00+00:00,74.9,75.39,74.89,75.35
2026-06-02 03:00:00+00:00,75.36,75.59,75.22,75.35
2026-06-02 04:00:00+00:00,75.35,75.94,75.31,75.81
2026-06-02 05:00:00+00:00,75.81,76.94,75.77,76.47
2026-06-02 06:00:00+00:00,76.47,76.85,76.44,76.8
2026-06-02 07:00:00+00:00,76.79,76.98,76.62,76.96
2026-06-02 08:00:00+00:00,76.96,77.08,76.47,76.53
2026-06-02 09:00:00+00:00,76.53,76.65,76.23,76.35
2026-06-02 10:00:00+00:00,76.36,76.48,76.23,76.46
2026-06-02 11:00:00+00:00,76.45,76.52,76.29,76.36
2026-06-02 12:00:00+00:00,76.37,76.77,76.07,76.17
2026-06-02 13:00:00+00:00,76.18,76.6,75.86,75.96
2026-06-02 14:00:00+00:00,75.95,76.05,75.3,75.77
2026-06-02 15:00:00+00:00,75.77,76.09,75.75,75.83
2026-06-02 16:00:00+00:00,75.83,75.86,75.36,75.51
2026-06-02 17:00:00+00:00,75.51,75.59,75.08,75.16
2026-06-02 18:00:00+00:00,75.17,75.34,74.81,75.2
2026-06-02 19:00:00+00:00,75.2,75.28,75.04,75.23
2026-06-02 20:00:00+00:00,75.23,75.31,75.15,75.21
2026-06-02 21:00:00+00:00,75.22,75.3,75.21,75.26
2026-06-02 22:00:00+00:00,75.26,75.35,75.0,75.01
2026-06-02 23:00:00+00:00,75.01,75.05,74.36,74.9
2026-06-03 00:00:00+00:00,74.9,75.41,74.79,75.21
2026-06-03 01:00:00+00:00,75.21,75.28,73.84,74.81
2026-06-03 02:00:00+00:00,74.81,75.05,74.6,74.98
2026-06-03 03:00:00+00:00,74.99,75.27,74.97,75.21
2026-06-03 04:00:00+00:00,75.22,75.29,74.77,74.77
2026-06-03 05:00:00+00:00,74.77,74.97,74.45,74.48
2026-06-03 06:00:00+00:00,74.48,74.75,74.1,74.41
2026-06-03 07:00:00+00:00,74.42,74.62,74.13,74.15
2026-06-03 08:00:00+00:00,74.15,74.45,74.07,74.17
2026-06-03 09:00:00+00:00,74.17,74.51,74.03,74.06
2026-06-03 10:00:00+00:00,74.06,74.88,74.02,74.41
2026-06-03 11:00:00+00:00,74.42,74.64,74.36,74.58
2026-06-03 12:00:00+00:00,74.58,74.64,73.98,74.25
2026-06-03 13:00:00+00:00,74.25,74.55,73.23,73.84
2026-06-03 14:00:00+00:00,73.84,74.05,73.59,73.99
2026-06-03 15:00:00+00:00,73.99,74.04,73.27,73.45
2026-06-03 16:00:00+00:00,73.46,73.56,73.17,73.49
2026-06-03 17:00:00+00:00,73.5,73.75,73.23,73.34
2026-06-03 18:00:00+00:00,73.35,73.44,73.18,73.3
2026-06-03 19:00:00+00:00,73.3,73.54,73.21,73.27
2026-06-03 20:00:00+00:00,73.27,73.29,72.65,72.79
2026-06-03 21:00:00+00:00,72.79,73.27,72.78,73.24
2026-06-03 22:00:00+00:00,73.25,73.31,72.49,73.2
2026-06-03 23:00:00+00:00,73.19,73.46,73.06,73.25
2026-06-04 00:00:00+00:00,73.26,73.58,73.07,73.34
2026-06-04 01:00:00+00:00,73.33,73.88,72.81,73.16
2026-06-04 02:00:00+00:00,73.16,73.76,72.98,73.66
2026-06-04 03:00:00+00:00,73.66,73.79,73.31,73.54
2026-06-04 04:00:00+00:00,73.54,73.98,73.48,73.76
2026-06-04 05:00:00+00:00,73.77,73.77,73.16,73.25
2026-06-04 06:00:00+00:00,73.26,73.54,72.94,73.21
2026-06-04 07:00:00+00:00,73.21,73.34,73.05,73.24
2026-06-04 08:00:00+00:00,73.24,73.54,73.16,73.33
2026-06-04 09:00:00+00:00,73.34,73.7,73.25,73.56
2026-06-04 10:00:00+00:00,73.57,73.61,73.4,73.51
2026-06-04 11:00:00+00:00,73.51,74.74,73.43,74.68
2026-06-04 12:00:00+00:00,74.67,74.74,74.12,74.61
2026-06-04 13:00:00+00:00,74.62,75.21,74.39,74.39
2026-06-04 14:00:00+00:00,74.4,74.51,73.27,73.58
2026-06-04 15:00:00+00:00,73.57,73.95,73.52,73.93
2026-06-04 16:00:00+00:00,73.93,74.04,73.83,73.9
2026-06-04 17:00:00+00:00,73.9,74.15,73.68,73.98
2026-06-04 18:00:00+00:00,73.98,74.17,73.87,74.04
2026-06-04 19:00:00+00:00,74.05,74.21,73.97,74.13
2026-06-04 20:00:00+00:00,74.13,74.14,73.93,73.98
2026-06-04 21:00:00+00:00,73.98,74.1,73.92,73.94
2026-06-04 22:00:00+00:00,73.94,74.09,73.89,73.96
2026-06-04 23:00:00+00:00,73.97,74.18,73.84,73.88
2026-06-05 00:00:00+00:00,73.87,73.92,73.34,73.35
2026-06-05 01:00:00+00:00,73.35,73.39,72.51,72.71
2026-06-05 02:00:00+00:00,72.71,73.02,72.41,72.61
2026-06-05 03:00:00+00:00,72.61,72.78,72.36,72.73
2026-06-05 04:00:00+00:00,72.74,72.88,72.58,72.85
2026-06-05 05:00:00+00:00,72.84,72.89,72.2,72.28
2026-06-05 06:00:00+00:00,72.29,72.65,71.3,72.61
2026-06-05 07:00:00+00:00,72.61,72.78,72.47,72.66
2026-06-05 08:00:00+00:00,72.66,72.84,72.46,72.63
2026-06-05 09:00:00+00:00,72.62,72.98,72.56,72.82
2026-06-05 10:00:00+00:00,72.81,72.95,72.7,72.9
2026-06-05 11:00:00+00:00,72.89,73.06,72.56,73.01
2026-06-05 12:00:00+00:00,73.01,73.5,71.41,71.52
2026-06-05 13:00:00+00:00,71.52,71.56,69.6,69.64
2026-06-05 14:00:00+00:00,69.65,69.99,68.79,69.45
2026-06-05 15:00:00+00:00,69.45,69.52,68.51,68.79
2026-06-05 16:00:00+00:00,68.79,69.3,68.47,69.26
2026-06-05 17:00:00+00:00,69.27,69.37,68.82,68.96
2026-06-05 18:00:00+00:00,68.97,69.0,68.04,68.31
2026-06-05 19:00:00+00:00,68.31,68.32,67.87,68.09
2026-06-05 20:00:00+00:00,68.1,68.12,67.63,67.94
2026-06-05 21:00:00+00:00,67.93,68.08,67.88,67.89
2026-06-05 22:00:00+00:00,67.89,67.93,67.82,67.85
2026-06-05 23:00:00+00:00,67.85,67.94,67.77,67.8
2026-06-06 00:00:00+00:00,67.8,67.88,67.78,67.86
2026-06-06 01:00:00+00:00,67.85,67.99,67.83,67.84
2026-06-06 02:00:00+00:00,67.84,67.84,67.75,67.75
2026-06-06 03:00:00+00:00,67.76,67.79,67.75,67.76
2026-06-06 04:00:00+00:00,67.76,67.8,67.6,67.63
2026-06-06 05:00:00+00:00,67.63,67.84,67.6,67.83
2026-06-06 06:00:00+00:00,67.83,67.91,67.82,67.89
2026-06-06 07:00:00+00:00,67.89,67.94,67.86,67.86
2026-06-06 08:00:00+00:00,67.86,67.91,67.8,67.91
2026-06-06 09:00:00+00:00,67.91,67.92,67.82,67.85
2026-06-06 10:00:00+00:00,67.85,67.86,67.64,67.75
2026-06-06 11:00:00+00:00,67.75,67.82,67.74,67.81
2026-06-06 12:00:00+00:00,67.81,67.87,67.77,67.85
2026-06-06 13:00:00+00:00,67.85,67.87,67.82,67.85
2026-06-06 14:00:00+00:00,67.84,67.87,67.78,67.78
2026-06-06 15:00:00+00:00,67.79,67.85,67.77,67.81
2026-06-06 16:00:00+00:00,67.81,67.87,67.8,67.84
2026-06-06 17:00:00+00:00,67.83,67.86,67.77,67.78
2026-06-06 18:00:00+00:00,67.77,67.83,67.74,67.8
2026-06-06 19:00:00+00:00,67.79,67.85,67.77,67.79
2026-06-06 20:00:00+00:00,67.79,67.84,67.78,67.8
2026-06-06 21:00:00+00:00,67.8,67.82,67.77,67.79
2026-06-06 22:00:00+00:00,67.78,67.83,67.76,67.83
2026-06-06 23:00:00+00:00,67.83,67.87,67.82,67.87
2026-06-07 00:00:00+00:00,67.87,67.88,67.86,67.86
2026-06-07 01:00:00+00:00,67.87,67.95,67.86,67.95
2026-06-07 02:00:00+00:00,67.94,68.25,67.9,68.17
2026-06-07 03:00:00+00:00,68.17,68.17,68.07,68.14
2026-06-07 04:00:00+00:00,68.14,68.35,68.03,68.3
2026-06-07 05:00:00+00:00,68.29,68.53,68.13,68.4
2026-06-07 06:00:00+00:00,68.4,68.59,68.33,68.47
2026-06-07 07:00:00+00:00,68.47,68.51,68.2,68.49
2026-06-07 08:00:00+00:00,68.5,68.76,68.48,68.68
2026-06-07 09:00:00+00:00,68.69,68.72,68.52,68.62
2026-06-07 10:00:00+00:00,68.62,68.62,68.27,68.48
2026-06-07 11:00:00+00:00,68.48,68.55,68.43,68.52
2026-06-07 12:00:00+00:00,68.52,68.54,68.04,68.16
2026-06-07 13:00:00+00:00,68.16,68.34,68.08,68.23
2026-06-07 14:00:00+00:00,68.23,68.47,68.22,68.33
2026-06-07 15:00:00+00:00,68.33,68.44,68.26,68.32
2026-06-07 16:00:00+00:00,68.32,68.54,68.27,68.34
2026-06-07 17:00:00+00:00,68.35,68.62,68.27,68.28
2026-06-07 18:00:00+00:00,68.28,68.34,68.1,68.18
2026-06-07 19:00:00+00:00,68.17,68.18,67.82,67.97
2026-06-07 20:00:00+00:00,67.97,68.12,67.86,67.94
2026-06-07 21:00:00+00:00,67.94,68.07,67.6,67.68
2026-06-07 22:00:00+00:00,67.67,68.25,67.03,67.42
2026-06-07 23:00:00+00:00,67.42,68.29,67.42,68.25
2026-06-08 00:00:00+00:00,68.25,68.58,68.07,68.41
2026-06-08 01:00:00+00:00,68.41,68.56,66.94,67.87
2026-06-08 02:00:00+00:00,67.88,68.08,67.46,67.59
2026-06-08 03:00:00+00:00,67.6,67.9,67.34,67.9
2026-06-08 04:00:00+00:00,67.91,68.08,67.67,67.84
2026-06-08 05:00:00+00:00,67.84,67.95,66.21,66.69
2026-06-08 06:00:00+00:00,66.69,67.39,66.68,67.15
2026-06-08 07:00:00+00:00,67.14,67.58,66.9,66.97
2026-06-08 08:00:00+00:00,66.97,67.16,66.81,67.05
2026-06-08 09:00:00+00:00,67.05,67.38,66.62,67.09
2026-06-08 10:00:00+00:00,67.08,67.49,66.81,67.19
2026-06-08 11:00:00+00:00,67.19,68.61,67.11,68.48
2026-06-08 12:00:00+00:00,68.48,68.98,68.13,68.94
2026-06-08 13:00:00+00:00,68.93,68.99,67.98,68.01
2026-06-08 14:00:00+00:00,68.02,68.52,67.77,68.5
2026-06-08 15:00:00+00:00,68.5,68.91,68.27,68.71
2026-06-08 16:00:00+00:00,68.71,68.85,68.62,68.67
2026-06-08 17:00:00+00:00,68.67,68.72,68.26,68.48
2026-06-08 18:00:00+00:00,68.47,68.7,68.31,68.34
2026-06-08 19:00:00+00:00,68.35,68.48,68.09,68.16
2026-06-08 20:00:00+00:00,68.15,68.27,68.02,68.25
2026-06-08 21:00:00+00:00,68.25,68.51,68.25,68.37
2026-06-08 22:00:00+00:00,68.36,68.36,68.1,68.22
2026-06-08 23:00:00+00:00,68.22,68.23,67.85,67.92
2026-06-09 00:00:00+00:00,67.91,68.01,67.5,67.78
2026-06-09 01:00:00+00:00,67.78,68.35,67.54,68.1
2026-06-09 02:00:00+00:00,68.1,68.12,67.69,67.72
2026-06-09 03:00:00+00:00,67.72,68.15,67.57,68.04
2026-06-09 04:00:00+00:00,68.04,68.06,67.81,67.98
2026-06-09 05:00:00+00:00,67.97,68.64,67.88,68.4
2026-06-09 06:00:00+00:00,68.4,68.66,68.31,68.35
2026-06-09 07:00:00+00:00,68.35,68.54,68.15,68.39
2026-06-09 08:00:00+00:00,68.39,68.89,68.2,68.47
2026-06-09 09:00:00+00:00,68.46,68.58,68.25,68.42
2026-06-09 10:00:00+00:00,68.42,68.66,68.2,68.65
2026-06-09 11:00:00+00:00,68.64,68.75,68.49,68.61
2026-06-09 12:00:00+00:00,68.62,68.71,68.37,68.68
2026-06-09 13:00:00+00:00,68.69,69.09,67.92,68.08
2026-06-09 14:00:00+00:00,68.08,68.2,65.27,66.15
2026-06-09 15:00:00+00:00,66.15,66.36,65.19,65.33
2026-06-09 16:00:00+00:00,65.32,65.61,64.41,64.96
2026-06-09 17:00:00+00:00,64.96,65.42,64.93,65.19
2026-06-09 18:00:00+00:00,65.18,65.8,65.09,65.73
2026-06-09 19:00:00+00:00,65.74,65.86,65.06,65.28
2026-06-09 20:00:00+00:00,65.29,65.48,65.22,65.42
2026-06-09 21:00:00+00:00,65.41,65.59,65.36,65.41
2026-06-09 22:00:00+00:00,65.42,65.42,64.84,64.98
2026-06-09 23:00:00+00:00,64.98,65.21,64.69,64.97
2026-06-10 00:00:00+00:00,64.97,65.18,64.29,64.73
2026-06-10 01:00:00+00:00,64.74,65.11,63.85,64.71
2026-06-10 02:00:00+00:00,64.71,64.81,63.8,63.86
2026-06-10 03:00:00+00:00,63.86,64.31,63.74,64.22
2026-06-10 04:00:00+00:00,64.23,64.31,63.54,63.6
2026-06-10 05:00:00+00:00,63.6,64.77,63.52,64.63
2026-06-10 06:00:00+00:00,64.63,65.32,64.59,65.03
2026-06-10 07:00:00+00:00,65.02,65.04,64.43,64.45
2026-06-10 08:00:00+00:00,64.45,64.46,63.62,63.85
2026-06-10 09:00:00+00:00,63.85,64.32,63.76,64.07
2026-06-10 10:00:00+00:00,64.07,64.58,63.92,64.5
2026-06-10 11:00:00+00:00,64.51,64.55,63.8,63.85
2026-06-10 12:00:00+00:00,63.85,65.15,63.43,64.33
2026-06-10 13:00:00+00:00,64.33,65.81,64.12,65.64
2026-06-10 14:00:00+00:00,65.64,65.71,64.42,64.61
2026-06-10 15:00:00+00:00,64.61,65.16,64.31,64.99
2026-06-10 16:00:00+00:00,64.99,65.23,64.75,65.0
2026-06-10 17:00:00+00:00,65.0,65.26,64.53,64.93
2026-06-10 18:00:00+00:00,64.93,65.23,64.56,64.71
2026-06-10 19:00:00+00:00,64.71,64.71,63.78,63.83
2026-06-10 20:00:00+00:00,63.82,63.83,63.37,63.5
2026-06-10 21:00:00+00:00,63.49,63.57,63.41,63.41
2026-06-10 22:00:00+00:00,63.42,63.47,62.44,62.71
2026-06-10 23:00:00+00:00,62.71,62.88,61.53,62.26
2026-06-11 00:00:00+00:00,62.25,63.76,62.08,63.61
2026-06-11 01:00:00+00:00,63.6,64.58,63.3,64.11
2026-06-11 02:00:00+00:00,64.12,64.14,62.97,63.35
2026-06-11 03:00:00+00:00,63.35,63.73,63.03,63.63
2026-06-11 04:00:00+00:00,63.63,64.21,63.49,64.03
2026-06-11 05:00:00+00:00,64.03,64.42,63.65,63.99
2026-06-11 06:00:00+00:00,63.98,64.2,63.6,64.12
2026-06-11 07:00:00+00:00,64.12,64.56,63.95,64.45
2026-06-11 08:00:00+00:00,64.45,64.73,64.23,64.32
2026-06-11 09:00:00+00:00,64.31,64.36,64.0,64.13
2026-06-11 10:00:00+00:00,64.12,64.24,63.91,63.96
2026-06-11 11:00:00+00:00,63.96,64.11,63.54,63.79
2026-06-11 12:00:00+00:00,63.79,63.95,62.84,63.5
2026-06-11 13:00:00+00:00,63.5,64.36,63.36,64.1
2026-06-11 14:00:00+00:00,64.1,64.29,63.54,63.96
2026-06-11 15:00:00+00:00,63.96,64.36,63.77,64.05
2026-06-11 16:00:00+00:00,64.05,64.67,63.8,63.87
2026-06-11 17:00:00+00:00,63.88,66.62,63.68,65.93
2026-06-11 18:00:00+00:00,65.93,66.39,65.34,66.15
2026-06-11 19:00:00+00:00,66.15,67.62,66.15,67.3
2026-06-11 20:00:00+00:00,67.3,67.47,67.11,67.42
2026-06-11 21:00:00+00:00,67.43,67.43,67.29,67.41
2026-06-11 22:00:00+00:00,67.4,68.01,67.26,67.89
2026-06-11 23:00:00+00:00,67.89,67.93,67.39,67.55
2026-06-12 00:00:00+00:00,67.54,67.82,67.18,67.4
2026-06-12 01:00:00+00:00,67.4,67.51,66.5,66.93
2026-06-12 02:00:00+00:00,66.92,67.25,66.78,67.16
2026-06-12 03:00:00+00:00,67.17,67.59,67.09,67.21
2026-06-12 04:00:00+00:00,67.22,67.26,66.96,66.98
2026-06-12 05:00:00+00:00,66.98,67.05,66.54,66.61
2026-06-12 06:00:00+00:00,66.61,66.94,66.41,66.68
2026-06-12 07:00:00+00:00,66.69,66.71,65.92,66.42
2026-06-12 08:00:00+00:00,66.43,67.38,66.34,66.94
2026-06-12 09:00:00+00:00,66.95,67.59,66.93,67.27
2026-06-12 10:00:00+00:00,67.28,67.37,66.77,67.06
2026-06-12 11:00:00+00:00,67.07,67.45,66.87,67.23
2026-06-12 12:00:00+00:00,67.23,67.25,66.49,66.56
2026-06-12 13:00:00+00:00,66.55,67.08,66.25,66.3
2026-06-12 14:00:00+00:00,66.31,67.18,66.25,67.05
2026-06-12 15:00:00+00:00,67.06,68.09,66.89,67.51
2026-06-12 16:00:00+00:00,67.51,68.12,67.37,67.78
2026-06-12 17:00:00+00:00,67.78,68.22,67.68,68.07
2026-06-12 18:00:00+00:00,68.08,68.41,67.93,67.94
2026-06-12 19:00:00+00:00,67.94,68.1,67.63,67.8
2026-06-12 20:00:00+00:00,67.81,68.11,67.8,68.09
2026-06-12 21:00:00+00:00,68.1,68.12,67.93,68.01
2026-06-12 22:00:00+00:00,68.01,68.08,67.95,68.0
2026-06-12 23:00:00+00:00,67.99,68.05,67.97,68.03
2026-06-13 00:00:00+00:00,68.03,68.16,68.0,68.11
2026-06-13 01:00:00+00:00,68.11,68.17,68.1,68.14
2026-06-13 02:00:00+00:00,68.15,68.17,68.09,68.15
2026-06-13 03:00:00+00:00,68.15,68.15,68.0,68.04
2026-06-13 04:00:00+00:00,68.05,68.06,68.01,68.05
2026-06-13 05:00:00+00:00,68.04,68.11,68.01,68.11
2026-06-13 06:00:00+00:00,68.11,68.15,68.0,68.13
2026-06-13 07:00:00+00:00,68.14,68.14,68.11,68.13
2026-06-13 08:00:00+00:00,68.13,68.17,68.12,68.12
2026-06-13 09:00:00+00:00,68.12,68.13,68.06,68.07
2026-06-13 10:00:00+00:00,68.08,68.14,68.07,68.12
2026-06-13 11:00:00+00:00,68.12,68.15,68.09,68.1
2026-06-13 12:00:00+00:00,68.09,68.21,68.09,68.13
2026-06-13 13:00:00+00:00,68.13,68.18,68.08,68.12
2026-06-13 14:00:00+00:00,68.12,68.17,68.12,68.14
2026-06-13 15:00:00+00:00,68.15,68.18,68.13,68.17
2026-06-13 16:00:00+00:00,68.17,68.19,67.81,68.07
2026-06-13 17:00:00+00:00,68.08,68.13,68.03,68.08
2026-06-13 18:00:00+00:00,68.08,68.15,68.07,68.13
2026-06-13 19:00:00+00:00,68.14,68.2,68.13,68.16
2026-06-13 20:00:00+00:00,68.16,68.16,68.05,68.09
2026-06-13 21:00:00+00:00,68.1,68.17,68.02,68.14
2026-06-13 22:00:00+00:00,68.15,68.15,68.06,68.09
2026-06-13 23:00:00+00:00,68.1,68.14,68.08,68.12
2026-06-14 00:00:00+00:00,68.12,68.16,68.1,68.13
2026-06-14 01:00:00+00:00,68.13,68.16,68.12,68.12
2026-06-14 02:00:00+00:00,68.12,68.14,68.09,68.12
2026-06-14 03:00:00+00:00,68.12,68.15,68.11,68.13
2026-06-14 04:00:00+00:00,68.13,68.15,68.12,68.12
2026-06-14 05:00:00+00:00,68.12,68.16,68.1,68.15
2026-06-14 06:00:00+00:00,68.15,68.17,68.15,68.16
2026-06-14 07:00:00+00:00,68.17,68.2,68.12,68.19
2026-06-14 08:00:00+00:00,68.2,68.22,68.17,68.2
2026-06-14 09:00:00+00:00,68.2,68.22,68.2,68.21
2026-06-14 10:00:00+00:00,68.21,68.22,68.04,68.07
2026-06-14 11:00:00+00:00,68.07,68.17,68.04,68.16
2026-06-14 12:00:00+00:00,68.16,68.17,68.04,68.05
2026-06-14 13:00:00+00:00,68.05,68.13,68.05,68.05
2026-06-14 14:00:00+00:00,68.05,68.07,67.91,68.07
2026-06-14 15:00:00+00:00,68.08,68.09,67.9,67.92
2026-06-14 16:00:00+00:00,67.92,68.06,67.92,68.03
2026-06-14 17:00:00+00:00,68.03,68.08,68.03,68.05
2026-06-14 18:00:00+00:00,68.05,68.09,68.02,68.07
2026-06-14 19:00:00+00:00,68.07,68.13,68.03,68.09
2026-06-14 20:00:00+00:00,68.09,68.22,67.91,68.18
2026-06-14 21:00:00+00:00,68.18,69.36,68.16,69.29
2026-06-14 22:00:00+00:00,69.29,70.29,68.6,70.03
2026-06-14 23:00:00+00:00,70.02,70.35,69.76,70.31
2026-06-15 00:00:00+00:00,70.3,70.61,69.95,70.08
2026-06-15 01:00:00+00:00,70.08,70.54,69.91,70.3
2026-06-15 02:00:00+00:00,70.29,70.84,70.26,70.64
2026-06-15 03:00:00+00:00,70.63,70.64,70.29,70.41
2026-06-15 04:00:00+00:00,70.41,70.55,70.3,70.52
2026-06-15 05:00:00+00:00,70.53,70.63,69.91,70.03
2026-06-15 06:00:00+00:00,70.02,70.29,69.95,70.17
2026-06-15 07:00:00+00:00,70.17,70.45,70.03,70.31
2026-06-15 08:00:00+00:00,70.3,70.76,70.26,70.55
2026-06-15 09:00:00+00:00,70.55,70.85,70.55,70.75
2026-06-15 10:00:00+00:00,70.74,70.9,70.68,70.75
2026-06-15 11:00:00+00:00,70.75,71.09,70.66,70.82
2026-06-15 12:00:00+00:00,70.82,71.27,70.68,71.24
2026-06-15 13:00:00+00:00,71.23,71.39,70.81,71.08
2026-06-15 14:00:00+00:00,71.07,71.31,70.71,70.75
2026-06-15 15:00:00+00:00,70.74,70.89,70.41,70.71
2026-06-15 16:00:00+00:00,70.71,70.77,70.22,70.37
2026-06-15 17:00:00+00:00,70.36,70.36,70.02,70.18
2026-06-15 18:00:00+00:00,70.18,70.33,69.98,70.26
2026-06-15 19:00:00+00:00,70.26,70.27,70.05,70.23
2026-06-15 20:00:00+00:00,70.24,70.28,69.95,70.06
2026-06-15 21:00:00+00:00,70.05,70.1,69.98,69.99
2026-06-15 22:00:00+00:00,69.99,70.12,69.84,69.97
2026-06-15 23:00:00+00:00,69.97,70.08,69.86,69.99
2026-06-16 00:00:00+00:00,69.98,70.03,69.67,69.93
2026-06-16 01:00:00+00:00,69.92,70.04,69.32,69.38
2026-06-16 02:00:00+00:00,69.39,69.62,69.09,69.55
2026-06-16 03:00:00+00:00,69.55,69.93,69.48,69.87
2026-06-16 04:00:00+00:00,69.88,69.91,69.7,69.77
2026-06-16 05:00:00+00:00,69.77,70.02,69.29,69.36
2026-06-16 06:00:00+00:00,69.37,69.79,69.33,69.77
2026-06-16 07:00:00+00:00,69.77,70.19,69.75,70.17
2026-06-16 08:00:00+00:00,70.18,70.63,70.05,70.6
2026-06-16 09:00:00+00:00,70.61,70.71,70.47,70.48
2026-06-16 10:00:00+00:00,70.48,70.65,70.44,70.6
2026-06-16 11:00:00+00:00,70.59,70.63,70.3,70.59
2026-06-16 12:00:00+00:00,70.59,71.22,70.41,71.2
2026-06-16 13:00:00+00:00,71.19,71.24,70.17,70.21
2026-06-16 14:00:00+00:00,70.22,70.46,69.45,69.81
2026-06-16 15:00:00+00:00,69.8,70.35,69.67,70.11
2026-06-16 16:00:00+00:00,70.11,70.38,70.11,70.14
2026-06-16 17:00:00+00:00,70.14,70.3,69.79,70.29
2026-06-16 18:00:00+00:00,70.28,70.49,70.22,70.34
2026-06-16 19:00:00+00:00,70.34,70.44,70.06,70.14
2026-06-16 20:00:00+00:00,70.14,70.14,70.01,70.08
2026-06-16 21:00:00+00:00,70.08,70.12,70.05,70.08
2026-06-16 22:00:00+00:00,70.09,70.2,69.99,70.19
2026-06-16 23:00:00+00:00,70.19,70.24,69.84,69.94
2026-06-17 00:00:00+00:00,69.94,70.36,69.92,70.25
2026-06-17 01:00:00+00:00,70.25,70.57,70.09,70.51
2026-06-17 02:00:00+00:00,70.52,70.56,70.14,70.21
2026-06-17 03:00:00+00:00,70.22,70.33,70.08,70.22
2026-06-17 04:00:00+00:00,70.22,70.22,69.92,70.13
2026-06-17 05:00:00+00:00,70.13,70.48,69.92,70.37
2026-06-17 06:00:00+00:00,70.37,70.46,70.2,70.35
2026-06-17 07:00:00+00:00,70.34,70.42,70.01,70.02
2026-06-17 08:00:00+00:00,70.02,70.12,69.51,69.76
2026-06-17 09:00:00+00:00,69.76,70.14,69.66,69.98
2026-06-17 10:00:00+00:00,69.98,70.12,69.87,69.99
2026-06-17 11:00:00+00:00,69.99,70.01,69.66,69.77
2026-06-17 12:00:00+00:00,69.78,70.01,69.69,70.0
2026-06-17 13:00:00+00:00,70.0,70.5,69.58,70.18
2026-06-17 14:00:00+00:00,70.17,70.92,70.0,70.33
2026-06-17 15:00:00+00:00,70.33,70.81,70.24,70.77
2026-06-17 16:00:00+00:00,70.77,70.86,70.5,70.64
2026-06-17 17:00:00+00:00,70.64,71.58,70.55,71.37
2026-06-17 18:00:00+00:00,71.38,71.38,68.72,69.21
2026-06-17 19:00:00+00:00,69.21,69.39,66.83,67.09
2026-06-17 20:00:00+00:00,67.09,68.18,67.07,67.97
2026-06-17 21:00:00+00:00,67.98,68.04,67.87,67.94
2026-06-17 22:00:00+00:00,67.95,68.16,67.89,68.03
2026-06-17 23:00:00+00:00,68.02,68.46,67.97,68.45
2026-06-18 00:00:00+00:00,68.45,69.4,68.43,69.14
2026-06-18 01:00:00+00:00,69.13,69.85,69.07,69.39
2026-06-18 02:00:00+00:00,69.39,69.74,68.91,68.93
2026-06-18 03:00:00+00:00,68.92,69.3,68.8,69.29
2026-06-18 04:00:00+00:00,69.28,69.36,68.84,69.04
2026-06-18 05:00:00+00:00,69.04,69.31,68.52,68.87
2026-06-18 06:00:00+00:00,68.87,69.02,68.59,68.93
2026-06-18 07:00:00+00:00,68.93,69.06,68.52,68.53
2026-06-18 08:00:00+00:00,68.54,68.64,68.11,68.12
2026-06-18 09:00:00+00:00,68.13,68.56,68.03,68.5
2026-06-18 10:00:00+00:00,68.5,68.58,67.78,67.83
2026-06-18 11:00:00+00:00,67.84,67.86,66.63,66.87
2026-06-18 12:00:00+00:00,66.87,67.41,66.4,66.53
2026-06-18 13:00:00+00:00,66.52,67.59,66.51,67.0
2026-06-18 14:00:00+00:00,66.99,67.05,66.11,66.52
2026-06-18 15:00:00+00:00,66.53,66.59,65.96,66.13
2026-06-18 16:00:00+00:00,66.13,66.32,65.92,66.18
2026-06-18 17:00:00+00:00,66.19,66.45,65.84,66.17
2026-06-18 18:00:00+00:00,66.18,66.24,65.89,65.91
2026-06-18 19:00:00+00:00,65.91,65.93,65.11,65.83
2026-06-18 20:00:00+00:00,65.83,66.03,65.72,65.76
2026-06-18 21:00:00+00:00,65.76,65.92,65.72,65.87
2026-06-18 22:00:00+00:00,65.87,65.93,65.57,65.72
2026-06-18 23:00:00+00:00,65.73,65.75,65.32,65.36
2026-06-19 00:00:00+00:00,65.37,65.6,65.12,65.4
2026-06-19 01:00:00+00:00,65.4,65.48,65.02,65.08
2026-06-19 02:00:00+00:00,65.08,65.12,64.5,64.61
2026-06-19 03:00:00+00:00,64.61,64.65,64.02,64.15
2026-06-19 04:00:00+00:00,64.15,64.24,63.5,63.54
2026-06-19 05:00:00+00:00,63.55,64.01,63.33,63.99
2026-06-19 06:00:00+00:00,63.99,64.49,63.81,64.42
2026-06-19 07:00:00+00:00,64.42,65.03,64.42,64.86
2026-06-19 08:00:00+00:00,64.86,65.41,64.76,65.26
2026-06-19 09:00:00+00:00,65.26,65.32,64.98,65.15
2026-06-19 10:00:00+00:00,65.16,65.17,64.81,64.87
2026-06-19 11:00:00+00:00,64.87,64.89,64.41,64.81
2026-06-19 12:00:00+00:00,64.81,65.44,64.58,65.41
2026-06-19 13:00:00+00:00,65.42,65.45,64.73,64.79
2026-06-19 14:00:00+00:00,64.78,64.81,64.26,64.63
2026-06-19 15:00:00+00:00,64.63,64.78,64.53,64.62
2026-06-19 16:00:00+00:00,64.63,65.0,64.43,64.88
2026-06-19 17:00:00+00:00,64.88,64.89,64.8,64.83
2026-06-19 18:00:00+00:00,64.83,64.84,64.78,64.82
2026-06-19 19:00:00+00:00,64.82,64.84,64.8,64.82
2026-06-19 20:00:00+00:00,64.82,64.83,64.78,64.81
2026-06-19 21:00:00+00:00,64.81,64.82,64.77,64.77
2026-06-19 22:00:00+00:00,64.78,64.85,64.77,64.82
2026-06-19 23:00:00+00:00,64.82,64.83,64.79,64.79
2026-06-20 00:00:00+00:00,64.8,64.82,64.79,64.81
2026-06-20 01:00:00+00:00,64.81,64.85,64.8,64.84
2026-06-20 02:00:00+00:00,64.84,64.97,64.82,64.89
2026-06-20 03:00:00+00:00,64.89,64.96,64.88,64.96
2026-06-20 04:00:00+00:00,64.96,65.05,64.92,65.02
2026-06-20 05:00:00+00:00,65.02,65.05,64.95,64.96
2026-06-20 06:00:00+00:00,64.96,65.01,64.92,64.94
2026-06-20 07:00:00+00:00,64.94,65.04,64.88,64.96
2026-06-20 08:00:00+00:00,64.96,64.99,64.93,64.95
2026-06-20 09:00:00+00:00,64.95,64.97,64.94,64.96
2026-06-20 10:00:00+00:00,64.96,64.99,64.93,64.96
2026-06-20 11:00:00+00:00,64.96,64.99,64.94,64.99
2026-06-20 12:00:00+00:00,64.98,65.0,64.97,64.99
2026-06-20 13:00:00+00:00,64.99,64.99,64.87,64.88
2026-06-20 14:00:00+00:00,64.87,65.19,64.8,65.08
2026-06-20 15:00:00+00:00,65.08,65.15,65.01,65.11
2026-06-20 16:00:00+00:00,65.12,65.13,65.07,65.07
2026-06-20 17:00:00+00:00,65.07,65.13,64.97,65.0
2026-06-20 18:00:00+00:00,65.0,65.07,64.94,65.04
2026-06-20 19:00:00+00:00,65.04,65.06,65.03,65.05
2026-06-20 20:00:00+00:00,65.05,65.11,65.04,65.11
2026-06-20 21:00:00+00:00,65.11,65.2,65.1,65.15
2026-06-20 22:00:00+00:00,65.15,65.38,65.12,65.24
2026-06-20 23:00:00+00:00,65.25,65.25,65.12,65.17
2026-06-21 00:00:00+00:00,65.17,65.19,65.06,65.09
2026-06-21 01:00:00+00:00,65.09,65.2,64.98,65.1
2026-06-21 02:00:00+00:00,65.11,65.19,65.1,65.17
2026-06-21 03:00:00+00:00,65.18,65.22,65.17,65.18
2026-06-21 04:00:00+00:00,65.18,65.2,65.18,65.18
2026-06-21 05:00:00+00:00,65.18,65.2,65.17,65.18
2026-06-21 06:00:00+00:00,65.19,65.27,65.17,65.23
2026-06-21 07:00:00+00:00,65.22,65.27,65.08,65.13
2026-06-21 08:00:00+00:00,65.13,65.19,65.09,65.15
2026-06-21 09:00:00+00:00,65.15,65.25,65.13,65.16
2026-06-21 10:00:00+00:00,65.16,65.24,65.13,65.15
2026-06-21 11:00:00+00:00,65.15,65.2,65.12,65.12
2026-06-21 12:00:00+00:00,65.12,65.26,65.04,65.14
2026-06-21 13:00:00+00:00,65.15,65.17,65.09,65.13
2026-06-21 14:00:00+00:00,65.13,65.15,65.06,65.11
2026-06-21 15:00:00+00:00,65.11,65.16,65.08,65.1
2026-06-21 16:00:00+00:00,65.1,65.13,65.06,65.09
2026-06-21 17:00:00+00:00,65.09,65.27,65.03,65.07
2026-06-21 18:00:00+00:00,65.07,65.08,64.7,64.85
2026-06-21 19:00:00+00:00,64.85,64.88,64.72,64.78
2026-06-21 20:00:00+00:00,64.77,64.78,64.71,64.71
2026-06-21 21:00:00+00:00,64.71,64.86,64.5,64.7
2026-06-21 22:00:00+00:00,64.69,64.92,63.88,64.86
2026-06-21 23:00:00+00:00,64.86,65.13,64.3,64.46
2026-06-22 00:00:00+00:00,64.47,66.36,64.45,66.36
2026-06-22 01:00:00+00:00,66.36,67.19,65.86,65.93
2026-06-22 02:00:00+00:00,65.93,66.24,65.61,65.76
2026-06-22 03:00:00+00:00,65.76,65.83,65.49,65.55
2026-06-22 04:00:00+00:00,65.56,65.76,65.5,65.61
2026-06-22 05:00:00+00:00,65.6,66.61,65.55,66.45
2026-06-22 06:00:00+00:00,66.45,66.86,66.39,66.65
2026-06-22 07:00:00+00:00,66.65,66.75,66.23,66.27
2026-06-22 08:00:00+00:00,66.27,66.32,65.83,66.25
2026-06-22 09:00:00+00:00,66.25,66.61,66.17,66.43
2026-06-22 10:00:00+00:00,66.44,66.67,66.38,66.43
2026-06-22 11:00:00+00:00,66.42,66.81,66.27,66.52
2026-06-22 12:00:00+00:00,66.52,66.65,66.21,66.28
2026-06-22 13:00:00+00:00,66.28,66.91,66.25,66.58
2026-06-22 14:00:00+00:00,66.57,66.78,65.89,66.1
2026-06-22 15:00:00+00:00,66.11,66.22,65.18,65.52
2026-06-22 16:00:00+00:00,65.53,65.77,65.28,65.66
2026-06-22 17:00:00+00:00,65.67,65.69,65.03,65.33
2026-06-22 18:00:00+00:00,65.33,65.54,65.32,65.5
2026-06-22 19:00:00+00:00,65.5,65.55,65.05,65.21
2026-06-22 20:00:00+00:00,65.22,65.29,65.14,65.16
2026-06-22 21:00:00+00:00,65.15,65.29,65.13,65.24
2026-06-22 22:00:00+00:00,65.23,65.28,64.88,65.11
2026-06-22 23:00:00+00:00,65.11,65.23,64.95,64.98
2026-06-23 00:00:00+00:00,64.98,65.07,64.43,65.0
2026-06-23 01:00:00+00:00,64.99,65.23,63.88,64.13
2026-06-23 02:00:00+00:00,64.14,64.21,63.3,63.35
2026-06-23 03:00:00+00:00,63.36,63.45,62.78,63.24
2026-06-23 04:00:00+00:00,63.24,63.33,62.58,62.64
2026-06-23 05:00:00+00:00,62.65,63.12,62.44,62.62
2026-06-23 06:00:00+00:00,62.63,62.86,62.24,62.32
2026-06-23 07:00:00+00:00,62.32,62.75,61.89,61.96
2026-06-23 08:00:00+00:00,61.97,62.25,61.89,62.18
2026-06-23 09:00:00+00:00,62.18,62.59,62.15,62.58
2026-06-23 10:00:00+00:00,62.59,62.74,62.29,62.3
2026-06-23 11:00:00+00:00,62.3,62.4,61.97,62.14
2026-06-23 12:00:00+00:00,62.15,62.34,61.77,61.99
2026-06-23 13:00:00+00:00,61.98,62.57,61.72,62.47
2026-06-23 14:00:00+00:00,62.47,62.56,61.6,62.1
2026-06-23 15:00:00+00:00,62.11,62.37,61.88,62.32
2026-06-23 16:00:00+00:00,62.33,62.39,62.05,62.11
2026-06-23 17:00:00+00:00,62.1,62.27,61.86,61.87
2026-06-23 18:00:00+00:00,61.87,61.95,61.4,61.55
2026-06-23 19:00:00+00:00,61.55,61.85,61.53,61.68
2026-06-23 20:00:00+00:00,61.68,61.74,61.54,61.69
2026-06-23 21:00:00+00:00,61.7,61.99,61.7,61.89
2026-06-23 22:00:00+00:00,61.89,61.89,61.44,61.55
2026-06-23 23:00:00+00:00,61.55,61.72,60.83,61.7
2026-06-24 00:00:00+00:00,61.7,61.96,61.36,61.59
2026-06-24 01:00:00+00:00,61.59,62.12,60.8,61.77
2026-06-24 02:00:00+00:00,61.76,61.9,61.08,61.22
2026-06-24 03:00:00+00:00,61.22,61.65,61.08,61.41
2026-06-24 04:00:00+00:00,61.41,61.42,60.96,61.2
2026-06-24 05:00:00+00:00,61.2,61.86,61.06,61.71
2026-06-24 06:00:00+00:00,61.7,62.44,61.7,61.92
2026-06-24 07:00:00+00:00,61.91,62.0,61.57,61.6
2026-06-24 08:00:00+00:00,61.61,61.73,61.31,61.35
2026-06-24 09:00:00+00:00,61.35,61.43,61.1,61.14
2026-06-24 10:00:00+00:00,61.14,61.17,60.63,60.7
2026-06-24 11:00:00+00:00,60.7,60.78,59.41,59.48
2026-06-24 12:00:00+00:00,59.48,59.6,58.17,58.25
2026-06-24 13:00:00+00:00,58.25,59.65,58.09,59.56
2026-06-24 14:00:00+00:00,59.55,59.62,58.81,58.96
2026-06-24 15:00:00+00:00,58.96,59.19,58.71,58.77
2026-06-24 16:00:00+00:00,58.77,58.99,58.53,58.65
2026-06-24 17:00:00+00:00,58.65,58.72,56.61,56.63
2026-06-24 18:00:00+00:00,56.64,57.29,55.73,56.8
2026-06-24 19:00:00+00:00,56.8,57.35,56.57,57.28
2026-06-24 20:00:00+00:00,57.29,57.78,57.13,57.56
2026-06-24 21:00:00+00:00,57.56,57.85,57.55,57.8
2026-06-24 22:00:00+00:00,57.79,57.87,57.53,57.56
2026-06-24 23:00:00+00:00,57.56,57.96,57.37,57.78
2026-06-25 00:00:00+00:00,57.78,57.91,57.12,57.31
2026-06-25 01:00:00+00:00,57.3,57.87,56.77,56.93
2026-06-25 02:00:00+00:00,56.93,57.14,56.41,56.94
2026-06-25 03:00:00+00:00,56.93,57.53,56.59,57.51
2026-06-25 04:00:00+00:00,57.52,57.65,57.27,57.63
2026-06-25 05:00:00+00:00,57.63,57.7,57.03,57.17
2026-06-25 06:00:00+00:00,57.17,57.31,56.75,56.85
2026-06-25 07:00:00+00:00,56.85,57.33,56.61,57.31
2026-06-25 08:00:00+00:00,57.32,57.74,57.31,57.49
2026-06-25 09:00:00+00:00,57.49,57.72,57.41,57.5
2026-06-25 10:00:00+00:00,57.51,57.57,57.27,57.37
2026-06-25 11:00:00+00:00,57.36,57.46,57.01,57.22
2026-06-25 12:00:00+00:00,57.22,58.5,57.07,58.28
2026-06-25 13:00:00+00:00,58.27,59.1,57.02,57.06
2026-06-25 14:00:00+00:00,57.06,58.22,57.06,57.99
2026-06-25 15:00:00+00:00,57.99,58.84,57.64,58.8
2026-06-25 16:00:00+00:00,58.81,58.86,58.23,58.35
2026-06-25 17:00:00+00:00,58.36,58.57,58.13,58.36
2026-06-25 18:00:00+00:00,58.37,58.55,58.05,58.25
2026-06-25 19:00:00+00:00,58.26,58.3,57.76,57.95
2026-06-25 20:00:00+00:00,57.94,58.13,57.87,57.99
2026-06-25 21:00:00+00:00,57.98,58.06,57.95,57.98
2026-06-25 22:00:00+00:00,57.98,58.04,57.64,57.88
2026-06-25 23:00:00+00:00,57.88,58.07,57.65,57.7
2026-06-26 00:00:00+00:00,57.7,57.94,57.41,57.72
2026-06-26 01:00:00+00:00,57.72,58.09,56.9,57.19
2026-06-26 02:00:00+00:00,57.2,57.32,55.73,56.04
2026-06-26 03:00:00+00:00,56.04,56.76,55.93,56.66
2026-06-26 04:00:00+00:00,56.66,56.79,56.37,56.47
2026-06-26 05:00:00+00:00,56.47,56.96,56.32,56.68
2026-06-26 06:00:00+00:00,56.69,58.39,56.44,58.3
2026-06-26 07:00:00+00:00,58.3,58.31,57.84,57.91
2026-06-26 08:00:00+00:00,57.9,58.06,57.69,57.73
2026-06-26 09:00:00+00:00,57.73,58.5,57.69,58.28
2026-06-26 10:00:00+00:00,58.29,58.54,58.12,58.53
2026-06-26 11:00:00+00:00,58.54,58.56,58.11,58.22
2026-06-26 12:00:00+00:00,58.22,59.03,58.07,58.94
2026-06-26 13:00:00+00:00,58.95,59.23,58.04,58.99
2026-06-26 14:00:00+00:00,58.99,59.58,58.8,59.23
2026-06-26 15:00:00+00:00,59.23,59.63,59.02,59.42
2026-06-26 16:00:00+00:00,59.42,59.5,59.22,59.4
2026-06-26 17:00:00+00:00,59.39,59.45,59.05,59.07
2026-06-26 18:00:00+00:00,59.07,59.24,58.9,58.95
2026-06-26 19:00:00+00:00,58.95,59.12,58.9,59.0
2026-06-26 20:00:00+00:00,59.0,59.32,58.61,59.24
2026-06-26 21:00:00+00:00,59.23,59.29,59.06,59.07
2026-06-26 22:00:00+00:00,59.08,59.15,59.05,59.14
2026-06-26 23:00:00+00:00,59.13,59.27,59.12,59.22
2026-06-27 00:00:00+00:00,59.21,59.27,59.14,59.19
2026-06-27 01:00:00+00:00,59.19,59.2,59.1,59.15
2026-06-27 02:00:00+00:00,59.14,59.2,59.14,59.19
2026-06-27 03:00:00+00:00,59.19,59.2,59.13,59.19
2026-06-27 04:00:00+00:00,59.19,59.2,59.13,59.14
2026-06-27 05:00:00+00:00,59.14,59.15,59.09,59.13
2026-06-27 06:00:00+00:00,59.13,59.18,59.1,59.16
2026-06-27 07:00:00+00:00,59.16,59.16,59.02,59.13
2026-06-27 08:00:00+00:00,59.13,59.13,59.07,59.1
2026-06-27 09:00:00+00:00,59.1,59.11,59.07,59.11
2026-06-27 10:00:00+00:00,59.11,59.12,59.09,59.11
2026-06-27 11:00:00+00:00,59.11,59.14,59.09,59.12
2026-06-27 12:00:00+00:00,59.12,59.12,59.07,59.11
2026-06-27 13:00:00+00:00,59.1,59.14,59.1,59.13
2026-06-27 14:00:00+00:00,59.13,59.14,59.11,59.12
2026-06-27 15:00:00+00:00,59.11,59.17,59.08,59.13
2026-06-27 16:00:00+00:00,59.13,59.14,59.11,59.11
2026-06-27 17:00:00+00:00,59.11,59.13,59.05,59.07
2026-06-27 18:00:00+00:00,59.07,59.09,59.07,59.08
2026-06-27 19:00:00+00:00,59.08,59.09,59.03,59.06
2026-06-27 20:00:00+00:00,59.06,59.07,59.05,59.06
2026-06-27 21:00:00+00:00,59.06,59.08,59.02,59.03
2026-06-27 22:00:00+00:00,59.03,59.06,58.93,58.95
2026-06-27 23:00:00+00:00,58.95,59.0,58.95,58.98
2026-06-28 00:00:00+00:00,58.98,59.06,58.98,59.04
2026-06-28 01:00:00+00:00,59.03,59.1,58.93,58.98
2026-06-28 02:00:00+00:00,58.98,59.02,58.96,59.0
2026-06-28 03:00:00+00:00,59.0,59.07,58.99,59.06
2026-06-28 04:00:00+00:00,59.06,59.09,59.04,59.07
2026-06-28 05:00:00+00:00,59.07,59.09,59.02,59.04
2026-06-28 06:00:00+00:00,59.04,59.09,59.04,59.08
2026-06-28 07:00:00+00:00,59.08,59.08,59.03,59.08
2026-06-28 08:00:00+00:00,59.08,59.08,59.05,59.08
2026-06-28 09:00:00+00:00,59.07,59.08,59.02,59.03
2026-06-28 10:00:00+00:00,59.03,59.03,59.0,59.0
2026-06-28 11:00:00+00:00,59.0,59.0,58.94,58.98
2026-06-28 12:00:00+00:00,58.97,59.06,58.97,59.02
2026-06-28 13:00:00+00:00,59.03,59.05,58.98,59.04
2026-06-28 14:00:00+00:00,59.05,59.06,58.97,58.97
2026-06-28 15:00:00+00:00,58.97,58.98,58.95,58.96
2026-06-28 16:00:00+00:00,58.95,58.98,58.94,58.97
2026-06-28 17:00:00+00:00,58.97,58.99,58.94,58.94
2026-06-28 18:00:00+00:00,58.95,58.99,58.94,58.99
2026-06-28 19:00:00+00:00,58.99,59.02,58.97,59.02
2026-06-28 20:00:00+00:00,59.02,59.19,58.99,59.1
2026-06-28 21:00:00+00:00,59.1,59.19,58.94,58.96
2026-06-28 22:00:00+00:00,58.96,59.51,58.53,58.82
2026-06-28 23:00:00+00:00,58.82,59.03,58.64,58.73
2026-06-29 00:00:00+00:00,58.73,58.84,58.12,58.71
2026-06-29 01:00:00+00:00,58.72,58.9,58.22,58.39
2026-06-29 02:00:00+00:00,58.4,58.94,58.29,58.73
2026-06-29 03:00:00+00:00,58.73,59.22,58.63,58.71
2026-06-29 04:00:00+00:00,58.71,58.72,58.24,58.28
2026-06-29 05:00:00+00:00,58.28,58.71,57.83,58.63
2026-06-29 06:00:00+00:00,58.64,58.99,58.6,58.69
2026-06-29 07:00:00+00:00,58.69,58.71,58.37,58.39
2026-06-29 08:00:00+00:00,58.38,58.59,57.96,58.08
2026-06-29 09:00:00+00:00,58.07,58.24,57.46,57.75
2026-06-29 10:00:00+00:00,57.76,57.92,57.58,57.85
2026-06-29 11:00:00+00:00,57.85,58.27,57.66,58.21
2026-06-29 12:00:00+00:00,58.22,58.59,58.04,58.41
2026-06-29 13:00:00+00:00,58.41,58.8,58.09,58.2
2026-06-29 14:00:00+00:00,58.21,58.29,57.44,58.08
2026-06-29 15:00:00+00:00,58.09,58.24,57.73,58.15
2026-06-29 16:00:00+00:00,58.15,58.31,57.97,58.16
2026-06-29 17:00:00+00:00,58.17,58.47,58.1,58.28
2026-06-29 18:00:00+00:00,58.27,58.42,58.15,58.21
2026-06-29 19:00:00+00:00,58.21,58.39,57.97,58.29
2026-06-29 20:00:00+00:00,58.29,58.43,58.23,58.38
2026-06-29 21:00:00+00:00,58.38,58.4,58.37,58.37
2026-06-29 22:00:00+00:00,58.37,58.47,58.24,58.27
2026-06-29 23:00:00+00:00,58.28,58.62,58.27,58.46
2026-06-30 00:00:00+00:00,58.47,58.47,57.32,57.58
2026-06-30 01:00:00+00:00,57.59,57.82,56.64,57.48
2026-06-30 02:00:00+00:00,57.48,57.72,57.11,57.4
2026-06-30 03:00:00+00:00,57.41,57.78,57.21,57.31
2026-06-30 04:00:00+00:00,57.32,58.08,57.31,57.73
2026-06-30 05:00:00+00:00,57.74,57.77,57.14,57.32
2026-06-30 06:00:00+00:00,57.33,59.68,57.33,59.1
2026-06-30 07:00:00+00:00,59.1,59.17,58.79,59.05
2026-06-30 08:00:00+00:00,59.04,59.19,58.46,58.57
2026-06-30 09:00:00+00:00,58.56,58.88,58.49,58.88
2026-06-30 10:00:00+00:00,58.89,59.14,58.79,59.06
2026-06-30 11:00:00+00:00,59.07,59.23,58.82,59.09
2026-06-30 12:00:00+00:00,59.1,59.11,58.29,58.37
2026-06-30 13:00:00+00:00,58.38,59.43,58.37,59.29
2026-06-30 14:00:00+00:00,59.3,60.49,59.1,59.9
2026-06-30 15:00:00+00:00,59.9,60.04,59.55,59.62
2026-06-30 16:00:00+00:00,59.62,59.85,59.48,59.52
2026-06-30 17:00:00+00:00,59.52,59.77,59.41,59.69
2026-06-30 18:00:00+00:00,59.69,59.92,59.62,59.8
2026-06-30 19:00:00+00:00,59.8,59.81,59.16,59.2
2026-06-30 20:00:00+00:00,59.19,59.35,58.64,58.65
2026-06-30 21:00:00+00:00,58.65,58.71,58.57,58.66
2026-06-30 22:00:00+00:00,58.66,58.93,58.63,58.77
2026-06-30 23:00:00+00:00,58.78,58.9,58.42,58.44
2026-07-01 00:00:00+00:00,58.45,58.66,58.31,58.54
2026-07-01 01:00:00+00:00,58.53,58.75,57.57,57.77
2026-07-01 02:00:00+00:00,57.76,57.97,57.53,57.75
2026-07-01 03:00:00+00:00,57.75,58.08,57.75,57.87
2026-07-01 04:00:00+00:00,57.87,57.91,57.61,57.71
2026-07-01 05:00:00+00:00,57.72,57.78,57.47,57.58
2026-07-01 06:00:00+00:00,57.58,57.7,57.2,57.48
2026-07-01 07:00:00+00:00,57.47,57.75,57.28,57.74
2026-07-01 08:00:00+00:00,57.73,57.94,57.57,57.78
2026-07-01 09:00:00+00:00,57.78,58.12,57.66,58.08
2026-07-01 10:00:00+00:00,58.08,58.33,57.94,58.3
2026-07-01 11:00:00+00:00,58.3,59.17,58.27,58.93
2026-07-01 12:00:00+00:00,58.94,59.06,58.68,58.87
2026-07-01 13:00:00+00:00,58.87,60.78,58.36,60.33
2026-07-01 14:00:00+00:00,60.33,61.08,60.17,60.38
2026-07-01 15:00:00+00:00,60.39,60.43,60.06,60.23
2026-07-01 16:00:00+00:00,60.24,60.47,60.09,60.14
2026-07-01 17:00:00+00:00,60.14,60.22,59.89,59.92
2026-07-01 18:00:00+00:00,59.92,60.05,59.63,59.77
2026-07-01 19:00:00+00:00,59.76,59.95,59.24,59.31
2026-07-01 20:00:00+00:00,59.31,59.31,59.09,59.17
2026-07-01 21:00:00+00:00,59.18,59.47,59.18,59.33
2026-07-01 22:00:00+00:00,59.32,59.45,59.27,59.42
2026-07-01 23:00:00+00:00,59.42,59.44,59.11,59.12
2026-07-02 00:00:00+00:00,59.12,59.59,58.95,59.53
2026-07-02 01:00:00+00:00,59.53,60.2,59.49,59.82
2026-07-02 02:00:00+00:00,59.83,60.21,59.68,60.1
2026-07-02 03:00:00+00:00,60.1,60.47,60.01,60.35
2026-07-02 04:00:00+00:00,60.35,60.49,60.05,60.13
2026-07-02 05:00:00+00:00,60.14,60.16,59.43,59.87
2026-07-02 06:00:00+00:00,59.87,60.29,59.83,59.97
2026-07-02 07:00:00+00:00,59.98,60.01,59.41,59.44
2026-07-02 08:00:00+00:00,59.43,60.39,59.34,60.22
2026-07-02 09:00:00+00:00,60.22,60.28,59.87,59.9
2026-07-02 10:00:00+00:00,59.9,60.0,59.81,59.88
2026-07-02 11:00:00+00:00,59.88,60.14,59.51,59.85
2026-07-02 12:00:00+00:00,59.85,61.98,59.73,61.24
2026-07-02 13:00:00+00:00,61.25,62.13,60.92,61.95
2026-07-02 14:00:00+00:00,61.96,61.97,61.14,61.41
2026-07-02 15:00:00+00:00,61.41,61.45,60.86,61.16
2026-07-02 16:00:00+00:00,61.17,61.19,60.53,60.9
2026-07-02 17:00:00+00:00,60.9,60.95,60.46,60.51
2026-07-02 18:00:00+00:00,60.51,61.0,60.49,60.85
2026-07-02 19:00:00+00:00,60.85,60.97,60.4,60.9
2026-07-02 20:00:00+00:00,60.9,61.09,60.81,61.07
2026-07-02 21:00:00+00:00,61.06,61.11,61.01,61.11
2026-07-02 22:00:00+00:00,61.1,61.14,60.96,61.05
2026-07-02 23:00:00+00:00,61.05,61.24,61.02,61.14
2026-07-03 00:00:00+00:00,61.13,61.58,61.07,61.51
2026-07-03 01:00:00+00:00,61.51,62.51,61.38,62.27
2026-07-03 02:00:00+00:00,62.27,62.65,62.19,62.43
2026-07-03 03:00:00+00:00,62.42,62.5,62.22,62.31
2026-07-03 04:00:00+00:00,62.31,62.71,62.26,62.43
2026-07-03 05:00:00+00:00,62.44,62.57,62.27,62.39
2026-07-03 06:00:00+00:00,62.39,62.51,62.14,62.46
2026-07-03 07:00:00+00:00,62.45,62.91,62.39,62.74
2026-07-03 08:00:00+00:00,62.75,62.94,62.61,62.73
2026-07-03 09:00:00+00:00,62.73,62.78,62.57,62.58
2026-07-03 10:00:00+00:00,62.59,62.74,62.46,62.48
2026-07-03 11:00:00+00:00,62.48,62.57,62.31,62.43
2026-07-03 12:00:00+00:00,62.43,62.5,62.07,62.47
2026-07-03 13:00:00+00:00,62.48,62.51,61.98,62.25
2026-07-03 14:00:00+00:00,62.24,62.5,62.13,62.45
2026-07-03 15:00:00+00:00,62.45,62.55,62.21,62.27
2026-07-03 16:00:00+00:00,62.26,62.47,62.26,62.41
2026-07-03 17:00:00+00:00,62.41,62.47,62.38,62.47
2026-07-03 18:00:00+00:00,62.46,62.47,62.4,62.43
2026-07-03 19:00:00+00:00,62.44,62.47,62.4,62.41
2026-07-03 20:00:00+00:00,62.4,62.45,62.4,62.4
2026-07-03 21:00:00+00:00,62.41,62.46,62.39,62.44
2026-07-03 22:00:00+00:00,62.45,62.45,62.42,62.44
2026-07-03 23:00:00+00:00,62.43,62.5,62.43,62.48
2026-07-04 00:00:00+00:00,62.48,62.5,62.45,62.46
2026-07-04 01:00:00+00:00,62.46,62.47,62.44,62.46
2026-07-04 02:00:00+00:00,62.45,62.46,62.45,62.45
2026-07-04 03:00:00+00:00,62.46,62.47,62.45,62.46
2026-07-04 04:00:00+00:00,62.47,62.5,62.46,62.5
2026-07-04 05:00:00+00:00,62.5,62.5,62.47,62.48
2026-07-04 06:00:00+00:00,62.49,62.49,62.45,62.48
2026-07-04 07:00:00+00:00,62.48,62.5,62.47,62.5
2026-07-04 08:00:00+00:00,62.49,62.5,62.47,62.47
2026-07-04 09:00:00+00:00,62.47,62.48,62.46,62.48
2026-07-04 10:00:00+00:00,62.48,62.49,62.47,62.49
2026-07-04 11:00:00+00:00,62.49,62.5,62.48,62.49
2026-07-04 12:00:00+00:00,62.49,62.5,62.48,62.49
2026-07-04 13:00:00+00:00,62.49,62.49,62.46,62.47
2026-07-04 14:00:00+00:00,62.46,62.48,62.46,62.47
2026-07-04 15:00:00+00:00,62.47,62.47,62.41,62.46
2026-07-04 16:00:00+00:00,62.47,62.5,62.44,62.44
2026-07-04 17:00:00+00:00,62.44,62.48,62.44,62.47
2026-07-04 18:00:00+00:00,62.47,62.48,62.44,62.46
2026-07-04 19:00:00+00:00,62.46,63.11,62.46,62.67
2026-07-04 20:00:00+00:00,62.67,62.76,62.62,62.74
2026-07-04 21:00:00+00:00,62.74,62.85,62.7,62.74
2026-07-04 22:00:00+00:00,62.75,62.78,62.7,62.76
2026-07-04 23:00:00+00:00,62.76,62.98,62.76,62.92
2026-07-05 00:00:00+00:00,62.92,62.93,62.81,62.82
2026-07-05 01:00:00+00:00,62.82,62.89,62.82,62.82
2026-07-05 02:00:00+00:00,62.83,62.83,62.58,62.59
2026-07-05 03:00:00+00:00,62.59,62.65,62.57,62.63
2026-07-05 04:00:00+00:00,62.63,62.74,62.61,62.7
2026-07-05 05:00:00+00:00,62.7,62.72,62.62,62.68
2026-07-05 06:00:00+00:00,62.68,62.69,62.64,62.69
2026-07-05 07:00:00+00:00,62.68,62.69,62.64,62.66
2026-07-05 08:00:00+00:00,62.66,62.72,62.65,62.72
2026-07-05 09:00:00+00:00,62.72,62.85,62.72,62.79
2026-07-05 10:00:00+00:00,62.79,62.9,62.78,62.88
2026-07-05 11:00:00+00:00,62.88,62.94,62.79,62.89
2026-07-05 12:00:00+00:00,62.9,62.99,62.82,62.98
2026-07-05 13:00:00+00:00,62.98,63.15,62.95,63.0
2026-07-05 14:00:00+00:00,63.0,63.0,62.85,62.85
2026-07-05 15:00:00+00:00,62.86,63.2,62.79,62.93
2026-07-05 16:00:00+00:00,62.94,62.95,62.84,62.94
2026-07-05 17:00:00+00:00,62.93,62.94,62.8,62.85
2026-07-05 18:00:00+00:00,62.85,62.93,62.78,62.83
2026-07-05 19:00:00+00:00,62.83,62.94,62.69,62.79
2026-07-05 20:00:00+00:00,62.78,62.86,62.78,62.78
2026-07-05 21:00:00+00:00,62.78,62.9,62.7,62.81
2026-07-05 22:00:00+00:00,62.81,63.24,62.51,63.18
2026-07-05 23:00:00+00:00,63.18,63.35,62.74,62.86
2026-07-06 00:00:00+00:00,62.86,62.96,62.5,62.77
2026-07-06 01:00:00+00:00,62.76,63.15,62.43,62.47
2026-07-06 02:00:00+00:00,62.48,62.51,61.98,62.09
2026-07-06 03:00:00+00:00,62.1,62.15,61.78,61.88
2026-07-06 04:00:00+00:00,61.89,61.94,61.76,61.91
2026-07-06 05:00:00+00:00,61.91,62.0,61.61,61.69
2026-07-06 06:00:00+00:00,61.69,62.0,61.63,61.74
2026-07-06 07:00:00+00:00,61.74,62.41,61.69,62.38
2026-07-06 08:00:00+00:00,62.39,62.41,61.93,62.04
2026-07-06 09:00:00+00:00,62.04,62.22,61.87,62.03
2026-07-06 10:00:00+00:00,62.02,62.29,61.9,62.15
2026-07-06 11:00:00+00:00,62.14,62.29,62.06,62.23
2026-07-06 12:00:00+00:00,62.23,62.31,61.48,61.65
2026-07-06 13:00:00+00:00,61.65,62.11,61.38,61.9
2026-07-06 14:00:00+00:00,61.9,62.02,61.57,61.78
2026-07-06 15:00:00+00:00,61.79,61.99,61.69,61.85
2026-07-06 16:00:00+00:00,61.85,61.95,61.57,61.87
2026-07-06 17:00:00+00:00,61.87,62.13,61.75,62.03
2026-07-06 18:00:00+00:00,62.04,62.38,61.93,62.22
2026-07-06 19:00:00+00:00,62.22,62.27,62.07,62.12
2026-07-06 20:00:00+00:00,62.13,62.16,62.03,62.14
2026-07-06 21:00:00+00:00,62.13,62.21,62.11,62.15
2026-07-06 22:00:00+00:00,62.15,62.2,62.05,62.08
2026-07-06 23:00:00+00:00,62.07,62.13,61.81,61.83
2026-07-07 00:00:00+00:00,61.82,62.08,61.51,61.53
2026-07-07 01:00:00+00:00,61.53,61.62,60.95,61.56
2026-07-07 02:00:00+00:00,61.56,61.72,61.26,61.33
2026-07-07 03:00:00+00:00,61.33,61.45,60.96,61.14
2026-07-07 04:00:00+00:00,61.15,61.33,60.88,60.92
2026-07-07 05:00:00+00:00,60.92,61.0,60.35,60.6
2026-07-07 06:00:00+00:00,60.6,61.32,60.6,61.17
2026-07-07 07:00:00+00:00,61.17,61.19,60.87,60.89
2026-07-07 08:00:00+00:00,60.88,61.32,60.85,60.97
2026-07-07 09:00:00+00:00,60.98,61.06,60.81,60.95
2026-07-07 10:00:00+00:00,60.94,61.17,60.81,60.84
2026-07-07 11:00:00+00:00,60.85,61.45,60.71,61.43
2026-07-07 12:00:00+00:00,61.44,61.8,61.39,61.67
2026-07-07 13:00:00+00:00,61.68,61.92,61.15,61.37
2026-07-07 14:00:00+00:00,61.37,61.48,60.72,60.98
2026-07-07 15:00:00+00:00,60.98,61.05,60.52,60.69
2026-07-07 16:00:00+00:00,60.7,61.06,60.66,60.98
2026-07-07 17:00:00+00:00,60.98,61.11,60.79,61.06
2026-07-07 18:00:00+00:00,61.06,61.08,60.47,60.5
2026-07-07 19:00:00+00:00,60.49,60.51,59.49,60.29
2026-07-07 20:00:00+00:00,60.28,60.38,59.93,60.04
2026-07-07 21:00:00+00:00,60.03,60.1,59.96,60.03
2026-07-07 22:00:00+00:00,60.02,60.04,59.64,59.81
2026-07-07 23:00:00+00:00,59.82,60.02,59.65,59.72
2026-07-08 00:00:00+00:00,59.72,60.31,59.68,60.13
2026-07-08 01:00:00+00:00,60.14,60.34,59.66,60.05
2026-07-08 02:00:00+00:00,60.04,60.18,59.92,60.06
2026-07-08 03:00:00+00:00,60.07,60.78,60.07,60.39
2026-07-08 04:00:00+00:00,60.39,60.49,60.28,60.39
2026-07-08 05:00:00+00:00,60.39,61.0,60.34,60.89
2026-07-08 06:00:00+00:00,60.89,61.06,60.6,60.72
2026-07-08 07:00:00+00:00,60.72,60.84,60.5,60.66
2026-07-08 08:00:00+00:00,60.67,60.72,58.23,58.45
2026-07-08 09:00:00+00:00,58.45,58.8,58.29,58.34
2026-07-08 10:00:00+00:00,58.34,58.81,58.34,58.46
2026-07-08 11:00:00+00:00,58.47,59.07,58.12,58.78
2026-07-08 12:00:00+00:00,58.78,59.01,58.35,58.6
2026-07-08 13:00:00+00:00,58.6,59.01,58.35,58.49
2026-07-08 14:00:00+00:00,58.48,58.52,57.65,57.86
2026-07-08 15:00:00+00:00,57.87,57.96,57.27,57.46
2026-07-08 16:00:00+00:00,57.46,58.07,57.41,57.97
2026-07-08 17:00:00+00:00,57.97,58.52,57.85,58.17
2026-07-08 18:00:00+00:00,58.16,58.68,58.13,58.57
2026-07-08 19:00:00+00:00,58.58,58.72,58.4,58.45
2026-07-08 20:00:00+00:00,58.45,58.49,58.17,58.36
2026-07-08 21:00:00+00:00,58.36,58.42,58.34,58.39
2026-07-08 22:00:00+00:00,58.39,58.55,58.33,58.44
2026-07-08 23:00:00+00:00,58.44,58.52,58.35,58.47
2026-07-09 00:00:00+00:00,58.47,58.63,58.29,58.34
2026-07-09 01:00:00+00:00,58.33,58.42,57.85,58.2
2026-07-09 02:00:00+00:00,58.2,58.48,57.9,57.9
2026-07-09 03:00:00+00:00,57.91,57.98,57.61,57.88
2026-07-09 04:00:00+00:00,57.89,58.05,57.73,58.04
2026-07-09 05:00:00+00:00,58.03,58.54,57.94,58.47
2026-07-09 06:00:00+00:00,58.47,59.09,58.46,59.06
2026-07-09 07:00:00+00:00,59.06,59.31,58.98,59.24
2026-07-09 08:00:00+00:00,59.24,59.49,59.16,59.22
2026-07-09 09:00:00+00:00,59.22,59.28,59.11,59.21
2026-07-09 10:00:00+00:00,59.21,59.24,58.79,58.9
2026-07-09 11:00:00+00:00,58.9,59.14,58.85,59.06
2026-07-09 12:00:00+00:00,59.05,59.7,58.95,59.36
2026-07-09 13:00:00+00:00,59.36,60.37,59.25,60.3
2026-07-09 14:00:00+00:00,60.28,60.52,59.91,60.3
2026-07-09 15:00:00+00:00,60.29,60.54,60.24,60.35
2026-07-09 16:00:00+00:00,60.36,60.66,60.32,60.42
2026-07-09 17:00:00+00:00,60.42,60.51,60.23,60.46
2026-07-09 18:00:00+00:00,60.46,60.46,60.04,60.1
2026-07-09 19:00:00+00:00,60.09,60.11,59.91,59.95
2026-07-09 20:00:00+00:00,59.95,60.07,59.92,60.0
2026-07-09 21:00:00+00:00,60.0,60.05,59.97,60.0
2026-07-09 22:00:00+00:00,60.0,60.07,59.94,60.0
2026-07-09 23:00:00+00:00,60.0,60.1,59.98,60.08
2026-07-10 00:00:00+00:00,60.07,60.27,59.77,60.22
2026-07-10 01:00:00+00:00,60.22,60.4,59.81,60.16
2026-07-10 02:00:00+00:00,60.17,60.51,60.11,60.45
2026-07-10 03:00:00+00:00,60.46,60.81,60.35,60.45
2026-07-10 04:00:00+00:00,60.45,60.54,60.32,60.37
2026-07-10 05:00:00+00:00,60.38,60.41,59.98,60.26
2026-07-10 06:00:00+00:00,60.26,60.43,60.07,60.1
2026-07-10 07:00:00+00:00,60.1,60.24,59.82,59.97
2026-07-10 08:00:00+00:00,59.97,60.02,59.41,59.55
2026-07-10 09:00:00+00:00,59.55,59.64,59.44,59.53
2026-07-10 10:00:00+00:00,59.53,59.75,59.33,59.33
2026-07-10 11:00:00+00:00,59.33,59.62,59.31,59.44
2026-07-10 12:00:00+00:00,59.45,59.91,59.39,59.68
2026-07-10 13:00:00+00:00,59.68,59.95,59.4,59.78
2026-07-10 14:00:00+00:00,59.78,60.09,58.92,59.51
2026-07-10 15:00:00+00:00,59.51,60.04,59.47,60.0
2026-07-10 16:00:00+00:00,60.01,60.07,59.78,59.78
2026-07-10 17:00:00+00:00,59.78,59.86,59.6,59.61
2026-07-10 18:00:00+00:00,59.61,59.78,59.58,59.62
2026-07-10 19:00:00+00:00,59.62,59.76,59.56,59.75
2026-07-10 20:00:00+00:00,59.75,60.02,59.73,59.94
2026-07-10 21:00:00+00:00,59.94,59.98,59.88,59.89
2026-07-10 22:00:00+00:00,59.89,59.92,59.88,59.89
2026-07-10 23:00:00+00:00,59.88,59.92,59.88,59.9
2026-07-11 00:00:00+00:00,59.9,59.97,59.9,59.91
2026-07-11 01:00:00+00:00,59.91,59.94,59.91,59.91
2026-07-11 02:00:00+00:00,59.91,59.92,59.9,59.9
2026-07-11 03:00:00+00:00,59.9,59.92,59.9,59.91
2026-07-11 04:00:00+00:00,59.92,59.95,59.91,59.94
2026-07-11 05:00:00+00:00,59.95,59.95,59.93,59.94
2026-07-11 06:00:00+00:00,59.94,59.95,59.91,59.91
2026-07-11 07:00:00+00:00,59.91,59.92,59.87,59.89
2026-07-11 08:00:00+00:00,59.89,59.92,59.89,59.91
2026-07-11 09:00:00+00:00,59.91,59.94,59.91,59.93
2026-07-11 10:00:00+00:00,59.93,59.94,59.93,59.93
2026-07-11 11:00:00+00:00,59.93,59.94,59.9,59.91
2026-07-11 12:00:00+00:00,59.91,59.92,59.85,59.87
2026-07-11 13:00:00+00:00,59.87,59.89,59.84,59.86
2026-07-11 14:00:00+00:00,59.86,59.9,59.85,59.88
2026-07-11 15:00:00+00:00,59.88,59.9,59.82,59.84
2026-07-11 16:00:00+00:00,59.84,59.87,59.84,59.86
2026-07-11 17:00:00+00:00,59.85,59.86,59.83,59.83
2026-07-11 18:00:00+00:00,59.84,59.85,59.8,59.83
2026-07-11 19:00:00+00:00,59.83,59.84,59.82,59.82
2026-07-11 20:00:00+00:00,59.82,59.83,59.82,59.83
2026-07-11 21:00:00+00:00,59.82,59.85,59.8,59.83
2026-07-11 22:00:00+00:00,59.83,59.87,59.82,59.84
2026-07-11 23:00:00+00:00,59.85,59.85,59.79,59.81
2026-07-12 00:00:00+00:00,59.8,59.81,59.74,59.74
2026-07-12 01:00:00+00:00,59.74,59.79,59.74,59.77
2026-07-12 02:00:00+00:00,59.76,59.8,59.76,59.79
2026-07-12 03:00:00+00:00,59.8,59.82,59.79,59.82
2026-07-12 04:00:00+00:00,59.82,59.83,59.8,59.83
2026-07-12 05:00:00+00:00,59.82,59.83,59.79,59.83
2026-07-12 06:00:00+00:00,59.82,59.83,59.77,59.78
2026-07-12 07:00:00+00:00,59.78,59.78,59.75,59.77
2026-07-12 08:00:00+00:00,59.77,59.77,59.74,59.74
2026-07-12 09:00:00+00:00,59.74,59.77,59.74,59.75
2026-07-12 10:00:00+00:00,59.76,59.78,59.74,59.76
2026-07-12 11:00:00+00:00,59.75,59.8,59.74,59.79
2026-07-12 12:00:00+00:00,59.8,59.84,59.77,59.84
2026-07-12 13:00:00+00:00,59.84,59.89,59.7,59.71
2026-07-12 14:00:00+00:00,59.72,59.73,59.67,59.69
2026-07-12 15:00:00+00:00,59.7,59.73,59.68,59.7
2026-07-12 16:00:00+00:00,59.7,59.71,59.67,59.68
2026-07-12 17:00:00+00:00,59.68,59.68,59.65,59.66
2026-07-12 18:00:00+00:00,59.66,59.68,59.61,59.65
2026-07-12 19:00:00+00:00,59.65,59.66,59.63,59.64
2026-07-12 20:00:00+00:00,59.64,59.67,59.63,59.67
2026-07-12 21:00:00+00:00,59.67,59.69,59.58,59.62
2026-07-12 22:00:00+00:00,59.62,59.63,58.56,58.8
2026-07-12 23:00:00+00:00,58.8,59.0,58.68,58.99
2026-07-13 00:00:00+00:00,58.99,59.42,58.75,58.84
2026-07-13 01:00:00+00:00,58.84,59.19,58.5,58.53
2026-07-13 02:00:00+00:00,58.54,58.64,58.31,58.45
2026-07-13 03:00:00+00:00,58.44,58.46,58.07,58.21
2026-07-13 04:00:00+00:00,58.21,58.3,58.05,58.28
2026-07-13 05:00:00+00:00,58.28,58.57,57.99,58.08
2026-07-13 06:00:00+00:00,58.08,58.24,57.75,58.02
2026-07-13 07:00:00+00:00,58.02,58.57,57.9,58.54
2026-07-13 08:00:00+00:00,58.54,59.03,58.54,58.89
2026-07-13 09:00:00+00:00,58.9,58.92,58.49,58.51
2026-07-13 10:00:00+00:00,58.51,58.62,58.31,58.45
2026-07-13 11:00:00+00:00,58.45,58.79,58.36,58.58
2026-07-13 12:00:00+00:00,58.58,58.73,58.28,58.71
2026-07-13 13:00:00+00:00,58.72,58.74,58.09,58.23
2026-07-13 14:00:00+00:00,58.23,58.3,57.57,58.17
2026-07-13 15:00:00+00:00,58.18,58.24,57.95,58.02
2026-07-13 16:00:00+00:00,58.02,58.1,57.45,57.63
2026-07-13 17:00:00+00:00,57.64,57.81,57.33,57.38
2026-07-13 18:00:00+00:00,57.38,57.75,57.32,57.64
2026-07-13 19:00:00+00:00,57.65,57.76,57.44,57.74
2026-07-13 20:00:00+00:00,57.73,57.82,57.55,57.69
2026-07-13 21:00:00+00:00,57.69,57.74,57.68,57.7
2026-07-13 22:00:00+00:00,57.69,57.76,57.63,57.65
2026-07-13 23:00:00+00:00,57.65,57.66,57.43,57.64
2026-07-14 00:00:00+00:00,57.65,57.68,57.11,57.5
2026-07-14 01:00:00+00:00,57.51,57.52,56.89,57.44
2026-07-14 02:00:00+00:00,57.45,57.8,57.34,57.6
2026-07-14 03:00:00+00:00,57.6,57.73,57.35,57.71
2026-07-14 04:00:00+00:00,57.71,57.88,57.56,57.85
2026-07-14 05:00:00+00:00,57.85,58.46,57.84,58.27
2026-07-14 06:00:00+00:00,58.26,58.3,58.05,58.2
2026-07-14 07:00:00+00:00,58.2,58.28,57.97,58.01
2026-07-14 08:00:00+00:00,58.02,58.18,57.87,57.99
2026-07-14 09:00:00+00:00,58.0,58.22,57.97,58.14
2026-07-14 10:00:00+00:00,58.14,58.15,57.88,57.9
2026-07-14 11:00:00+00:00,57.9,58.16,57.77,58.12
2026-07-14 12:00:00+00:00,58.11,59.7,57.85,59.05
2026-07-14 13:00:00+00:00,59.06,59.59,58.93,59.14
2026-07-14 14:00:00+00:00,59.13,59.46,58.9,59.34
2026-07-14 15:00:00+00:00,59.34,59.71,58.78,58.84
2026-07-14 16:00:00+00:00,58.83,58.94,58.67,58.79
2026-07-14 17:00:00+00:00,58.8,58.88,58.63,58.86
2026-07-14 18:00:00+00:00,58.86,58.9,58.51,58.67
2026-07-14 19:00:00+00:00,58.67,58.89,58.65,58.85
2026-07-14 20:00:00+00:00,58.85,58.86,58.68,58.76
2026-07-14 21:00:00+00:00,58.77,58.82,58.75,58.79
2026-07-14 22:00:00+00:00,58.79,58.83,58.68,58.72
2026-07-14 23:00:00+00:00,58.72,58.88,58.68,58.84
2026-07-15 00:00:00+00:00,58.85,59.07,58.77,58.98
2026-07-15 01:00:00+00:00,58.98,59.11,58.44,58.47
2026-07-15 02:00:00+00:00,58.47,58.75,58.29,58.57
2026-07-15 03:00:00+00:00,58.58,58.64,58.26,58.44
2026-07-15 04:00:00+00:00,58.44,58.55,58.39,58.53
2026-07-15 05:00:00+00:00,58.53,58.6,58.16,58.58
2026-07-15 06:00:00+00:00,58.58,58.61,58.09,58.4
2026-07-15 07:00:00+00:00,58.4,58.59,58.02,58.2
2026-07-15 08:00:00+00:00,58.21,58.45,58.11,58.41
2026-07-15 09:00:00+00:00,58.4,58.5,58.27,58.32
2026-07-15 10:00:00+00:00,58.32,58.36,57.97,58.05
2026-07-15 11:00:00+00:00,58.04,58.24,57.9,58.2
2026-07-15 12:00:00+00:00,58.21,58.77,57.86,58.67
2026-07-15 13:00:00+00:00,58.68,58.89,58.2,58.38
2026-07-15 14:00:00+00:00,58.38,58.51,58.01,58.16
2026-07-15 15:00:00+00:00,58.17,58.23,57.5,57.69
2026-07-15 16:00:00+00:00,57.69,57.74,56.67,56.94
2026-07-15 17:00:00+00:00,56.94,57.78,56.9,57.69
2026-07-15 18:00:00+00:00,57.69,58.43,57.68,57.93
2026-07-15 19:00:00+00:00,57.93,58.08,57.67,57.8
2026-07-15 20:00:00+00:00,57.79,57.92,57.76,57.85
2026-07-15 21:00:00+00:00,57.85,57.94,57.84,57.89
2026-07-15 22:00:00+00:00,57.9,57.93,57.77,57.83
2026-07-15 23:00:00+00:00,57.82,57.9,57.79,57.83
2026-07-16 00:00:00+00:00,57.82,57.88,57.48,57.5
2026-07-16 01:00:00+00:00,57.5,57.64,56.93,57.16
2026-07-16 02:00:00+00:00,57.15,57.23,56.93,57.17
2026-07-16 03:00:00+00:00,57.17,57.28,56.98,57.25
2026-07-16 04:00:00+00:00,57.25,57.28,57.08,57.12
2026-07-16 05:00:00+00:00,57.12,57.35,56.98,57.2
2026-07-16 06:00:00+00:00,57.21,57.51,56.9,57.21
2026-07-16 07:00:00+00:00,57.21,57.23,56.77,56.91
2026-07-16 08:00:00+00:00,56.9,57.11,56.61,57.11
2026-07-16 09:00:00+00:00,57.1,57.17,56.92,56.98
2026-07-16 10:00:00+00:00,56.97,56.98,56.55,56.61
2026-07-16 11:00:00+00:00,56.62,56.87,56.47,56.78
2026-07-16 12:00:00+00:00,56.78,56.88,55.82,55.91
2026-07-16 13:00:00+00:00,55.91,56.48,55.48,55.82
2026-07-16 14:00:00+00:00,55.81,56.36,55.74,56.19
2026-07-16 15:00:00+00:00,56.19,56.57,56.03,56.36
2026-07-16 16:00:00+00:00,56.35,56.36,55.86,56.13
2026-07-16 17:00:00+00:00,56.13,56.18,55.65,55.78
2026-07-16 18:00:00+00:00,55.78,55.96,55.41,55.63
2026-07-16 19:00:00+00:00,55.63,55.81,55.44,55.8
2026-07-16 20:00:00+00:00,55.8,55.8,55.53,55.63
2026-07-16 21:00:00+00:00,55.63,55.82,55.63,55.74
2026-07-16 22:00:00+00:00,55.74,55.76,55.5,55.61
2026-07-16 23:00:00+00:00,55.61,55.69,55.49,55.66
2026-07-17 00:00:00+00:00,55.67,55.84,55.43,55.82
2026-07-17 01:00:00+00:00,55.81,55.83,55.12,55.29
2026-07-17 02:00:00+00:00,55.3,55.38,54.84,54.99
2026-07-17 03:00:00+00:00,55.0,55.81,54.99,55.47
2026-07-17 04:00:00+00:00,55.47,55.5,55.17,55.29
2026-07-17 05:00:00+00:00,55.29,55.62,55.02,55.53
2026-07-17 06:00:00+00:00,55.53,56.04,55.51,55.6
2026-07-17 07:00:00+00:00,55.6,55.66,55.45,55.5
2026-07-17 08:00:00+00:00,55.5,55.71,55.27,55.51
2026-07-17 09:00:00+00:00,55.51,55.79,55.5,55.62
2026-07-17 10:00:00+00:00,55.63,55.63,55.33,55.34
2026-07-17 11:00:00+00:00,55.34,55.62,55.32,55.49
2026-07-17 12:00:00+00:00,55.49,55.51,55.05,55.13
2026-07-17 13:00:00+00:00,55.14,55.86,54.94,55.84
2026-07-17 14:00:00+00:00,55.85,56.04,55.6,55.77
2026-07-17 15:00:00+00:00,55.76,56.25,55.69,56.14
2026-07-17 16:00:00+00:00,56.15,56.16,55.94,56.07
2026-07-17 17:00:00+00:00,56.08,56.25,55.97,56.02
2026-07-17 18:00:00+00:00,56.03,56.27,55.97,56.2
2026-07-17 19:00:00+00:00,56.2,56.28,55.96,56.23
2026-07-17 20:00:00+00:00,56.24,56.24,55.96,56.06
2026-07-17 21:00:00+00:00,56.06,56.1,56.02,56.06
2026-07-17 22:00:00+00:00,56.07,56.08,56.03,56.03
2026-07-17 23:00:00+00:00,56.03,56.04,55.99,56.02
2026-07-18 00:00:00+00:00,56.03,56.07,56.02,56.07
2026-07-18 01:00:00+00:00,56.06,56.07,56.05,56.06
2026-07-18 02:00:00+00:00,56.06,56.06,56.04,56.04
2026-07-18 03:00:00+00:00,56.05,56.05,56.01,56.03
2026-07-18 04:00:00+00:00,56.03,56.03,56.01,56.03
2026-07-18 05:00:00+00:00,56.02,56.05,56.02,56.05
2026-07-18 06:00:00+00:00,56.05,56.05,56.02,56.03
2026-07-18 07:00:00+00:00,56.03,56.08,56.02,56.07
2026-07-18 08:00:00+00:00,56.07,56.09,56.06,56.08
2026-07-18 09:00:00+00:00,56.08,56.09,56.07,56.08
2026-07-18 10:00:00+00:00,56.08,56.08,56.06,56.07
2026-07-18 11:00:00+00:00,56.07,56.08,56.06,56.06
2026-07-18 12:00:00+00:00,56.07,56.09,56.06,56.09
2026-07-18 13:00:00+00:00,56.09,56.09,56.06,56.07
2026-07-18 14:00:00+00:00,56.07,56.08,56.06,56.07
2026-07-18 15:00:00+00:00,56.07,56.08,56.07,56.08
2026-07-18 16:00:00+00:00,56.08,56.11,56.05,56.08
2026-07-18 17:00:00+00:00,56.07,56.1,56.06,56.09
2026-07-18 18:00:00+00:00,56.08,56.09,55.97,56.0
2026-07-18 19:00:00+00:00,56.01,56.02,55.98,55.98
2026-07-18 20:00:00+00:00,55.98,55.99,55.96,55.98
2026-07-18 21:00:00+00:00,55.98,55.98,55.94,55.96
2026-07-18 22:00:00+00:00,55.97,56.02,55.96,56.01
2026-07-18 23:00:00+00:00,56.01,56.05,56.0,56.03
2026-07-19 00:00:00+00:00,56.04,56.07,56.03,56.06
2026-07-19 01:00:00+00:00,56.06,56.07,56.05,56.06
2026-07-19 02:00:00+00:00,56.07,56.11,56.07,56.08
2026-07-19 03:00:00+00:00,56.07,56.08,56.06,56.06
2026-07-19 04:00:00+00:00,56.07,56.07,56.04,56.07
2026-07-19 05:00:00+00:00,56.06,56.09,56.06,56.08
2026-07-19 06:00:00+00:00,56.09,56.09,56.08,56.09
2026-07-19 07:00:00+00:00,56.09,56.09,56.04,56.05
2026-07-19 08:00:00+00:00,56.05,56.06,56.03,56.04
2026-07-19 09:00:00+00:00,56.04,56.11,56.03,56.06
2026-07-19 10:00:00+00:00,56.06,56.07,56.0,56.03
2026-07-19 11:00:00+00:00,56.02,56.02,55.97,55.98
2026-07-19 12:00:00+00:00,55.98,55.99,55.95,55.97
2026-07-19 13:00:00+00:00,55.97,56.03,55.97,56.02
2026-07-19 14:00:00+00:00,56.02,56.06,55.98,55.99
2026-07-19 15:00:00+00:00,55.99,55.99,55.93,55.94
2026-07-19 16:00:00+00:00,55.94,55.96,55.83,55.84
2026-07-19 17:00:00+00:00,55.85,55.88,55.83,55.85
2026-07-19 18:00:00+00:00,55.85,55.86,55.82,55.85
2026-07-19 19:00:00+00:00,55.85,55.89,55.85,55.87
2026-07-19 20:00:00+00:00,55.87,55.9,55.82,55.85
2026-07-19 21:00:00+00:00,55.84,55.86,55.75,55.75
2026-07-19 22:00:00+00:00,55.74,55.96,55.61,55.81
2026-07-19 23:00:00+00:00,55.82,55.99,55.75,55.97
2026-07-20 00:00:00+00:00,55.98,56.77,55.7,56.69
2026-07-20 01:00:00+00:00,56.69,56.94,56.44,56.72
2026-07-20 02:00:00+00:00,56.73,57.41,56.69,57.26
2026-07-20 03:00:00+00:00,57.26,57.43,57.08,57.12
2026-07-20 04:00:00+00:00,57.13,57.16,56.96,57.0
2026-07-20 05:00:00+00:00,57.0,57.05,56.58,56.61
2026-07-20 06:00:00+00:00,56.62,56.78,56.51,56.53
2026-07-20 07:00:00+00:00,56.54,57.1,56.47,57.08
2026-07-20 08:00:00+00:00,57.08,57.28,56.9,56.92
2026-07-20 09:00:00+00:00,56.91,57.16,56.79,57.07
2026-07-20 10:00:00+00:00,57.07,57.08,56.9,56.92
2026-07-20 11:00:00+00:00,56.92,57.57,56.91,57.17
2026-07-20 12:00:00+00:00,57.17,57.18,56.73,56.83
2026-07-20 13:00:00+00:00,56.84,57.13,56.75,56.85
2026-07-20 14:00:00+00:00,56.84,57.09,56.47,56.83
2026-07-20 15:00:00+00:00,56.83,57.25,56.75,57.02
2026-07-20 16:00:00+00:00,57.02,57.24,56.66,56.89
2026-07-20 17:00:00+00:00,56.89,57.03,56.7,56.82
2026-07-20 18:00:00+00:00,56.82,56.93,56.57,56.68
2026-07-20 19:00:00+00:00,56.67,56.88,56.45,56.5
2026-07-20 20:00:00+00:00,56.51,56.58,56.45,56.51
2026-07-20 21:00:00+00:00,56.51,56.62,56.51,56.6
2026-07-20 22:00:00+00:00,56.6,56.6,56.21,56.27
2026-07-20 23:00:00+00:00,56.26,56.46,56.26,56.45
2026-07-21 00:00:00+00:00,56.45,57.02,56.29,56.98
2026-07-21 01:00:00+00:00,56.98,57.39,56.87,57.03
2026-07-21 02:00:00+00:00,57.03,57.9,56.9,57.67
2026-07-21 03:00:00+00:00,57.66,57.91,57.64,57.89
2026-07-21 04:00:00+00:00,57.9,57.97,57.79,57.93
2026-07-21 05:00:00+00:00,57.93,58.27,57.88,58.15
2026-07-21 06:00:00+00:00,58.14,59.01,58.14,58.96
2026-07-21 07:00:00+00:00,58.96,59.26,58.89,59.24
2026-07-21 08:00:00+00:00,59.24,59.28,58.97,59.05
2026-07-21 09:00:00+00:00,59.05,59.35,59.05,59.17
2026-07-21 10:00:00+00:00,59.17,59.27,58.99,59.0
2026-07-21 11:00:00+00:00,59.0,59.03,58.8,58.93
2026-07-21 12:00:00+00:00,58.93,59.28,58.9,59.0
2026-07-21 13:00:00+00:00,59.0,59.14,58.32,58.52
2026-07-21 14:00:00+00:00,58.53,59.21,58.52,59.02
2026-07-21 15:00:00+00:00,59.02,59.29,58.92,59.04
2026-07-21 16:00:00+00:00,59.03,59.17,58.86,58.91
2026-07-21 17:00:00+00:00,58.92,58.96,58.76,58.83
2026-07-21 18:00:00+00:00,58.83,59.09,58.79,58.93
2026-07-21 19:00:00+00:00,58.94,59.0,58.78,58.81
2026-07-21 20:00:00+00:00,58.8,58.94,58.74,58.9
2026-07-21 21:00:00+00:00,58.9,59.04,58.9,58.97
2026-07-21 22:00:00+00:00,58.98,59.01,58.84,58.86
2026-07-21 23:00:00+00:00,58.87,58.95,58.82,58.94
2026-07-22 00:00:00+00:00,58.94,59.3,58.86,59.28
2026-07-22 01:00:00+00:00,59.29,60.03,59.26,60.01
2026-07-22 02:00:00+00:00,60.01,60.07,59.61,59.71
2026-07-22 03:00:00+00:00,59.7,60.04,59.68,59.86
2026-07-22 04:00:00+00:00,59.86,59.89,59.66,59.76
2026-07-22 05:00:00+00:00,59.77,59.85,59.51,59.76
2026-07-22 06:00:00+00:00,59.75,59.87,59.31,59.38
2026-07-22 07:00:00+00:00,59.38,59.58,59.17,59.21
2026-07-22 08:00:00+00:00,59.22,59.61,59.22,59.57
2026-07-22 09:00:00+00:00,59.57,59.72,59.43,59.46
2026-07-22 10:00:00+00:00,59.46,59.59,59.39,59.42
2026-07-22 11:00:00+00:00,59.43,59.51,59.19,59.42
2026-07-22 12:00:00+00:00,59.43,59.64,58.99,59.13
2026-07-22 13:00:00+00:00,59.13,60.65,59.09,60.57
2026-07-22 14:00:00+00:00,60.57,61.02,60.19,60.32
2026-07-22 15:00:00+00:00,60.31,60.5,60.23,60.33
2026-07-22 16:00:00+00:00,60.33,60.37,59.97,60.14
2026-07-22 17:00:00+00:00,60.14,60.16,59.83,60.05
2026-07-22 18:00:00+00:00,60.05,60.06,59.86,59.97
2026-07-22 19:00:00+00:00,59.96,60.02,59.63,59.73
2026-07-22 20:00:00+00:00,59.73,60.0,59.67,59.83
2026-07-22 21:00:00+00:00,59.83,59.88,59.8,59.82
2026-07-22 22:00:00+00:00,59.81,59.88,59.36,59.45
2026-07-22 23:00:00+00:00,59.46,59.83,59.39,59.81
2026-07-23 00:00:00+00:00,59.81,59.95,59.69,59.92
2026-07-23 01:00:00+00:00,59.92,60.13,59.49,59.58
2026-07-23 02:00:00+00:00,59.57,59.93,59.5,59.91
2026-07-23 03:00:00+00:00,59.91,59.98,59.75,59.81
2026-07-23 04:00:00+00:00,59.81,59.97,59.67,59.69
2026-07-23 05:00:00+00:00,59.7,59.95,59.63,59.67
2026-07-23 06:00:00+00:00,59.68,59.77,59.49,59.52
2026-07-23 07:00:00+00:00,59.52,59.53,58.69,58.99
2026-07-23 08:00:00+00:00,59.0,59.07,58.75,58.93
2026-07-23 09:00:00+00:00,58.92,59.08,58.76,58.81
2026-07-23 10:00:00+00:00,58.81,58.9,58.65,58.81
2026-07-23 11:00:00+00:00,58.82,58.83,58.08,58.6
2026-07-23 12:00:00+00:00,58.6,58.61,57.72,57.73
2026-07-23 13:00:00+00:00,57.73,58.12,57.12,57.69
2026-07-23 14:00:00+00:00,57.7,58.06,57.63,57.86
2026-07-23 15:00:00+00:00,57.86,57.89,57.41,57.67
2026-07-23 16:00:00+00:00,57.67,57.91,57.67,57.89
2026-07-23 17:00:00+00:00,57.89,57.99,57.57,57.57
2026-07-23 18:00:00+00:00,57.58,57.66,57.48,57.64
2026-07-23 19:00:00+00:00,57.65,57.76,57.51,57.66
2026-07-23 20:00:00+00:00,57.65,57.76,57.61,57.73
2026-07-23 21:00:00+00:00,57.73,57.77,57.67,57.68
2026-07-23 22:00:00+00:00,57.68,57.77,57.62,57.73
2026-07-23 23:00:00+00:00,57.72,57.74,57.6,57.6
2026-07-24 00:00:00+00:00,57.61,57.92,57.45,57.89
2026-07-24 01:00:00+00:00,57.9,57.97,57.46,57.72
2026-07-24 02:00:00+00:00,57.72,57.85,57.16,57.26
2026-07-24 03:00:00+00:00,57.26,57.48,57.18,57.36
2026-07-24 04:00:00+00:00,57.36,57.48,57.25,57.38
2026-07-24 05:00:00+00:00,57.38,57.68,57.32,57.42
2026-07-24 06:00:00+00:00,57.42,57.88,57.37,57.8
2026-07-24 07:00:00+00:00,57.79,58.48,57.76,58.25
2026-07-24 08:00:00+00:00,58.25,58.4,58.12,58.35
2026-07-24 09:00:00+00:00,58.35,58.53,58.31,58.52
2026-07-24 10:00:00+00:00,58.52,58.69,58.41,58.45
2026-07-24 11:00:00+00:00,58.46,58.62,58.29,58.53
2026-07-24 12:00:00+00:00,58.53,58.71,58.35,58.48
2026-07-24 13:00:00+00:00,58.49,58.59,57.93,58.44
2026-07-24 14:00:00+00:00,58.44,58.76,58.23,58.58
2026-07-24 15:00:00+00:00,58.58,59.07,58.44,58.95
2026-07-24 16:00:00+00:00,58.96,58.99,58.62,58.7
2026-07-24 17:00:00+00:00,58.7,58.83,58.55,58.62
2026-07-24 18:00:00+00:00,58.62,58.68,58.26,58.37
2026-07-24 19:00:00+00:00,58.38,58.42,58.16,58.29
2026-07-24 20:00:00+00:00,58.28,58.36,58.18,58.31
2026-07-24 21:00:00+00:00,58.3,58.36,58.26,58.34
2026-07-24 22:00:00+00:00,58.34,58.39,58.32,58.38
2026-07-24 23:00:00+00:00,58.38,58.38,58.34,58.36
2026-07-25 00:00:00+00:00,58.36,58.43,58.36,58.38
2026-07-25 01:00:00+00:00,58.38,58.39,58.37,58.39
2026-07-25 02:00:00+00:00,58.39,58.39,58.38,58.39
2026-07-25 03:00:00+00:00,58.39,58.39,58.38,58.39
2026-07-25 04:00:00+00:00,58.39,58.39,58.37,58.39
2026-07-25 05:00:00+00:00,58.38,58.39,58.33,58.33
2026-07-25 06:00:00+00:00,58.34,58.36,58.32,58.36
2026-07-25 07:00:00+00:00,58.35,58.38,58.35,58.37
2026-07-25 08:00:00+00:00,58.38,58.39,58.37,58.39
2026-07-25 09:00:00+00:00,58.39,58.39,58.34,58.36
2026-07-25 10:00:00+00:00,58.35,58.36,58.33,58.35
2026-07-25 11:00:00+00:00,58.35,58.35,58.31,58.31
2026-07-25 12:00:00+00:00,58.32,58.33,58.31,58.32
2026-07-25 13:00:00+00:00,58.33,58.45,58.32,58.39
2026-07-25 14:00:00+00:00,58.39,58.51,58.36,58.47
2026-07-25 15:00:00+00:00,58.46,58.48,58.41,58.42
2026-07-25 16:00:00+00:00,58.42,58.42,58.37,58.42
2026-07-25 17:00:00+00:00,58.41,58.49,58.41,58.48
2026-07-25 18:00:00+00:00,58.49,58.54,58.46,58.5
2026-07-25 19:00:00+00:00,58.51,58.52,58.47,58.47
2026-07-25 20:00:00+00:00,58.47,58.48,58.44,58.47
2026-07-25 21:00:00+00:00,58.47,58.55,58.45,58.48
2026-07-25 22:00:00+00:00,58.49,58.52,58.48,58.52
2026-07-25 23:00:00+00:00,58.52,58.52,58.47,58.5
2026-07-26 00:00:00+00:00,58.5,58.51,58.49,58.49
2026-07-26 01:00:00+00:00,58.5,58.5,58.48,58.49
2026-07-26 02:00:00+00:00,58.48,58.49,58.46,58.48
2026-07-26 03:00:00+00:00,58.48,58.54,58.47,58.53
2026-07-26 04:00:00+00:00,58.53,58.59,58.53,58.59
2026-07-26 05:00:00+00:00,58.58,58.59,58.37,58.53
2026-07-26 06:00:00+00:00,58.53,58.54,58.5,58.51
2026-07-26 07:00:00+00:00,58.52,58.66,58.51,58.6
2026-07-26 08:00:00+00:00,58.6,58.7,58.6,58.68
2026-07-26 09:00:00+00:00,58.69,58.76,58.66,58.69
2026-07-26 10:00:00+00:00,58.68,59.01,58.65,58.99
2026-07-26 11:00:00+00:00,59.0,59.04,58.91,58.93
2026-07-26 12:00:00+00:00,58.94,59.0,58.78,58.97
2026-07-26 13:00:00+00:00,58.98,59.09,58.95,59.06
2026-07-26 14:00:00+00:00,59.07,59.15,58.95,58.95
2026-07-26 15:00:00+00:00,58.96,59.09,58.9,58.97
2026-07-26 16:00:00+00:00,58.97,59.22,58.97,59.06
2026-07-26 17:00:00+00:00,59.05,59.38,58.91,59.14
2026-07-26 18:00:00+00:00,59.15,59.23,59.11,59.18
2026-07-26 19:00:00+00:00,59.19,59.19,59.06,59.1
2026-07-26 20:00:00+00:00,59.1,59.16,59.05,59.05
2026-07-26 21:00:00+00:00,59.06,59.32,58.92,59.17
2026-07-26 22:00:00+00:00,59.17,59.95,59.16,59.76
2026-07-26 23:00:00+00:00,59.76,59.82,59.38,59.72
2026-07-27 00:00:00+00:00,59.71,60.16,59.59,59.67
2026-07-27 01:00:00+00:00,59.67,59.89,59.57,59.87
2026-07-27 02:00:00+00:00,59.88,59.89,59.4,59.42
2026-07-27 03:00:00+00:00,59.41,59.53,59.35,59.39
2026-07-27 04:00:00+00:00,59.4,59.43,59.21,59.38
2026-07-27 05:00:00+00:00,59.37,59.51,59.2,59.48
2026-07-27 06:00:00+00:00,59.48,59.66,59.43,59.49
2026-07-27 07:00:00+00:00,59.5,59.86,59.26,59.27
2026-07-27 08:00:00+00:00,59.28,59.53,59.15,59.47
2026-07-27 09:00:00+00:00,59.46,59.54,59.24,59.36
2026-07-27 10:00:00+00:00,59.36,59.43,59.11,59.32
2026-07-27 11:00:00+00:00,59.33,59.37,59.1,59.14
2026-07-27 12:00:00+00:00,59.15,59.22,58.77,59.01
2026-07-27 13:00:00+00:00,59.01,59.16,58.52,58.63
2026-07-27 14:00:00+00:00,58.63,58.79,57.88,58.75
2026-07-27 15:00:00+00:00,58.75,58.8,58.58,58.7
2026-07-27 16:00:00+00:00,58.71,59.07,58.67,58.72
2026-07-27 17:00:00+00:00,58.73,58.74,58.46,58.58
2026-07-27 18:00:00+00:00,58.59,58.61,58.25,58.46
2026-07-27 19:00:00+00:00,58.45,58.73,58.38,58.62
2026-07-27 20:00:00+00:00,58.62,58.63,58.48,58.52
2026-07-27 21:00:00+00:00,58.53,58.61,58.52,58.54
2026-07-27 22:00:00+00:00,58.55,58.6,58.42,58.47
2026-07-27 23:00:00+00:00,58.47,58.6,58.39,58.48
2026-07-28 00:00:00+00:00,58.49,58.52,57.79,57.82
2026-07-28 01:00:00+00:00,57.83,57.89,57.14,57.31
2026-07-28 02:00:00+00:00,57.31,57.5,57.18,57.31
2026-07-28 03:00:00+00:00,57.32,57.57,57.16,57.45
2026-07-28 04:00:00+00:00,57.44,57.47,57.24,57.26
2026-07-28 05:00:00+00:00,57.26,57.3,56.79,57.18
2026-07-28 06:00:00+00:00,57.18,57.63,57.17,57.49
2026-07-28 07:00:00+00:00,57.49,57.62,57.39,57.53
2026-07-28 08:00:00+00:00,57.53,57.76,57.44,57.63
2026-07-28 09:00:00+00:00,57.63,57.68,57.23,57.26
2026-07-28 10:00:00+00:00,57.25,57.39,57.1,57.26
2026-07-28 11:00:00+00:00,57.26,57.48,57.18,57.43
2026-07-28 12:00:00+00:00,57.43,57.58,57.26,57.39
2026-07-28 13:00:00+00:00,57.38,57.48,56.77,56.91
2026-07-28 14:00:00+00:00,56.9,57.35,56.71,57.09
2026-07-28 15:00:00+00:00,57.09,57.52,57.01,57.52
2026-07-28 16:00:00+00:00,57.52,57.62,57.35,57.41
2026-07-28 17:00:00+00:00,57.41,57.54,57.11,57.2
2026-07-28 18:00:00+00:00,57.19,57.27,57.14,57.2
2026-07-28 19:00:00+00:00,57.2,57.37,57.19,57.27
2026-07-28 20:00:00+00:00,57.27,57.27,57.16,57.23
2026-07-28 21:00:00+00:00,57.23,57.25,57.21,57.23
2026-07-28 22:00:00+00:00,57.22,57.26,56.98,57.02
2026-07-28 23:00:00+00:00,57.02,57.34,56.96,57.34
2026-07-29 00:00:00+00:00,57.34,57.47,57.19,57.24
2026-07-29 01:00:00+00:00,57.23,57.71,57.03,57.57
2026-07-29 02:00:00+00:00,57.56,58.07,57.46,57.73
2026-07-29 03:00:00+00:00,57.74,57.81,57.43,57.46
2026-07-29 04:00:00+00:00,57.46,57.6,57.4,57.56
2026-07-29 05:00:00+00:00,57.57,58.11,57.56,57.84
2026-07-29 06:00:00+00:00,57.84,58.25,57.83,58.18
2026-07-29 07:00:00+00:00,58.19,58.3,58.13,58.16
2026-07-29 08:00:00+00:00,58.17,58.18,57.84,57.98
2026-07-29 09:00:00+00:00,57.98,58.0,57.79,57.81
2026-07-29 10:00:00+00:00,57.81,57.83,57.45,57.5
2026-07-29 11:00:00+00:00,57.49,57.83,57.44,57.73
2026-07-29 12:00:00+00:00,57.74,57.78,56.93,57.37
2026-07-29 13:00:00+00:00,57.37,57.58,56.94,57.07
2026-07-29 14:00:00+00:00,57.08,57.33,56.84,57.08
2026-07-29 15:00:00+00:00,57.08,57.22,56.97,57.11
2026-07-29 16:00:00+00:00,57.11,58.11,56.92,57.83
2026-07-29 17:00:00+00:00,57.83,58.22,57.76,58.03
2026-07-29 18:00:00+00:00,58.03,59.18,57.95,59.12
2026-07-29 19:00:00+00:00,59.12,59.32,57.37,57.4
2026-07-29 20:00:00+00:00,57.4,57.77,57.2,57.74
2026-07-29 21:00:00+00:00,57.73,57.75,57.66,57.7
2026-07-29 22:00:00+00:00,57.7,58.43,57.63,58.41
2026-07-29 23:00:00+00:00,58.41,58.61,58.3,58.3
2026-07-30 00:00:00+00:00,58.31,58.37,57.83,58.05
2026-07-30 01:00:00+00:00,58.05,58.75,58.01,58.5
2026-07-30 02:00:00+00:00,58.5,58.64,57.81,57.84
2026-07-30 03:00:00+00:00,57.83,58.04,57.47,57.66
2026-07-30 04:00:00+00:00,57.66,57.68,57.23,57.32
2026-07-30 05:00:00+00:00,57.32,57.61,57.06,57.2
2026-07-30 06:00:00+00:00,57.2,57.46,57.17,57.33
2026-07-30 07:00:00+00:00,57.33,57.68,57.08,57.11
2026-07-30 08:00:00+00:00,57.1,57.98,57.07,57.72
2026-07-30 09:00:00+00:00,57.72,58.09,57.71,57.85
2026-07-30 10:00:00+00:00,57.85,58.38,57.82,58.16
2026-07-30 11:00:00+00:00,58.16,58.26,58.08,58.22
2026-07-30 12:00:00+00:00,58.22,58.43,58.0,58.12
2026-07-30 13:00:00+00:00,58.11,58.62,57.9,58.6
2026-07-30 14:00:00+00:00,58.6,58.72,58.04,58.43
2026-07-30 15:00:00+00:00,58.43,58.73,58.17,58.68
2026-07-30 16:00:00+00:00,58.68,59.04,58.67,58.81
2026-07-30 17:00:00+00:00,58.81,58.96,58.64,58.85
2026-07-30 18:00:00+00:00,58.86,59.07,58.85,58.94
2026-07-30 19:00:00+00:00,58.94,59.35,58.93,59.3
2026-07-30 20:00:00+00:00,59.3,59.41,58.99,59.11
2026-07-30 21:00:00+00:00,59.11,59.15,59.09,59.11
2026-07-30 22:00:00+00:00,59.1,59.19,59.07,59.15
2026-07-30 23:00:00+00:00,59.14,59.24,59.06,59.15
2026-07-31 00:00:00+00:00,59.15,59.24,58.88,58.96
2026-07-31 01:00:00+00:00,58.96,59.23,58.73,58.77
2026-07-31 02:00:00+00:00,58.78,58.94,58.53,58.61
2026-07-31 03:00:00+00:00,58.61,58.61,58.42,58.47
2026-07-31 04:00:00+00:00,58.47,58.74,58.44,58.74
2026-07-31 05:00:00+00:00,58.74,58.84,58.36,58.45
2026-07-31 06:00:00+00:00,58.45,58.69,58.35,58.39
2026-07-31 07:00:00+00:00,58.38,58.48,58.14,58.34
2026-07-31 08:00:00+00:00,58.34,58.39,58.09,58.25
2026-07-31 09:00:00+00:00,58.24,58.31,57.99,58.06
2026-07-31 10:00:00+00:00,58.06,58.16,57.94,57.97
2026-07-31 11:00:00+00:00,57.97,58.14,57.75,57.93
2026-07-31 12:00:00+00:00,57.93,58.0,57.63,57.73
2026-07-31 13:00:00+00:00,57.73,57.8,57.18,57.3
2026-07-31 14:00:00+00:00,57.29,57.8,57.12,57.63
2026-07-31 15:00:00+00:00,57.63,57.78,57.37,57.59
2026-07-31 16:00:00+00:00,57.58,57.73,57.45,57.57
2026-07-31 17:00:00+00:00,57.57,57.99,57.5,57.96
2026-07-31 18:00:00+00:00,57.96,58.04,57.86,58.03
2026-07-31 19:00:00+00:00,58.03,58.08,57.91,58.02
2026-07-31 20:00:00+00:00,58.02,58.05,57.66,57.69
2026-07-31 21:00:00+00:00,57.69,57.89,57.68,57.85
2026-07-31 22:00:00+00:00,57.85,57.91,57.84,57.89
2026-07-31 23:00:00+00:00,57.89,57.91,57.81,57.86
