time,open,high,low,close
2026-03-26 14:00:00+00:00,4415.0,4500.0,4410.0,4466.26
2026-03-26 15:00:00+00:00,4465.98,4469.74,4435.57,4437.59
2026-03-26 16:00:00+00:00,4437.6,4441.45,4370.18,4392.43
2026-03-26 17:00:00+00:00,4392.02,4403.2,4382.4,4384.6
2026-03-26 18:00:00+00:00,4385.0,4399.39,4373.17,4397.21
2026-03-26 19:00:00+00:00,4397.8,4401.89,4364.82,4368.4
2026-03-26 20:00:00+00:00,4368.59,4421.39,4357.7,4382.94
2026-03-26 21:00:00+00:00,4383.62,4395.87,4383.62,4394.23
2026-03-26 22:00:00+00:00,4394.36,4413.14,4384.8,4413.14
2026-03-26 23:00:00+00:00,4412.2,4412.64,4390.01,4406.39
2026-03-27 00:00:00+00:00,4406.4,4410.8,4377.8,4380.4
2026-03-27 01:00:00+00:00,4380.2,4419.19,4378.67,4416.8
2026-03-27 02:00:00+00:00,4417.2,4438.39,4417.14,4431.2
2026-03-27 03:00:00+00:00,4431.4,4444.59,4421.9,4436.82
2026-03-27 04:00:00+00:00,4437.4,4447.8,4430.8,4446.0
2026-03-27 05:00:00+00:00,4445.8,4471.06,4440.27,4452.19
2026-03-27 06:00:00+00:00,4452.14,4467.99,4450.21,4456.36
2026-03-27 07:00:00+00:00,4455.86,4458.03,4442.39,4444.0
2026-03-27 08:00:00+00:00,4444.2,4447.79,4422.32,4422.79
2026-03-27 09:00:00+00:00,4422.92,4436.46,4417.43,4425.99
2026-03-27 10:00:00+00:00,4426.0,4430.0,4406.84,4410.81
2026-03-27 11:00:00+00:00,4410.82,4421.24,4401.65,4415.41
2026-03-27 12:00:00+00:00,4415.44,4440.81,4408.95,4433.3
2026-03-27 13:00:00+00:00,4433.3,4438.29,4410.48,4428.24
2026-03-27 14:00:00+00:00,4427.99,4505.68,4427.49,4500.92
2026-03-27 15:00:00+00:00,4500.93,4545.69,4494.16,4513.72
2026-03-27 16:00:00+00:00,4513.78,4522.61,4497.83,4509.21
2026-03-27 17:00:00+00:00,4509.08,4514.0,4478.83,4479.0
2026-03-27 18:00:00+00:00,4479.0,4524.4,4478.99,4515.84
2026-03-27 19:00:00+00:00,4515.84,4527.95,4505.17,4518.23
2026-03-27 20:00:00+00:00,4518.31,4523.69,4488.06,4489.44
2026-03-27 21:00:00+00:00,4489.43,4496.88,4483.0,4494.31
2026-03-27 22:00:00+00:00,4494.3,4495.53,4493.25,4494.17
2026-03-27 23:00:00+00:00,4494.16,4495.59,4492.68,4494.53
2026-03-28 00:00:00+00:00,4494.53,4497.26,4494.48,4495.01
2026-03-28 01:00:00+00:00,4495.02,4495.33,4484.8,4487.26
2026-03-28 02:00:00+00:00,4487.26,4487.37,4485.6,4486.99
2026-03-28 03:00:00+00:00,4487.0,4490.79,4486.99,4489.6
2026-03-28 04:00:00+00:00,4489.61,4489.91,4484.57,4487.38
2026-03-28 05:00:00+00:00,4487.39,4498.54,4487.38,4497.68
2026-03-28 06:00:00+00:00,4497.68,4499.3,4496.72,4497.46
2026-03-28 07:00:00+00:00,4497.47,4497.57,4495.12,4496.59
2026-03-28 08:00:00+00:00,4496.58,4496.58,4493.44,4494.99
2026-03-28 09:00:00+00:00,4494.99,4495.55,4494.41,4494.61
2026-03-28 10:00:00+00:00,4494.61,4494.62,4491.8,4492.37
2026-03-28 11:00:00+00:00,4492.38,4494.35,4492.37,4494.35
2026-03-28 12:00:00+00:00,4494.35,4496.63,4494.32,4496.06
2026-03-28 13:00:00+00:00,4496.07,4499.0,4494.99,4495.81
2026-03-28 14:00:00+00:00,4495.81,4497.1,4495.41,4495.94
2026-03-28 15:00:00+00:00,4495.93,4495.94,4485.0,4492.65
2026-03-28 16:00:00+00:00,4492.64,4492.77,4489.97,4492.57
2026-03-28 17:00:00+00:00,4492.56,4493.39,4491.19,4491.19
2026-03-28 18:00:00+00:00,4491.19,4491.53,4489.13,4490.71
2026-03-28 19:00:00+00:00,4490.7,4493.49,4490.7,4492.28
2026-03-28 20:00:00+00:00,4492.28,4492.51,4492.28,4492.5
2026-03-28 21:00:00+00:00,4492.51,4492.92,4488.34,4488.35
2026-03-28 22:00:00+00:00,4488.34,4490.95,4487.51,4487.67
2026-03-28 23:00:00+00:00,4487.67,4488.56,4487.25,4488.26
2026-03-29 00:00:00+00:00,4488.32,4490.8,4484.0,4484.82
2026-03-29 01:00:00+00:00,4484.83,4487.99,4484.55,4485.67
2026-03-29 02:00:00+00:00,4485.67,4490.3,4485.66,4490.17
2026-03-29 03:00:00+00:00,4490.16,4490.42,4490.0,4490.01
2026-03-29 04:00:00+00:00,4490.0,4490.01,4486.7,4488.44
2026-03-29 05:00:00+00:00,4488.44,4488.44,4488.0,4488.1
2026-03-29 06:00:00+00:00,4488.09,4488.44,4486.9,4486.9
2026-03-29 07:00:00+00:00,4486.9,4488.13,4486.66,4488.12
2026-03-29 08:00:00+00:00,4488.13,4488.13,4487.34,4487.34
2026-03-29 09:00:00+00:00,4487.35,4490.64,4484.48,4486.02
2026-03-29 10:00:00+00:00,4486.03,4489.9,4483.95,4488.05
2026-03-29 11:00:00+00:00,4488.06,4489.74,4488.04,4489.73
2026-03-29 12:00:00+00:00,4489.74,4503.58,4489.73,4503.57
2026-03-29 13:00:00+00:00,4503.57,4504.49,4496.14,4497.19
2026-03-29 14:00:00+00:00,4497.19,4498.97,4496.55,4497.8
2026-03-29 15:00:00+00:00,4497.81,4497.85,4497.79,4497.82
2026-03-29 16:00:00+00:00,4497.82,4500.0,4496.0,4498.11
2026-03-29 17:00:00+00:00,4498.12,4498.39,4498.1,4498.15
2026-03-29 18:00:00+00:00,4498.14,4503.83,4498.14,4503.83
2026-03-29 19:00:00+00:00,4503.82,4504.64,4500.0,4500.26
2026-03-29 20:00:00+00:00,4500.25,4503.58,4497.02,4498.55
2026-03-29 21:00:00+00:00,4498.55,4509.99,4498.54,4507.41
2026-03-29 22:00:00+00:00,4507.4,4508.33,4469.76,4483.16
2026-03-29 23:00:00+00:00,4483.38,4490.85,4443.35,4447.52
2026-03-30 00:00:00+00:00,4447.74,4466.99,4420.01,4433.21
2026-03-30 01:00:00+00:00,4433.22,4475.11,4433.22,4470.11
2026-03-30 02:00:00+00:00,4469.84,4498.6,4460.14,4482.32
2026-03-30 03:00:00+00:00,4481.98,4515.5,4480.08,4495.06
2026-03-30 04:00:00+00:00,4495.07,4497.87,4483.92,4496.16
2026-03-30 05:00:00+00:00,4496.17,4523.79,4496.16,4522.0
2026-03-30 06:00:00+00:00,4522.0,4550.04,4522.0,4531.7
2026-03-30 07:00:00+00:00,4531.7,4532.68,4513.33,4524.52
2026-03-30 08:00:00+00:00,4524.52,4537.44,4522.54,4536.4
2026-03-30 09:00:00+00:00,4536.23,4537.5,4522.17,4529.58
2026-03-30 10:00:00+00:00,4529.59,4537.14,4526.58,4529.34
2026-03-30 11:00:00+00:00,4529.34,4575.0,4523.58,4554.71
2026-03-30 12:00:00+00:00,4554.72,4571.6,4542.67,4564.04
2026-03-30 13:00:00+00:00,4564.04,4573.0,4513.61,4517.01
2026-03-30 14:00:00+00:00,4517.01,4534.2,4508.57,4532.41
2026-03-30 15:00:00+00:00,4532.42,4543.88,4516.5,4536.61
2026-03-30 16:00:00+00:00,4536.6,4537.2,4521.8,4530.0
2026-03-30 17:00:00+00:00,4530.0,4532.03,4504.1,4507.55
2026-03-30 18:00:00+00:00,4507.72,4514.34,4492.43,4492.54
2026-03-30 19:00:00+00:00,4492.54,4512.04,4486.45,4507.84
2026-03-30 20:00:00+00:00,4507.84,4509.53,4493.97,4501.76
2026-03-30 21:00:00+00:00,4501.77,4510.8,4500.4,4508.08
2026-03-30 22:00:00+00:00,4507.92,4516.03,4496.85,4503.1
2026-03-30 23:00:00+00:00,4502.96,4511.99,4485.87,4505.71
2026-03-31 00:00:00+00:00,4505.7,4538.64,4476.1,4538.64
2026-03-31 01:00:00+00:00,4538.15,4606.99,4525.07,4594.21
2026-03-31 02:00:00+00:00,4593.91,4595.1,4557.15,4559.41
2026-03-31 03:00:00+00:00,4559.4,4566.37,4541.37,4547.26
2026-03-31 04:00:00+00:00,4547.27,4558.32,4547.26,4554.44
2026-03-31 05:00:00+00:00,4554.3,4569.0,4538.15,4558.16
2026-03-31 06:00:00+00:00,4557.87,4557.87,4544.51,4549.13
2026-03-31 07:00:00+00:00,4549.14,4556.24,4535.61,4556.21
2026-03-31 08:00:00+00:00,4556.2,4565.1,4552.86,4560.41
2026-03-31 09:00:00+00:00,4560.42,4562.99,4542.17,4546.17
2026-03-31 10:00:00+00:00,4546.18,4552.0,4522.82,4538.49
2026-03-31 11:00:00+00:00,4538.5,4581.42,4532.57,4571.95
2026-03-31 12:00:00+00:00,4571.95,4585.45,4560.15,4563.85
2026-03-31 13:00:00+00:00,4563.86,4595.83,4557.85,4595.22
2026-03-31 14:00:00+00:00,4594.71,4613.63,4578.91,4581.94
2026-03-31 15:00:00+00:00,4582.61,4605.55,4582.61,4591.65
2026-03-31 16:00:00+00:00,4591.47,4630.9,4590.0,4618.73
2026-03-31 17:00:00+00:00,4618.73,4645.2,4618.73,4633.87
2026-03-31 18:00:00+00:00,4633.87,4649.37,4633.87,4647.73
2026-03-31 19:00:00+00:00,4647.73,4663.65,4642.13,4661.28
2026-03-31 20:00:00+00:00,4661.27,4664.52,4643.72,4645.61
2026-03-31 21:00:00+00:00,4645.51,4645.51,4634.29,4640.42
2026-03-31 22:00:00+00:00,4640.43,4668.88,4637.85,4654.55
2026-03-31 23:00:00+00:00,4654.86,4673.54,4648.14,4670.22
2026-04-01 00:00:00+00:00,4670.21,4695.82,4668.73,4684.83
2026-04-01 01:00:00+00:00,4684.88,4696.63,4656.57,4664.31
2026-04-01 02:00:00+00:00,4664.52,4671.23,4653.53,4658.01
2026-04-01 03:00:00+00:00,4658.01,4667.21,4654.71,4655.68
2026-04-01 04:00:00+00:00,4655.69,4655.69,4642.7,4650.87
2026-04-01 05:00:00+00:00,4650.86,4678.31,4650.0,4660.32
2026-04-01 06:00:00+00:00,4660.32,4705.38,4659.39,4703.8
2026-04-01 07:00:00+00:00,4704.42,4717.82,4682.25,4684.15
2026-04-01 08:00:00+00:00,4684.11,4708.95,4682.74,4698.24
2026-04-01 09:00:00+00:00,4698.23,4700.22,4685.67,4694.32
2026-04-01 10:00:00+00:00,4694.31,4707.26,4686.7,4702.09
2026-04-01 11:00:00+00:00,4702.09,4731.94,4700.79,4721.91
2026-04-01 12:00:00+00:00,4721.9,4723.17,4695.3,4696.05
2026-04-01 13:00:00+00:00,4695.85,4719.0,4688.37,4708.95
2026-04-01 14:00:00+00:00,4709.14,4736.41,4696.2,4730.44
2026-04-01 15:00:00+00:00,4730.44,4756.0,4728.52,4754.55
2026-04-01 16:00:00+00:00,4754.55,4758.87,4742.01,4754.56
2026-04-01 17:00:00+00:00,4754.56,4760.83,4740.89,4740.89
2026-04-01 18:00:00+00:00,4740.89,4740.9,4711.02,4720.87
2026-04-01 19:00:00+00:00,4721.13,4743.73,4720.0,4732.34
2026-04-01 20:00:00+00:00,4732.9,4736.89,4722.83,4722.83
2026-04-01 21:00:00+00:00,4722.85,4730.0,4722.47,4729.31
2026-04-01 22:00:00+00:00,4729.32,4746.41,4719.64,4741.03
2026-04-01 23:00:00+00:00,4741.36,4761.42,4737.07,4746.96
2026-04-02 00:00:00+00:00,4746.78,4761.03,4739.59,4748.81
2026-04-02 01:00:00+00:00,4748.22,4748.22,4625.06,4667.7
2026-04-02 02:00:00+00:00,4667.94,4675.0,4630.86,4660.21
2026-04-02 03:00:00+00:00,4660.05,4671.31,4648.47,4650.49
2026-04-02 04:00:00+00:00,4650.48,4653.23,4631.57,4644.89
2026-04-02 05:00:00+00:00,4644.88,4650.75,4564.52,4571.45
2026-04-02 06:00:00+00:00,4571.64,4586.02,4533.89,4578.04
2026-04-02 07:00:00+00:00,4577.59,4625.61,4577.22,4618.98
2026-04-02 08:00:00+00:00,4619.33,4623.75,4594.56,4596.03
2026-04-02 09:00:00+00:00,4596.03,4607.45,4590.0,4599.92
2026-04-02 10:00:00+00:00,4599.92,4610.76,4583.48,4600.18
2026-04-02 11:00:00+00:00,4600.19,4607.75,4573.05,4578.18
2026-04-02 12:00:00+00:00,4577.77,4605.61,4573.71,4578.94
2026-04-02 13:00:00+00:00,4578.97,4628.12,4558.0,4621.87
2026-04-02 14:00:00+00:00,4621.55,4671.05,4608.3,4655.21
2026-04-02 15:00:00+00:00,4654.98,4655.64,4627.03,4633.86
2026-04-02 16:00:00+00:00,4633.86,4644.89,4619.35,4634.92
2026-04-02 17:00:00+00:00,4634.74,4641.61,4620.96,4621.94
2026-04-02 18:00:00+00:00,4621.97,4644.77,4621.97,4642.45
2026-04-02 19:00:00+00:00,4642.44,4655.0,4637.04,4645.23
2026-04-02 20:00:00+00:00,4645.73,4648.77,4638.62,4647.43
2026-04-02 21:00:00+00:00,4647.44,4651.23,4645.81,4651.04
2026-04-02 22:00:00+00:00,4651.04,4651.24,4645.74,4646.49
2026-04-02 23:00:00+00:00,4646.48,4651.94,4645.9,4650.29
2026-04-03 00:00:00+00:00,4650.3,4650.79,4645.3,4645.97
2026-04-03 01:00:00+00:00,4645.97,4647.01,4640.4,4642.75
2026-04-03 02:00:00+00:00,4642.76,4646.8,4642.21,4646.8
2026-04-03 03:00:00+00:00,4646.8,4647.2,4644.38,4644.58
2026-04-03 04:00:00+00:00,4644.59,4647.4,4644.58,4647.2
2026-04-03 05:00:00+00:00,4647.2,4649.13,4645.4,4648.64
2026-04-03 06:00:00+00:00,4648.65,4649.78,4647.21,4647.24
2026-04-03 07:00:00+00:00,4647.24,4647.24,4640.51,4640.63
2026-04-03 08:00:00+00:00,4640.64,4648.48,4640.63,4644.73
2026-04-03 09:00:00+00:00,4644.73,4644.82,4644.01,4644.36
2026-04-03 10:00:00+00:00,4644.38,4644.38,4642.45,4642.45
2026-04-03 11:00:00+00:00,4642.46,4642.46,4638.74,4640.83
2026-04-03 12:00:00+00:00,4640.84,4645.7,4627.6,4630.58
2026-04-03 13:00:00+00:00,4630.59,4634.0,4628.4,4632.62
2026-04-03 14:00:00+00:00,4632.63,4634.0,4630.01,4630.01
2026-04-03 15:00:00+00:00,4630.01,4633.88,4627.21,4631.11
2026-04-03 16:00:00+00:00,4631.1,4634.0,4631.1,4634.0
2026-04-03 17:00:00+00:00,4633.99,4634.0,4627.17,4630.51
2026-04-03 18:00:00+00:00,4630.51,4630.52,4627.02,4627.89
2026-04-03 19:00:00+00:00,4627.88,4632.67,4626.84,4628.41
2026-04-03 20:00:00+00:00,4628.42,4630.6,4627.55,4630.59
2026-04-03 21:00:00+00:00,4630.6,4633.4,4627.82,4629.91
2026-04-03 22:00:00+00:00,4629.82,4630.83,4628.43,4629.62
2026-04-03 23:00:00+00:00,4629.24,4632.48,4629.24,4632.22
2026-04-04 00:00:00+00:00,4632.22,4632.35,4628.99,4632.06
2026-04-04 01:00:00+00:00,4632.06,4635.99,4632.05,4635.72
2026-04-04 02:00:00+00:00,4635.72,4637.72,4632.89,4637.7
2026-04-04 03:00:00+00:00,4637.69,4639.31,4637.23,4639.31
2026-04-04 04:00:00+00:00,4639.3,4639.62,4636.87,4636.87
2026-04-04 05:00:00+00:00,4636.68,4637.6,4635.18,4637.1
2026-04-04 06:00:00+00:00,4637.1,4638.92,4635.84,4636.21
2026-04-04 07:00:00+00:00,4636.22,4638.0,4634.88,4635.22
2026-04-04 08:00:00+00:00,4635.23,4635.23,4632.85,4632.93
2026-04-04 09:00:00+00:00,4632.93,4639.16,4632.81,4637.94
2026-04-04 10:00:00+00:00,4637.95,4642.81,4637.95,4642.67
2026-04-04 11:00:00+00:00,4642.67,4645.57,4638.67,4641.28
2026-04-04 12:00:00+00:00,4641.27,4645.69,4641.05,4645.4
2026-04-04 13:00:00+00:00,4645.41,4646.88,4644.86,4645.43
2026-04-04 14:00:00+00:00,4645.43,4646.69,4645.12,4645.16
2026-04-04 15:00:00+00:00,4645.17,4645.17,4634.48,4642.93
2026-04-04 16:00:00+00:00,4642.94,4646.09,4642.93,4643.76
2026-04-04 17:00:00+00:00,4643.77,4644.08,4641.0,4641.01
2026-04-04 18:00:00+00:00,4641.01,4642.27,4635.79,4635.8
2026-04-04 19:00:00+00:00,4635.79,4635.86,4632.35,4632.4
2026-04-04 20:00:00+00:00,4632.4,4637.1,4632.16,4637.04
2026-04-04 21:00:00+00:00,4637.05,4637.19,4632.01,4633.83
2026-04-04 22:00:00+00:00,4633.82,4637.8,4633.82,4635.28
2026-04-04 23:00:00+00:00,4635.28,4636.93,4633.5,4633.68
2026-04-05 00:00:00+00:00,4633.69,4638.49,4632.12,4633.9
2026-04-05 01:00:00+00:00,4633.89,4638.11,4633.89,4635.23
2026-04-05 02:00:00+00:00,4635.23,4635.86,4634.99,4635.16
2026-04-05 03:00:00+00:00,4635.17,4637.95,4634.61,4636.41
2026-04-05 04:00:00+00:00,4636.4,4636.99,4635.07,4636.27
2026-04-05 05:00:00+00:00,4636.26,4636.89,4635.09,4636.29
2026-04-05 06:00:00+00:00,4636.3,4637.35,4634.02,4635.6
2026-04-05 07:00:00+00:00,4635.6,4635.8,4628.5,4632.99
2026-04-05 08:00:00+00:00,4633.0,4638.45,4631.26,4634.21
2026-04-05 09:00:00+00:00,4634.22,4634.75,4629.53,4631.6
2026-04-05 10:00:00+00:00,4631.61,4631.72,4624.29,4625.6
2026-04-05 11:00:00+00:00,4625.59,4627.0,4618.89,4624.55
2026-04-05 12:00:00+00:00,4624.61,4624.7,4605.63,4616.47
2026-04-05 13:00:00+00:00,4616.45,4631.55,4611.59,4617.3
2026-04-05 14:00:00+00:00,4617.31,4624.79,4615.72,4622.97
2026-04-05 15:00:00+00:00,4622.97,4629.46,4616.08,4620.8
2026-04-05 16:00:00+00:00,4620.99,4626.8,4608.0,4611.45
2026-04-05 17:00:00+00:00,4611.46,4611.46,4604.21,4606.94
2026-04-05 18:00:00+00:00,4606.95,4614.5,4604.52,4611.17
2026-04-05 19:00:00+00:00,4611.18,4616.01,4609.56,4612.45
2026-04-05 20:00:00+00:00,4611.87,4613.76,4606.11,4613.01
2026-04-05 21:00:00+00:00,4613.0,4617.83,4603.37,4614.8
2026-04-05 22:00:00+00:00,4614.96,4632.7,4588.46,4613.2
2026-04-05 23:00:00+00:00,4613.21,4617.6,4578.91,4584.86
2026-04-06 00:00:00+00:00,4584.9,4600.76,4576.2,4596.88
2026-04-06 01:00:00+00:00,4597.19,4615.69,4596.01,4600.41
2026-04-06 02:00:00+00:00,4600.4,4642.55,4598.82,4620.37
2026-04-06 03:00:00+00:00,4620.38,4620.38,4599.88,4613.02
2026-04-06 04:00:00+00:00,4613.02,4629.43,4613.02,4629.43
2026-04-06 05:00:00+00:00,4629.42,4647.22,4623.08,4624.12
2026-04-06 06:00:00+00:00,4624.12,4637.6,4617.0,4635.68
2026-04-06 07:00:00+00:00,4635.74,4655.41,4617.0,4652.54
2026-04-06 08:00:00+00:00,4652.55,4665.0,4649.09,4664.23
2026-04-06 09:00:00+00:00,4664.23,4673.65,4659.2,4662.02
2026-04-06 10:00:00+00:00,4661.58,4665.17,4653.6,4658.03
2026-04-06 11:00:00+00:00,4658.02,4664.0,4646.41,4646.84
2026-04-06 12:00:00+00:00,4646.85,4653.22,4630.0,4643.8
2026-04-06 13:00:00+00:00,4643.81,4647.94,4628.47,4647.49
2026-04-06 14:00:00+00:00,4647.5,4661.29,4630.0,4650.04
2026-04-06 15:00:00+00:00,4650.57,4650.8,4621.45,4634.09
2026-04-06 16:00:00+00:00,4634.09,4637.45,4625.96,4626.82
2026-04-06 17:00:00+00:00,4626.97,4627.57,4613.63,4620.89
2026-04-06 18:00:00+00:00,4621.01,4632.35,4617.8,4626.18
2026-04-06 19:00:00+00:00,4626.18,4626.39,4615.15,4623.99
2026-04-06 20:00:00+00:00,4624.0,4627.06,4620.0,4620.0
2026-04-06 21:00:00+00:00,4620.01,4625.79,4618.57,4622.91
2026-04-06 22:00:00+00:00,4622.91,4635.14,4620.49,4624.82
2026-04-06 23:00:00+00:00,4624.82,4627.3,4620.08,4626.7
2026-04-07 00:00:00+00:00,4626.15,4630.01,4618.42,4624.01
2026-04-07 01:00:00+00:00,4623.83,4632.79,4588.16,4597.37
2026-04-07 02:00:00+00:00,4597.38,4622.23,4590.97,4619.53
2026-04-07 03:00:00+00:00,4619.53,4622.78,4611.08,4620.08
2026-04-07 04:00:00+00:00,4620.09,4633.68,4616.19,4630.29
2026-04-07 05:00:00+00:00,4630.3,4631.13,4597.58,4613.76
2026-04-07 06:00:00+00:00,4613.77,4625.2,4609.38,4624.16
2026-04-07 07:00:00+00:00,4624.19,4626.78,4610.55,4617.28
2026-04-07 08:00:00+00:00,4617.68,4659.87,4617.06,4652.63
2026-04-07 09:00:00+00:00,4652.63,4662.63,4632.0,4643.28
2026-04-07 10:00:00+00:00,4643.73,4650.44,4622.7,4624.63
2026-04-07 11:00:00+00:00,4625.03,4634.28,4605.27,4631.07
2026-04-07 12:00:00+00:00,4631.07,4640.6,4620.55,4624.81
2026-04-07 13:00:00+00:00,4624.82,4634.98,4611.6,4617.68
2026-04-07 14:00:00+00:00,4617.68,4631.55,4585.58,4606.76
2026-04-07 15:00:00+00:00,4606.77,4631.71,4601.1,4629.64
2026-04-07 16:00:00+00:00,4629.87,4641.16,4627.19,4632.61
2026-04-07 17:00:00+00:00,4632.6,4659.27,4631.26,4649.18
2026-04-07 18:00:00+00:00,4649.18,4658.59,4633.35,4636.59
2026-04-07 19:00:00+00:00,4637.01,4687.61,4635.78,4672.92
2026-04-07 20:00:00+00:00,4672.93,4685.52,4669.57,4676.83
2026-04-07 21:00:00+00:00,4676.28,4685.0,4674.19,4682.0
2026-04-07 22:00:00+00:00,4681.98,4778.4,4681.98,4776.48
2026-04-07 23:00:00+00:00,4775.25,4790.12,4761.69,4787.09
2026-04-08 00:00:00+00:00,4787.05,4810.46,4763.99,4772.75
2026-04-08 01:00:00+00:00,4772.93,4778.52,4747.25,4766.26
2026-04-08 02:00:00+00:00,4766.26,4778.89,4757.66,4762.48
2026-04-08 03:00:00+00:00,4762.47,4763.32,4752.76,4756.0
2026-04-08 04:00:00+00:00,4756.01,4762.0,4748.34,4759.23
2026-04-08 05:00:00+00:00,4759.23,4797.99,4756.51,4784.76
2026-04-08 06:00:00+00:00,4784.5,4796.53,4778.63,4779.83
2026-04-08 07:00:00+00:00,4779.84,4780.83,4768.32,4774.48
2026-04-08 08:00:00+00:00,4774.22,4780.26,4755.26,4760.07
2026-04-08 09:00:00+00:00,4760.07,4770.03,4743.78,4750.02
2026-04-08 10:00:00+00:00,4750.2,4761.5,4739.28,4750.56
2026-04-08 11:00:00+00:00,4750.52,4766.94,4746.78,4763.33
2026-04-08 12:00:00+00:00,4763.34,4772.17,4736.84,4766.8
2026-04-08 13:00:00+00:00,4766.8,4771.8,4735.97,4745.88
2026-04-08 14:00:00+00:00,4745.71,4757.39,4703.4,4708.07
2026-04-08 15:00:00+00:00,4708.25,4732.4,4706.33,4726.51
2026-04-08 16:00:00+00:00,4726.51,4734.0,4716.18,4729.83
2026-04-08 17:00:00+00:00,4729.82,4733.28,4703.89,4706.44
2026-04-08 18:00:00+00:00,4706.63,4715.27,4676.4,4678.39
2026-04-08 19:00:00+00:00,4678.39,4704.16,4671.86,4703.35
2026-04-08 20:00:00+00:00,4703.57,4704.16,4693.74,4697.28
2026-04-08 21:00:00+00:00,4697.28,4703.64,4697.28,4702.24
2026-04-08 22:00:00+00:00,4701.9,4706.65,4682.29,4694.62
2026-04-08 23:00:00+00:00,4694.63,4695.84,4684.06,4692.96
2026-04-09 00:00:00+00:00,4692.72,4694.68,4674.87,4683.82
2026-04-09 01:00:00+00:00,4683.91,4703.75,4677.98,4703.74
2026-04-09 02:00:00+00:00,4703.74,4708.72,4696.09,4696.94
2026-04-09 03:00:00+00:00,4696.9,4698.15,4684.41,4689.6
2026-04-09 04:00:00+00:00,4689.6,4701.26,4688.65,4697.53
2026-04-09 05:00:00+00:00,4697.52,4702.88,4686.62,4692.96
2026-04-09 06:00:00+00:00,4692.24,4702.8,4684.39,4691.51
2026-04-09 07:00:00+00:00,4691.51,4706.81,4686.18,4701.4
2026-04-09 08:00:00+00:00,4701.42,4710.72,4698.53,4704.2
2026-04-09 09:00:00+00:00,4704.19,4712.39,4702.15,4708.89
2026-04-09 10:00:00+00:00,4708.79,4723.51,4702.58,4718.7
2026-04-09 11:00:00+00:00,4718.65,4733.15,4716.52,4733.14
2026-04-09 12:00:00+00:00,4733.15,4735.68,4713.4,4721.76
2026-04-09 13:00:00+00:00,4721.76,4751.08,4715.82,4739.18
2026-04-09 14:00:00+00:00,4739.18,4750.74,4725.91,4743.82
2026-04-09 15:00:00+00:00,4743.88,4771.7,4736.85,4768.0
2026-04-09 16:00:00+00:00,4768.0,4776.12,4759.2,4762.64
2026-04-09 17:00:00+00:00,4762.65,4773.74,4761.55,4771.45
2026-04-09 18:00:00+00:00,4771.44,4771.45,4744.26,4748.05
2026-04-09 19:00:00+00:00,4748.04,4757.29,4744.37,4745.34
2026-04-09 20:00:00+00:00,4745.34,4749.25,4740.0,4742.84
2026-04-09 21:00:00+00:00,4742.84,4742.92,4737.01,4741.34
2026-04-09 22:00:00+00:00,4741.35,4755.0,4734.26,4737.0
2026-04-09 23:00:00+00:00,4736.99,4738.02,4732.75,4737.89
2026-04-10 00:00:00+00:00,4737.5,4737.51,4727.27,4736.75
2026-04-10 01:00:00+00:00,4736.74,4750.0,4734.5,4738.59
2026-04-10 02:00:00+00:00,4738.58,4739.25,4715.4,4726.45
2026-04-10 03:00:00+00:00,4726.46,4741.98,4726.45,4739.49
2026-04-10 04:00:00+00:00,4739.5,4743.23,4733.01,4733.01
2026-04-10 05:00:00+00:00,4733.02,4741.93,4732.75,4740.23
2026-04-10 06:00:00+00:00,4740.23,4740.23,4719.0,4721.09
2026-04-10 07:00:00+00:00,4721.1,4730.93,4717.0,4724.32
2026-04-10 08:00:00+00:00,4724.33,4727.71,4708.0,4716.11
2026-04-10 09:00:00+00:00,4716.11,4732.89,4716.11,4725.47
2026-04-10 10:00:00+00:00,4725.47,4733.0,4717.19,4730.86
2026-04-10 11:00:00+00:00,4730.85,4741.74,4728.25,4741.73
2026-04-10 12:00:00+00:00,4741.74,4753.08,4734.79,4744.74
2026-04-10 13:00:00+00:00,4744.74,4752.18,4740.0,4747.97
2026-04-10 14:00:00+00:00,4747.98,4767.14,4741.93,4747.49
2026-04-10 15:00:00+00:00,4747.5,4758.0,4728.99,4733.29
2026-04-10 16:00:00+00:00,4733.29,4737.33,4722.01,4736.21
2026-04-10 17:00:00+00:00,4736.2,4740.39,4731.12,4734.17
2026-04-10 18:00:00+00:00,4734.17,4744.47,4725.91,4738.68
2026-04-10 19:00:00+00:00,4738.67,4742.57,4731.2,4731.87
2026-04-10 20:00:00+00:00,4732.23,4732.23,4717.19,4724.28
2026-04-10 21:00:00+00:00,4724.28,4729.02,4723.42,4724.43
2026-04-10 22:00:00+00:00,4724.44,4726.28,4723.0,4723.21
2026-04-10 23:00:00+00:00,4723.2,4723.21,4721.32,4721.49
2026-04-11 00:00:00+00:00,4721.48,4721.48,4719.93,4721.35
2026-04-11 01:00:00+00:00,4721.36,4721.36,4719.2,4720.86
2026-04-11 02:00:00+00:00,4720.86,4723.15,4720.8,4721.66
2026-04-11 03:00:00+00:00,4721.66,4722.05,4719.94,4719.95
2026-04-11 04:00:00+00:00,4719.94,4721.19,4719.92,4720.34
2026-04-11 05:00:00+00:00,4720.35,4722.46,4720.0,4722.43
2026-04-11 06:00:00+00:00,4722.44,4722.76,4722.06,4722.07
2026-04-11 07:00:00+00:00,4722.07,4722.07,4721.0,4721.35
2026-04-11 08:00:00+00:00,4721.35,4723.4,4720.9,4723.14
2026-04-11 09:00:00+00:00,4723.15,4726.29,4722.61,4726.26
2026-04-11 10:00:00+00:00,4726.26,4726.29,4723.96,4724.29
2026-04-11 11:00:00+00:00,4724.28,4724.93,4722.0,4722.08
2026-04-11 12:00:00+00:00,4722.07,4722.44,4721.57,4722.43
2026-04-11 13:00:00+00:00,4722.44,4722.8,4721.46,4722.78
2026-04-11 14:00:00+00:00,4722.79,4729.6,4721.71,4721.8
2026-04-11 15:00:00+00:00,4721.79,4724.4,4721.79,4724.31
2026-04-11 16:00:00+00:00,4724.31,4730.83,4722.7,4724.57
2026-04-11 17:00:00+00:00,4724.57,4725.13,4720.15,4721.73
2026-04-11 18:00:00+00:00,4721.73,4728.63,4721.72,4728.62
2026-04-11 19:00:00+00:00,4728.63,4729.2,4726.85,4728.78
2026-04-11 20:00:00+00:00,4728.77,4728.78,4726.72,4726.73
2026-04-11 21:00:00+00:00,4726.82,4728.34,4726.49,4726.5
2026-04-11 22:00:00+00:00,4726.51,4727.52,4723.39,4723.57
2026-04-11 23:00:00+00:00,4723.57,4723.58,4722.63,4723.29
2026-04-12 00:00:00+00:00,4723.3,4724.1,4723.29,4724.02
2026-04-12 01:00:00+00:00,4724.01,4725.76,4708.2,4708.38
2026-04-12 02:00:00+00:00,4708.38,4711.96,4702.3,4709.68
2026-04-12 03:00:00+00:00,4709.69,4712.58,4709.68,4712.17
2026-04-12 04:00:00+00:00,4712.17,4712.91,4703.05,4705.45
2026-04-12 05:00:00+00:00,4705.45,4705.81,4703.89,4705.33
2026-04-12 06:00:00+00:00,4705.32,4705.33,4698.9,4700.44
2026-04-12 07:00:00+00:00,4700.43,4710.0,4699.76,4704.67
2026-04-12 08:00:00+00:00,4704.66,4709.14,4702.91,4707.54
2026-04-12 09:00:00+00:00,4707.54,4707.54,4702.16,4703.07
2026-04-12 10:00:00+00:00,4703.06,4703.06,4699.96,4700.04
2026-04-12 11:00:00+00:00,4700.04,4701.78,4699.31,4700.43
2026-04-12 12:00:00+00:00,4700.44,4700.44,4691.86,4692.02
2026-04-12 13:00:00+00:00,4692.02,4692.02,4680.0,4680.76
2026-04-12 14:00:00+00:00,4680.77,4687.2,4680.0,4681.15
2026-04-12 15:00:00+00:00,4681.15,4684.86,4681.14,4684.07
2026-04-12 16:00:00+00:00,4684.06,4684.06,4677.75,4682.77
2026-04-12 17:00:00+00:00,4682.78,4686.97,4682.77,4686.96
2026-04-12 18:00:00+00:00,4686.96,4689.46,4683.84,4684.38
2026-04-12 19:00:00+00:00,4684.39,4686.57,4683.63,4684.9
2026-04-12 20:00:00+00:00,4684.89,4684.89,4680.28,4683.37
2026-04-12 21:00:00+00:00,4683.36,4684.75,4680.04,4680.04
2026-04-12 22:00:00+00:00,4680.04,4680.04,4622.22,4635.6
2026-04-12 23:00:00+00:00,4635.6,4649.75,4622.64,4649.75
2026-04-13 00:00:00+00:00,4649.75,4672.15,4642.61,4670.0
2026-04-13 01:00:00+00:00,4670.01,4699.87,4669.74,4695.27
2026-04-13 02:00:00+00:00,4695.28,4699.99,4685.06,4694.84
2026-04-13 03:00:00+00:00,4694.84,4696.59,4686.41,4692.81
2026-04-13 04:00:00+00:00,4692.81,4697.09,4683.75,4696.61
2026-04-13 05:00:00+00:00,4696.61,4703.11,4691.31,4702.6
2026-04-13 06:00:00+00:00,4702.61,4706.66,4697.73,4699.78
2026-04-13 07:00:00+00:00,4699.79,4714.2,4699.79,4710.77
2026-04-13 08:00:00+00:00,4710.76,4713.99,4698.17,4700.49
2026-04-13 09:00:00+00:00,4700.49,4704.31,4687.51,4691.03
2026-04-13 10:00:00+00:00,4691.02,4699.22,4684.59,4697.85
2026-04-13 11:00:00+00:00,4697.88,4703.72,4680.0,4680.86
2026-04-13 12:00:00+00:00,4680.87,4696.69,4679.24,4695.7
2026-04-13 13:00:00+00:00,4695.69,4714.99,4693.5,4703.52
2026-04-13 14:00:00+00:00,4703.52,4703.53,4682.35,4690.27
2026-04-13 15:00:00+00:00,4690.27,4690.79,4672.93,4686.9
2026-04-13 16:00:00+00:00,4687.02,4717.96,4683.96,4706.57
2026-04-13 17:00:00+00:00,4706.58,4721.39,4700.45,4704.3
2026-04-13 18:00:00+00:00,4704.3,4713.3,4697.64,4711.59
2026-04-13 19:00:00+00:00,4711.58,4718.94,4705.39,4714.79
2026-04-13 20:00:00+00:00,4714.8,4716.9,4711.75,4713.37
2026-04-13 21:00:00+00:00,4713.36,4717.5,4712.01,4715.02
2026-04-13 22:00:00+00:00,4715.03,4732.0,4715.02,4731.51
2026-04-13 23:00:00+00:00,4731.51,4738.88,4728.58,4731.57
2026-04-14 00:00:00+00:00,4731.57,4747.28,4727.09,4742.62
2026-04-14 01:00:00+00:00,4742.61,4750.2,4736.36,4738.4
2026-04-14 02:00:00+00:00,4738.39,4750.3,4737.0,4748.88
2026-04-14 03:00:00+00:00,4748.87,4749.15,4741.05,4742.55
2026-04-14 04:00:00+00:00,4742.55,4750.92,4742.22,4748.98
2026-04-14 05:00:00+00:00,4748.98,4748.98,4733.26,4735.27
2026-04-14 06:00:00+00:00,4735.27,4758.06,4735.26,4757.88
2026-04-14 07:00:00+00:00,4757.88,4770.95,4745.81,4753.83
2026-04-14 08:00:00+00:00,4753.82,4764.76,4751.57,4761.99
2026-04-14 09:00:00+00:00,4762.0,4764.88,4750.31,4754.92
2026-04-14 10:00:00+00:00,4754.92,4762.0,4731.01,4745.48
2026-04-14 11:00:00+00:00,4745.48,4758.83,4743.86,4751.57
2026-04-14 12:00:00+00:00,4751.57,4754.26,4740.48,4748.67
2026-04-14 13:00:00+00:00,4748.66,4781.59,4748.66,4771.44
2026-04-14 14:00:00+00:00,4771.44,4791.4,4769.1,4776.41
2026-04-14 15:00:00+00:00,4776.4,4790.21,4765.86,4784.01
2026-04-14 16:00:00+00:00,4784.0,4793.42,4784.0,4784.0
2026-04-14 17:00:00+00:00,4784.0,4815.18,4784.0,4808.34
2026-04-14 18:00:00+00:00,4808.34,4814.99,4804.42,4812.35
2026-04-14 19:00:00+00:00,4812.35,4822.28,4812.35,4821.97
2026-04-14 20:00:00+00:00,4821.96,4822.38,4813.91,4814.45
2026-04-14 21:00:00+00:00,4814.45,4815.84,4803.39,4811.46
2026-04-14 22:00:00+00:00,4811.45,4824.18,4809.03,4810.26
2026-04-14 23:00:00+00:00,4810.26,4818.47,4809.33,4811.78
2026-04-15 00:00:00+00:00,4811.78,4814.84,4802.28,4810.06
2026-04-15 01:00:00+00:00,4810.06,4844.84,4803.59,4821.18
2026-04-15 02:00:00+00:00,4821.18,4828.0,4796.69,4799.24
2026-04-15 03:00:00+00:00,4799.25,4805.4,4794.44,4800.76
2026-04-15 04:00:00+00:00,4800.76,4804.38,4797.46,4802.58
2026-04-15 05:00:00+00:00,4802.58,4806.98,4789.33,4795.74
2026-04-15 06:00:00+00:00,4795.73,4799.96,4787.83,4788.01
2026-04-15 07:00:00+00:00,4788.01,4791.5,4781.33,4788.55
2026-04-15 08:00:00+00:00,4788.54,4798.44,4782.96,4795.68
2026-04-15 09:00:00+00:00,4795.68,4795.68,4765.91,4775.76
2026-04-15 10:00:00+00:00,4775.77,4783.46,4769.0,4779.54
2026-04-15 11:00:00+00:00,4779.55,4791.0,4775.63,4790.81
2026-04-15 12:00:00+00:00,4790.8,4793.18,4785.84,4789.6
2026-04-15 13:00:00+00:00,4789.59,4810.34,4786.74,4809.41
2026-04-15 14:00:00+00:00,4809.41,4809.41,4791.48,4793.31
2026-04-15 15:00:00+00:00,4793.32,4793.77,4766.7,4780.08
2026-04-15 16:00:00+00:00,4780.08,4789.8,4779.02,4783.01
2026-04-15 17:00:00+00:00,4783.02,4786.96,4770.53,4772.34
2026-04-15 18:00:00+00:00,4772.34,4781.34,4770.25,4779.08
2026-04-15 19:00:00+00:00,4779.09,4782.81,4774.39,4774.56
2026-04-15 20:00:00+00:00,4774.57,4775.19,4766.59,4769.29
2026-04-15 21:00:00+00:00,4769.29,4777.28,4769.0,4774.36
2026-04-15 22:00:00+00:00,4774.36,4788.88,4770.9,4786.77
2026-04-15 23:00:00+00:00,4786.76,4805.27,4786.76,4802.05
2026-04-16 00:00:00+00:00,4802.05,4815.09,4800.42,4812.66
2026-04-16 01:00:00+00:00,4812.65,4814.5,4789.88,4795.41
2026-04-16 02:00:00+00:00,4795.4,4804.73,4792.5,4798.26
2026-04-16 03:00:00+00:00,4798.26,4804.56,4797.87,4802.76
2026-04-16 04:00:00+00:00,4802.76,4810.64,4801.32,4810.64
2026-04-16 05:00:00+00:00,4810.64,4815.59,4801.74,4801.74
2026-04-16 06:00:00+00:00,4801.74,4808.33,4794.54,4806.2
2026-04-16 07:00:00+00:00,4806.2,4808.6,4797.6,4799.62
2026-04-16 08:00:00+00:00,4799.63,4799.63,4788.06,4793.44
2026-04-16 09:00:00+00:00,4793.44,4797.35,4787.84,4793.21
2026-04-16 10:00:00+00:00,4793.21,4798.0,4787.32,4797.99
2026-04-16 11:00:00+00:00,4797.99,4801.86,4796.53,4801.66
2026-04-16 12:00:00+00:00,4801.66,4803.54,4792.93,4796.83
2026-04-16 13:00:00+00:00,4796.83,4804.62,4770.0,4777.73
2026-04-16 14:00:00+00:00,4777.73,4787.82,4759.28,4772.71
2026-04-16 15:00:00+00:00,4772.7,4793.32,4771.92,4789.08
2026-04-16 16:00:00+00:00,4789.08,4789.83,4767.84,4774.98
2026-04-16 17:00:00+00:00,4774.98,4776.12,4764.1,4770.69
2026-04-16 18:00:00+00:00,4770.68,4776.1,4768.71,4771.45
2026-04-16 19:00:00+00:00,4771.46,4779.8,4771.45,4776.51
2026-04-16 20:00:00+00:00,4776.51,4776.51,4769.13,4771.97
2026-04-16 21:00:00+00:00,4771.97,4771.98,4763.44,4769.67
2026-04-16 22:00:00+00:00,4769.68,4777.35,4769.68,4777.28
2026-04-16 23:00:00+00:00,4777.28,4777.28,4773.09,4773.09
2026-04-17 00:00:00+00:00,4773.1,4779.71,4767.66,4775.23
2026-04-17 01:00:00+00:00,4775.22,4775.23,4751.83,4769.82
2026-04-17 02:00:00+00:00,4769.82,4774.57,4765.84,4766.04
2026-04-17 03:00:00+00:00,4766.04,4777.38,4766.04,4774.33
2026-04-17 04:00:00+00:00,4774.33,4785.9,4774.22,4785.9
2026-04-17 05:00:00+00:00,4785.9,4788.0,4780.07,4780.21
2026-04-17 06:00:00+00:00,4780.22,4780.22,4765.0,4769.28
2026-04-17 07:00:00+00:00,4769.28,4775.57,4766.4,4770.17
2026-04-17 08:00:00+00:00,4770.17,4777.74,4766.05,4777.73
2026-04-17 09:00:00+00:00,4777.73,4780.93,4774.6,4775.4
2026-04-17 10:00:00+00:00,4775.4,4776.1,4766.0,4770.22
2026-04-17 11:00:00+00:00,4770.22,4790.32,4768.13,4779.98
2026-04-17 12:00:00+00:00,4779.99,4825.62,4779.37,4823.82
2026-04-17 13:00:00+00:00,4823.96,4865.08,4813.38,4855.85
2026-04-17 14:00:00+00:00,4855.86,4860.9,4837.69,4851.36
2026-04-17 15:00:00+00:00,4851.36,4857.42,4835.26,4846.2
2026-04-17 16:00:00+00:00,4846.21,4852.8,4843.53,4848.07
2026-04-17 17:00:00+00:00,4848.06,4848.87,4833.15,4842.0
2026-04-17 18:00:00+00:00,4842.08,4845.77,4833.96,4836.77
2026-04-17 19:00:00+00:00,4836.77,4837.53,4831.53,4831.53
2026-04-17 20:00:00+00:00,4831.5,4832.11,4810.14,4810.75
2026-04-17 21:00:00+00:00,4810.46,4815.35,4810.0,4812.16
2026-04-17 22:00:00+00:00,4812.16,4818.48,4810.0,4810.68
2026-04-17 23:00:00+00:00,4810.68,4816.78,4810.44,4814.84
2026-04-18 00:00:00+00:00,4814.84,4822.02,4814.28,4822.01
2026-04-18 01:00:00+00:00,4822.02,4826.43,4817.26,4818.23
2026-04-18 02:00:00+00:00,4818.23,4823.82,4815.72,4817.82
2026-04-18 03:00:00+00:00,4817.82,4817.82,4811.73,4813.03
2026-04-18 04:00:00+00:00,4813.02,4814.8,4812.34,4812.34
2026-04-18 05:00:00+00:00,4812.35,4812.35,4808.55,4808.81
2026-04-18 06:00:00+00:00,4808.82,4813.15,4808.81,4812.79
2026-04-18 07:00:00+00:00,4812.81,4812.81,4805.0,4805.01
2026-04-18 08:00:00+00:00,4805.0,4807.53,4798.58,4804.82
2026-04-18 09:00:00+00:00,4804.82,4804.82,4799.51,4800.5
2026-04-18 10:00:00+00:00,4800.26,4800.64,4796.79,4797.88
2026-04-18 11:00:00+00:00,4797.87,4797.87,4789.01,4789.02
2026-04-18 12:00:00+00:00,4789.01,4789.65,4783.01,4785.59
2026-04-18 13:00:00+00:00,4785.61,4788.75,4785.0,4788.75
2026-04-18 14:00:00+00:00,4788.82,4791.69,4787.28,4790.75
2026-04-18 15:00:00+00:00,4790.75,4795.75,4790.74,4791.02
2026-04-18 16:00:00+00:00,4791.03,4794.99,4787.64,4790.62
2026-04-18 17:00:00+00:00,4790.63,4794.93,4790.63,4793.5
2026-04-18 18:00:00+00:00,4793.5,4793.5,4781.24,4782.44
2026-04-18 19:00:00+00:00,4782.45,4788.6,4777.27,4782.94
2026-04-18 20:00:00+00:00,4782.99,4787.75,4782.68,4787.74
2026-04-18 21:00:00+00:00,4787.75,4788.74,4779.25,4779.25
2026-04-18 22:00:00+00:00,4779.26,4784.34,4779.26,4783.24
2026-04-18 23:00:00+00:00,4783.25,4785.68,4776.25,4776.26
2026-04-19 00:00:00+00:00,4776.01,4776.9,4769.16,4776.9
2026-04-19 01:00:00+00:00,4776.9,4781.0,4773.74,4777.25
2026-04-19 02:00:00+00:00,4777.0,4779.24,4776.5,4777.0
2026-04-19 03:00:00+00:00,4776.99,4778.49,4772.51,4775.02
2026-04-19 04:00:00+00:00,4775.75,4785.5,4775.75,4778.59
2026-04-19 05:00:00+00:00,4778.59,4780.09,4777.61,4778.5
2026-04-19 06:00:00+00:00,4778.5,4778.5,4771.5,4775.4
2026-04-19 07:00:00+00:00,4775.4,4779.44,4770.66,4779.44
2026-04-19 08:00:00+00:00,4779.43,4780.99,4777.3,4780.16
2026-04-19 09:00:00+00:00,4780.16,4780.79,4772.5,4773.2
2026-04-19 10:00:00+00:00,4773.2,4777.94,4773.19,4777.18
2026-04-19 11:00:00+00:00,4777.19,4779.73,4774.55,4778.33
2026-04-19 12:00:00+00:00,4778.33,4783.21,4775.51,4782.4
2026-04-19 13:00:00+00:00,4782.34,4790.8,4782.34,4787.16
2026-04-19 14:00:00+00:00,4787.01,4790.35,4783.6,4788.22
2026-04-19 15:00:00+00:00,4788.22,4795.0,4786.75,4790.02
2026-04-19 16:00:00+00:00,4790.02,4795.09,4788.84,4790.0
2026-04-19 17:00:00+00:00,4790.0,4790.0,4778.32,4779.95
2026-04-19 18:00:00+00:00,4779.95,4780.01,4774.43,4775.52
2026-04-19 19:00:00+00:00,4775.52,4780.72,4775.51,4778.91
2026-04-19 20:00:00+00:00,4779.0,4779.0,4768.0,4768.01
2026-04-19 21:00:00+00:00,4768.0,4768.01,4762.75,4762.75
2026-04-19 22:00:00+00:00,4762.76,4772.26,4745.01,4758.35
2026-04-19 23:00:00+00:00,4758.01,4759.0,4721.32,4735.75
2026-04-20 00:00:00+00:00,4735.51,4756.54,4725.88,4755.08
2026-04-20 01:00:00+00:00,4755.07,4791.0,4754.2,4785.55
2026-04-20 02:00:00+00:00,4785.55,4786.01,4771.83,4774.75
2026-04-20 03:00:00+00:00,4774.99,4775.74,4768.51,4771.02
2026-04-20 04:00:00+00:00,4771.01,4773.57,4767.21,4768.04
2026-04-20 05:00:00+00:00,4768.05,4772.92,4759.0,4769.17
2026-04-20 06:00:00+00:00,4769.09,4773.34,4764.5,4773.34
2026-04-20 07:00:00+00:00,4773.62,4783.32,4766.58,4767.66
2026-04-20 08:00:00+00:00,4767.83,4773.96,4765.86,4773.96
2026-04-20 09:00:00+00:00,4773.96,4775.77,4765.47,4772.03
2026-04-20 10:00:00+00:00,4772.03,4779.71,4770.86,4774.88
2026-04-20 11:00:00+00:00,4774.88,4789.69,4767.55,4789.44
2026-04-20 12:00:00+00:00,4789.19,4799.33,4778.91,4782.58
2026-04-20 13:00:00+00:00,4782.59,4804.07,4779.55,4796.9
2026-04-20 14:00:00+00:00,4796.9,4804.05,4772.89,4782.99
2026-04-20 15:00:00+00:00,4782.99,4789.02,4773.31,4781.27
2026-04-20 16:00:00+00:00,4781.26,4787.84,4776.41,4787.45
2026-04-20 17:00:00+00:00,4787.46,4790.79,4785.25,4786.31
2026-04-20 18:00:00+00:00,4786.31,4795.83,4786.31,4794.48
2026-04-20 19:00:00+00:00,4794.41,4799.17,4790.99,4793.22
2026-04-20 20:00:00+00:00,4793.22,4799.7,4793.14,4799.09
2026-04-20 21:00:00+00:00,4799.27,4801.5,4796.28,4801.49
2026-04-20 22:00:00+00:00,4801.5,4810.42,4801.5,4806.81
2026-04-20 23:00:00+00:00,4806.83,4809.9,4800.56,4800.65
2026-04-21 00:00:00+00:00,4800.79,4809.37,4796.93,4803.77
2026-04-21 01:00:00+00:00,4803.76,4803.76,4787.67,4790.47
2026-04-21 02:00:00+00:00,4790.65,4790.65,4782.02,4784.96
2026-04-21 03:00:00+00:00,4784.96,4784.96,4770.6,4774.88
2026-04-21 04:00:00+00:00,4774.88,4775.65,4767.64,4769.82
2026-04-21 05:00:00+00:00,4769.76,4775.83,4766.8,4767.68
2026-04-21 06:00:00+00:00,4767.67,4771.05,4759.31,4762.63
2026-04-21 07:00:00+00:00,4762.62,4775.15,4758.0,4769.67
2026-04-21 08:00:00+00:00,4769.68,4775.24,4760.25,4771.4
2026-04-21 09:00:00+00:00,4771.4,4772.24,4766.37,4768.62
2026-04-21 10:00:00+00:00,4768.62,4774.98,4766.43,4774.12
2026-04-21 11:00:00+00:00,4774.13,4780.44,4762.33,4779.49
2026-04-21 12:00:00+00:00,4779.6,4780.52,4755.67,4765.09
2026-04-21 13:00:00+00:00,4765.09,4776.86,4750.0,4763.33
2026-04-21 14:00:00+00:00,4763.34,4767.13,4714.24,4727.94
2026-04-21 15:00:00+00:00,4727.94,4744.32,4718.16,4729.8
2026-04-21 16:00:00+00:00,4729.53,4734.45,4700.0,4701.31
2026-04-21 17:00:00+00:00,4701.32,4710.29,4688.67,4698.33
2026-04-21 18:00:00+00:00,4698.33,4700.75,4681.46,4696.02
2026-04-21 19:00:00+00:00,4696.02,4701.04,4657.56,4667.84
2026-04-21 20:00:00+00:00,4668.29,4708.76,4660.74,4708.76
2026-04-21 21:00:00+00:00,4708.78,4714.75,4708.68,4714.74
2026-04-21 22:00:00+00:00,4714.29,4716.41,4705.01,4707.51
2026-04-21 23:00:00+00:00,4708.21,4727.75,4707.6,4727.24
2026-04-22 00:00:00+00:00,4726.77,4733.73,4725.5,4726.53
2026-04-22 01:00:00+00:00,4726.06,4739.5,4722.77,4738.65
2026-04-22 02:00:00+00:00,4738.65,4745.73,4737.32,4743.85
2026-04-22 03:00:00+00:00,4743.85,4751.0,4741.99,4745.36
2026-04-22 04:00:00+00:00,4745.35,4746.19,4739.66,4741.25
2026-04-22 05:00:00+00:00,4741.24,4758.96,4739.68,4755.48
2026-04-22 06:00:00+00:00,4755.48,4755.49,4749.0,4753.9
2026-04-22 07:00:00+00:00,4753.91,4757.31,4747.4,4748.06
2026-04-22 08:00:00+00:00,4748.06,4748.07,4738.34,4743.59
2026-04-22 09:00:00+00:00,4743.6,4747.32,4740.63,4742.47
2026-04-22 10:00:00+00:00,4742.48,4745.33,4734.66,4745.33
2026-04-22 11:00:00+00:00,4745.32,4745.99,4736.0,4737.65
2026-04-22 12:00:00+00:00,4738.07,4744.19,4730.0,4730.2
2026-04-22 13:00:00+00:00,4730.2,4744.6,4723.03,4738.15
2026-04-22 14:00:00+00:00,4738.15,4741.72,4716.0,4720.3
2026-04-22 15:00:00+00:00,4720.29,4723.7,4709.19,4712.21
2026-04-22 16:00:00+00:00,4712.21,4716.79,4708.45,4712.28
2026-04-22 17:00:00+00:00,4712.29,4723.0,4712.28,4721.57
2026-04-22 18:00:00+00:00,4721.56,4731.8,4714.29,4723.48
2026-04-22 19:00:00+00:00,4723.48,4725.6,4720.0,4722.8
2026-04-22 20:00:00+00:00,4722.61,4723.11,4719.2,4721.99
2026-04-22 21:00:00+00:00,4722.0,4726.58,4721.99,4726.17
2026-04-22 22:00:00+00:00,4726.17,4726.17,4711.22,4711.22
2026-04-22 23:00:00+00:00,4711.21,4711.96,4707.17,4710.44
2026-04-23 00:00:00+00:00,4710.43,4733.19,4680.41,4728.8
2026-04-23 01:00:00+00:00,4729.0,4730.4,4705.69,4705.7
2026-04-23 02:00:00+00:00,4705.71,4705.71,4683.21,4683.31
2026-04-23 03:00:00+00:00,4683.32,4691.59,4683.16,4687.38
2026-04-23 04:00:00+00:00,4687.38,4689.09,4683.47,4687.21
2026-04-23 05:00:00+00:00,4687.21,4697.14,4676.51,4696.79
2026-04-23 06:00:00+00:00,4696.8,4704.2,4693.61,4697.5
2026-04-23 07:00:00+00:00,4697.49,4703.85,4689.2,4703.69
2026-04-23 08:00:00+00:00,4703.42,4706.99,4686.98,4689.09
2026-04-23 09:00:00+00:00,4689.08,4689.08,4681.03,4682.37
2026-04-23 10:00:00+00:00,4682.42,4685.58,4671.15,4683.38
2026-04-23 11:00:00+00:00,4683.38,4704.9,4682.98,4704.89
2026-04-23 12:00:00+00:00,4704.89,4725.72,4704.89,4723.02
2026-04-23 13:00:00+00:00,4723.03,4723.2,4707.66,4709.17
2026-04-23 14:00:00+00:00,4709.16,4719.73,4702.15,4718.32
2026-04-23 15:00:00+00:00,4718.31,4723.61,4702.71,4705.73
2026-04-23 16:00:00+00:00,4705.73,4720.6,4703.05,4715.09
2026-04-23 17:00:00+00:00,4715.09,4716.51,4656.0,4696.64
2026-04-23 18:00:00+00:00,4696.74,4707.98,4687.29,4687.29
2026-04-23 19:00:00+00:00,4687.73,4690.07,4678.93,4683.97
2026-04-23 20:00:00+00:00,4683.96,4685.39,4676.77,4681.43
2026-04-23 21:00:00+00:00,4681.28,4692.02,4681.28,4692.01
2026-04-23 22:00:00+00:00,4692.01,4692.01,4682.03,4683.49
2026-04-23 23:00:00+00:00,4683.5,4690.7,4679.03,4686.25
2026-04-24 00:00:00+00:00,4686.5,4696.67,4682.51,4694.23
2026-04-24 01:00:00+00:00,4694.41,4699.48,4682.03,4689.68
2026-04-24 02:00:00+00:00,4689.66,4689.67,4663.84,4667.16
2026-04-24 03:00:00+00:00,4667.16,4667.59,4659.24,4661.74
2026-04-24 04:00:00+00:00,4662.03,4665.82,4650.02,4665.19
2026-04-24 05:00:00+00:00,4665.18,4675.68,4660.77,4675.5
2026-04-24 06:00:00+00:00,4675.5,4676.23,4658.99,4663.62
2026-04-24 07:00:00+00:00,4663.61,4683.43,4662.59,4683.42
2026-04-24 08:00:00+00:00,4683.42,4684.68,4675.08,4680.51
2026-04-24 09:00:00+00:00,4680.54,4683.77,4670.01,4671.51
2026-04-24 10:00:00+00:00,4671.52,4674.62,4666.5,4668.31
2026-04-24 11:00:00+00:00,4668.31,4703.57,4668.31,4693.48
2026-04-24 12:00:00+00:00,4693.41,4697.1,4679.11,4687.73
2026-04-24 13:00:00+00:00,4687.74,4702.87,4678.75,4697.08
2026-04-24 14:00:00+00:00,4697.3,4722.86,4693.18,4709.69
2026-04-24 15:00:00+00:00,4709.88,4717.62,4700.88,4710.71
2026-04-24 16:00:00+00:00,4710.72,4712.75,4704.66,4712.12
2026-04-24 17:00:00+00:00,4712.12,4714.0,4704.83,4709.49
2026-04-24 18:00:00+00:00,4709.49,4709.69,4703.73,4708.25
2026-04-24 19:00:00+00:00,4708.26,4711.0,4698.29,4700.88
2026-04-24 20:00:00+00:00,4700.7,4700.7,4684.86,4688.88
2026-04-24 21:00:00+00:00,4688.83,4689.06,4685.1,4687.81
2026-04-24 22:00:00+00:00,4687.81,4693.81,4687.63,4690.98
2026-04-24 23:00:00+00:00,4690.97,4692.03,4690.57,4690.58
2026-04-25 00:00:00+00:00,4690.58,4693.0,4690.57,4692.94
2026-04-25 01:00:00+00:00,4692.93,4693.14,4692.93,4693.14
2026-04-25 02:00:00+00:00,4693.13,4693.81,4693.13,4693.81
2026-04-25 03:00:00+00:00,4693.81,4694.9,4693.8,4694.26
2026-04-25 04:00:00+00:00,4694.27,4701.0,4694.26,4696.58
2026-04-25 05:00:00+00:00,4696.58,4696.58,4695.25,4695.25
2026-04-25 06:00:00+00:00,4695.26,4695.26,4694.99,4694.99
2026-04-25 07:00:00+00:00,4695.0,4695.0,4693.63,4693.63
2026-04-25 08:00:00+00:00,4693.64,4698.23,4693.63,4697.04
2026-04-25 09:00:00+00:00,4697.05,4700.99,4697.04,4699.75
2026-04-25 10:00:00+00:00,4699.76,4699.76,4698.89,4698.89
2026-04-25 11:00:00+00:00,4698.89,4699.35,4697.1,4698.42
2026-04-25 12:00:00+00:00,4698.31,4698.31,4694.84,4694.89
2026-04-25 13:00:00+00:00,4694.89,4696.59,4692.86,4696.48
2026-04-25 14:00:00+00:00,4696.49,4696.49,4696.48,4696.49
2026-04-25 15:00:00+00:00,4696.49,4696.5,4693.79,4693.79
2026-04-25 16:00:00+00:00,4693.79,4693.8,4690.65,4693.27
2026-04-25 17:00:00+00:00,4693.28,4693.28,4691.33,4691.34
2026-04-25 18:00:00+00:00,4691.33,4691.99,4691.33,4691.98
2026-04-25 19:00:00+00:00,4691.99,4691.99,4691.69,4691.98
2026-04-25 20:00:00+00:00,4691.97,4693.09,4691.39,4693.08
2026-04-25 21:00:00+00:00,4693.09,4693.88,4691.8,4691.8
2026-04-25 22:00:00+00:00,4691.81,4695.4,4691.8,4693.71
2026-04-25 23:00:00+00:00,4693.72,4693.72,4688.1,4688.1
2026-04-26 00:00:00+00:00,4688.11,4688.97,4685.74,4688.96
2026-04-26 01:00:00+00:00,4688.97,4690.08,4688.79,4690.07
2026-04-26 02:00:00+00:00,4690.07,4691.54,4690.07,4690.81
2026-04-26 03:00:00+00:00,4690.81,4692.24,4690.81,4691.73
2026-04-26 04:00:00+00:00,4691.74,4693.49,4691.73,4692.74
2026-04-26 05:00:00+00:00,4692.75,4692.75,4691.07,4691.07
2026-04-26 06:00:00+00:00,4691.08,4692.45,4689.78,4691.5
2026-04-26 07:00:00+00:00,4691.51,4691.51,4691.0,4691.11
2026-04-26 08:00:00+00:00,4691.11,4693.01,4691.11,4693.0
2026-04-26 09:00:00+00:00,4693.01,4693.43,4692.48,4692.49
2026-04-26 10:00:00+00:00,4692.49,4693.44,4692.49,4693.44
2026-04-26 11:00:00+00:00,4693.43,4695.45,4691.11,4695.45
2026-04-26 12:00:00+00:00,4695.46,4699.2,4695.46,4699.0
2026-04-26 13:00:00+00:00,4699.0,4702.19,4699.0,4702.19
2026-04-26 14:00:00+00:00,4702.18,4705.75,4702.18,4702.91
2026-04-26 15:00:00+00:00,4702.87,4703.42,4699.4,4700.05
2026-04-26 16:00:00+00:00,4700.05,4705.4,4700.0,4701.76
2026-04-26 17:00:00+00:00,4701.75,4708.42,4701.75,4707.24
2026-04-26 18:00:00+00:00,4707.25,4709.48,4705.29,4705.57
2026-04-26 19:00:00+00:00,4705.58,4708.21,4703.77,4705.24
2026-04-26 20:00:00+00:00,4705.25,4706.58,4697.92,4699.49
2026-04-26 21:00:00+00:00,4699.49,4700.6,4693.48,4697.67
2026-04-26 22:00:00+00:00,4697.67,4697.67,4673.26,4678.57
2026-04-26 23:00:00+00:00,4678.56,4679.49,4670.0,4675.48
2026-04-27 00:00:00+00:00,4674.75,4687.89,4668.01,4687.89
2026-04-27 01:00:00+00:00,4687.89,4698.0,4681.1,4690.64
2026-04-27 02:00:00+00:00,4690.65,4707.0,4684.24,4703.82
2026-04-27 03:00:00+00:00,4703.82,4713.48,4700.75,4707.58
2026-04-27 04:00:00+00:00,4707.59,4711.15,4704.5,4707.22
2026-04-27 05:00:00+00:00,4707.13,4707.13,4692.34,4692.96
2026-04-27 06:00:00+00:00,4692.96,4698.43,4692.75,4697.14
2026-04-27 07:00:00+00:00,4697.0,4701.14,4692.87,4695.46
2026-04-27 08:00:00+00:00,4695.46,4696.72,4689.12,4690.68
2026-04-27 09:00:00+00:00,4690.68,4691.84,4685.74,4689.21
2026-04-27 10:00:00+00:00,4689.2,4694.77,4686.47,4693.72
2026-04-27 11:00:00+00:00,4693.72,4693.72,4686.59,4689.55
2026-04-27 12:00:00+00:00,4689.41,4696.64,4684.01,4684.7
2026-04-27 13:00:00+00:00,4684.79,4688.0,4675.98,4682.91
2026-04-27 14:00:00+00:00,4682.91,4684.46,4667.1,4667.14
2026-04-27 15:00:00+00:00,4667.13,4670.27,4657.9,4659.78
2026-04-27 16:00:00+00:00,4659.77,4667.1,4657.87,4665.36
2026-04-27 17:00:00+00:00,4665.37,4673.79,4659.61,4672.17
2026-04-27 18:00:00+00:00,4672.17,4674.62,4669.24,4671.71
2026-04-27 19:00:00+00:00,4671.7,4675.93,4669.5,4674.01
2026-04-27 20:00:00+00:00,4674.02,4677.39,4671.26,4677.17
2026-04-27 21:00:00+00:00,4677.18,4680.96,4677.18,4680.64
2026-04-27 22:00:00+00:00,4680.64,4685.74,4677.66,4682.62
2026-04-27 23:00:00+00:00,4682.73,4688.09,4682.73,4685.92
2026-04-28 00:00:00+00:00,4685.93,4691.88,4682.61,4682.61
2026-04-28 01:00:00+00:00,4682.61,4682.61,4662.53,4664.32
2026-04-28 02:00:00+00:00,4664.32,4673.46,4662.0,4663.9
2026-04-28 03:00:00+00:00,4663.9,4668.78,4663.9,4664.76
2026-04-28 04:00:00+00:00,4664.77,4664.77,4661.46,4662.77
2026-04-28 05:00:00+00:00,4662.77,4662.77,4625.37,4632.76
2026-04-28 06:00:00+00:00,4632.76,4640.72,4620.0,4625.49
2026-04-28 07:00:00+00:00,4625.34,4633.53,4617.11,4627.8
2026-04-28 08:00:00+00:00,4627.99,4630.15,4611.23,4625.64
2026-04-28 09:00:00+00:00,4625.63,4625.63,4601.0,4602.79
2026-04-28 10:00:00+00:00,4602.8,4612.15,4600.0,4601.22
2026-04-28 11:00:00+00:00,4601.21,4605.19,4551.35,4559.85
2026-04-28 12:00:00+00:00,4560.0,4593.4,4550.51,4588.39
2026-04-28 13:00:00+00:00,4588.39,4589.8,4570.01,4578.92
2026-04-28 14:00:00+00:00,4578.6,4578.6,4557.01,4572.2
2026-04-28 15:00:00+00:00,4572.4,4581.8,4566.02,4581.4
2026-04-28 16:00:00+00:00,4581.59,4590.12,4575.9,4588.04
2026-04-28 17:00:00+00:00,4588.03,4595.6,4582.15,4590.58
2026-04-28 18:00:00+00:00,4590.59,4595.7,4588.82,4590.66
2026-04-28 19:00:00+00:00,4590.67,4596.39,4590.59,4592.19
2026-04-28 20:00:00+00:00,4592.39,4594.18,4587.81,4592.39
2026-04-28 21:00:00+00:00,4592.19,4595.6,4590.01,4595.6
2026-04-28 22:00:00+00:00,4595.59,4595.99,4589.13,4589.78
2026-04-28 23:00:00+00:00,4589.99,4590.57,4584.97,4590.57
2026-04-29 00:00:00+00:00,4590.56,4604.4,4590.35,4594.05
2026-04-29 01:00:00+00:00,4594.34,4594.34,4572.03,4580.8
2026-04-29 02:00:00+00:00,4580.8,4597.2,4580.8,4588.5
2026-04-29 03:00:00+00:00,4588.5,4597.8,4588.31,4590.85
2026-04-29 04:00:00+00:00,4590.86,4598.6,4590.86,4598.51
2026-04-29 05:00:00+00:00,4598.52,4599.85,4588.0,4588.0
2026-04-29 06:00:00+00:00,4587.8,4592.98,4578.6,4580.93
2026-04-29 07:00:00+00:00,4580.94,4584.34,4567.41,4567.69
2026-04-29 08:00:00+00:00,4567.69,4574.12,4559.01,4572.61
2026-04-29 09:00:00+00:00,4572.6,4577.55,4553.11,4556.36
2026-04-29 10:00:00+00:00,4556.35,4574.18,4556.35,4569.76
2026-04-29 11:00:00+00:00,4569.76,4571.31,4560.49,4562.42
2026-04-29 12:00:00+00:00,4562.14,4568.33,4542.88,4545.82
2026-04-29 13:00:00+00:00,4545.82,4553.6,4516.77,4529.82
2026-04-29 14:00:00+00:00,4529.72,4545.61,4525.41,4542.14
2026-04-29 15:00:00+00:00,4541.47,4556.97,4537.84,4547.47
2026-04-29 16:00:00+00:00,4547.47,4562.7,4546.89,4546.9
2026-04-29 17:00:00+00:00,4546.99,4553.96,4542.91,4547.65
2026-04-29 18:00:00+00:00,4547.84,4553.72,4523.41,4541.87
2026-04-29 19:00:00+00:00,4541.88,4551.85,4536.85,4546.87
2026-04-29 20:00:00+00:00,4546.87,4552.96,4542.48,4545.68
2026-04-29 21:00:00+00:00,4545.68,4553.72,4545.68,4551.03
2026-04-29 22:00:00+00:00,4551.02,4551.02,4540.36,4550.48
2026-04-29 23:00:00+00:00,4550.47,4559.97,4550.05,4559.97
2026-04-30 00:00:00+00:00,4559.97,4572.0,4556.69,4567.22
2026-04-30 01:00:00+00:00,4567.51,4578.78,4564.33,4576.27
2026-04-30 02:00:00+00:00,4576.28,4577.92,4558.52,4563.3
2026-04-30 03:00:00+00:00,4563.3,4566.76,4555.97,4556.09
2026-04-30 04:00:00+00:00,4556.05,4556.06,4541.89,4541.89
2026-04-30 05:00:00+00:00,4541.74,4565.7,4541.74,4560.42
2026-04-30 06:00:00+00:00,4560.46,4587.0,4558.26,4586.0
2026-04-30 07:00:00+00:00,4585.98,4599.54,4581.61,4593.45
2026-04-30 08:00:00+00:00,4593.46,4622.32,4593.46,4610.79
2026-04-30 09:00:00+00:00,4610.79,4624.6,4607.97,4616.38
2026-04-30 10:00:00+00:00,4616.39,4635.61,4615.38,4628.43
2026-04-30 11:00:00+00:00,4628.43,4635.8,4618.6,4621.69
2026-04-30 12:00:00+00:00,4621.69,4631.05,4618.52,4631.04
2026-04-30 13:00:00+00:00,4631.05,4636.58,4603.84,4604.11
2026-04-30 14:00:00+00:00,4604.1,4616.55,4602.7,4610.76
2026-04-30 15:00:00+00:00,4610.57,4615.13,4602.9,4606.35
2026-04-30 16:00:00+00:00,4606.35,4608.48,4597.58,4600.01
2026-04-30 17:00:00+00:00,4600.02,4611.85,4600.02,4608.06
2026-04-30 18:00:00+00:00,4608.06,4615.99,4608.06,4615.0
2026-04-30 19:00:00+00:00,4615.01,4618.22,4606.77,4607.68
2026-04-30 20:00:00+00:00,4608.1,4611.9,4607.63,4611.87
2026-04-30 21:00:00+00:00,4611.87,4611.87,4608.37,4609.3
2026-04-30 22:00:00+00:00,4609.31,4624.19,4609.31,4618.44
2026-04-30 23:00:00+00:00,4618.45,4620.94,4615.17,4615.21
2026-05-01 00:00:00+00:00,4615.2,4618.2,4608.33,4608.88
2026-05-01 01:00:00+00:00,4608.87,4610.05,4604.11,4609.71
2026-05-01 02:00:00+00:00,4609.71,4622.6,4605.79,4607.33
2026-05-01 03:00:00+00:00,4607.33,4618.83,4606.66,4613.98
2026-05-01 04:00:00+00:00,4614.19,4615.73,4600.19,4600.22
2026-05-01 05:00:00+00:00,4600.22,4605.13,4594.26,4595.27
2026-05-01 06:00:00+00:00,4595.6,4597.87,4583.83,4586.59
2026-05-01 07:00:00+00:00,4586.59,4588.49,4571.23,4572.83
2026-05-01 08:00:00+00:00,4572.84,4576.14,4563.05,4565.0
2026-05-01 09:00:00+00:00,4565.0,4571.58,4560.77,4562.07
2026-05-01 10:00:00+00:00,4562.08,4575.76,4562.07,4567.6
2026-05-01 11:00:00+00:00,4567.61,4579.13,4564.0,4578.79
2026-05-01 12:00:00+00:00,4578.79,4604.16,4575.77,4585.67
2026-05-01 13:00:00+00:00,4585.67,4619.87,4581.16,4617.21
2026-05-01 14:00:00+00:00,4617.21,4647.86,4616.4,4620.92
2026-05-01 15:00:00+00:00,4620.65,4634.73,4609.22,4629.45
2026-05-01 16:00:00+00:00,4629.95,4635.32,4620.96,4625.7
2026-05-01 17:00:00+00:00,4625.71,4628.59,4614.65,4618.03
2026-05-01 18:00:00+00:00,4618.04,4618.04,4603.49,4612.46
2026-05-01 19:00:00+00:00,4612.61,4615.5,4600.19,4601.22
2026-05-01 20:00:00+00:00,4601.38,4605.3,4599.02,4602.58
2026-05-01 21:00:00+00:00,4602.57,4605.35,4600.4,4603.41
2026-05-01 22:00:00+00:00,4603.41,4603.59,4601.81,4601.93
2026-05-01 23:00:00+00:00,4601.94,4603.43,4601.93,4602.99
2026-05-02 00:00:00+00:00,4603.0,4603.32,4602.02,4602.04
2026-05-02 01:00:00+00:00,4602.04,4602.76,4602.03,4602.75
2026-05-02 02:00:00+00:00,4602.75,4603.6,4602.03,4603.59
2026-05-02 03:00:00+00:00,4603.59,4603.59,4603.14,4603.14
2026-05-02 04:00:00+00:00,4603.15,4603.15,4602.06,4602.06
2026-05-02 05:00:00+00:00,4602.06,4602.07,4600.61,4600.61
2026-05-02 06:00:00+00:00,4600.62,4600.72,4598.59,4599.31
2026-05-02 07:00:00+00:00,4599.32,4601.46,4599.31,4600.2
2026-05-02 08:00:00+00:00,4600.21,4600.4,4599.52,4600.39
2026-05-02 09:00:00+00:00,4600.39,4600.84,4600.08,4600.84
2026-05-02 10:00:00+00:00,4600.87,4601.93,4600.86,4601.92
2026-05-02 11:00:00+00:00,4601.92,4601.93,4601.77,4601.77
2026-05-02 12:00:00+00:00,4601.78,4601.78,4601.68,4601.69
2026-05-02 13:00:00+00:00,4601.69,4604.85,4601.68,4602.0
2026-05-02 14:00:00+00:00,4601.99,4602.6,4601.7,4602.59
2026-05-02 15:00:00+00:00,4602.59,4603.4,4602.59,4603.4
2026-05-02 16:00:00+00:00,4603.59,4603.91,4603.01,4603.27
2026-05-02 17:00:00+00:00,4603.27,4603.27,4597.29,4598.2
2026-05-02 18:00:00+00:00,4598.2,4599.82,4598.19,4599.21
2026-05-02 19:00:00+00:00,4599.2,4600.74,4599.2,4599.91
2026-05-02 20:00:00+00:00,4599.91,4599.91,4599.4,4599.4
2026-05-02 21:00:00+00:00,4599.41,4603.91,4599.0,4599.37
2026-05-02 22:00:00+00:00,4599.37,4599.37,4597.44,4599.3
2026-05-02 23:00:00+00:00,4599.3,4599.3,4597.46,4598.38
2026-05-03 00:00:00+00:00,4598.39,4599.59,4597.45,4597.46
2026-05-03 01:00:00+00:00,4597.46,4597.61,4597.45,4597.45
2026-05-03 02:00:00+00:00,4597.45,4598.28,4597.45,4598.28
2026-05-03 03:00:00+00:00,4598.28,4599.35,4598.27,4599.35
2026-05-03 04:00:00+00:00,4599.35,4600.87,4599.34,4600.85
2026-05-03 05:00:00+00:00,4600.86,4602.72,4599.75,4602.71
2026-05-03 06:00:00+00:00,4602.72,4603.95,4602.72,4603.4
2026-05-03 07:00:00+00:00,4603.41,4603.55,4603.07,4603.38
2026-05-03 08:00:00+00:00,4603.37,4607.3,4603.37,4605.17
2026-05-03 09:00:00+00:00,4605.17,4607.51,4605.17,4607.5
2026-05-03 10:00:00+00:00,4607.51,4608.24,4607.51,4608.24
2026-05-03 11:00:00+00:00,4608.24,4610.86,4608.23,4610.7
2026-05-03 12:00:00+00:00,4610.71,4615.28,4610.71,4614.57
2026-05-03 13:00:00+00:00,4614.58,4614.84,4612.37,4613.51
2026-05-03 14:00:00+00:00,4613.51,4616.75,4609.42,4614.66
2026-05-03 15:00:00+00:00,4614.67,4616.51,4612.75,4614.17
2026-05-03 16:00:00+00:00,4614.18,4617.57,4612.45,4612.45
2026-05-03 17:00:00+00:00,4612.45,4614.76,4608.4,4612.21
2026-05-03 18:00:00+00:00,4612.22,4616.88,4610.55,4613.69
2026-05-03 19:00:00+00:00,4613.68,4618.55,4611.56,4615.54
2026-05-03 20:00:00+00:00,4615.65,4618.57,4615.2,4618.17
2026-05-03 21:00:00+00:00,4618.17,4632.58,4618.17,4630.19
2026-05-03 22:00:00+00:00,4630.19,4630.19,4607.2,4612.01
2026-05-03 23:00:00+00:00,4611.88,4613.19,4604.6,4605.7
2026-05-04 00:00:00+00:00,4605.69,4609.8,4596.62,4606.56
2026-05-04 01:00:00+00:00,4606.57,4607.8,4589.5,4607.26
2026-05-04 02:00:00+00:00,4607.26,4611.38,4586.87,4600.88
2026-05-04 03:00:00+00:00,4600.87,4609.2,4594.2,4608.4
2026-05-04 04:00:00+00:00,4608.2,4608.2,4599.0,4599.65
2026-05-04 05:00:00+00:00,4599.65,4605.39,4587.81,4594.2
2026-05-04 06:00:00+00:00,4594.2,4594.8,4580.0,4584.41
2026-05-04 07:00:00+00:00,4584.4,4588.54,4576.2,4576.2
2026-05-04 08:00:00+00:00,4576.0,4578.0,4571.63,4573.42
2026-05-04 09:00:00+00:00,4573.37,4578.8,4568.21,4571.05
2026-05-04 10:00:00+00:00,4570.93,4570.93,4525.21,4560.0
2026-05-04 11:00:00+00:00,4560.0,4566.39,4549.21,4556.58
2026-05-04 12:00:00+00:00,4556.57,4573.12,4556.49,4563.61
2026-05-04 13:00:00+00:00,4563.6,4570.0,4553.4,4560.2
2026-05-04 14:00:00+00:00,4560.15,4576.39,4551.16,4556.81
2026-05-04 15:00:00+00:00,4556.62,4560.39,4514.05,4523.0
2026-05-04 16:00:00+00:00,4523.0,4528.8,4504.07,4512.8
2026-05-04 17:00:00+00:00,4512.8,4532.79,4512.8,4522.81
2026-05-04 18:00:00+00:00,4522.75,4524.99,4510.77,4515.99
2026-05-04 19:00:00+00:00,4516.0,4525.19,4512.2,4517.8
2026-05-04 20:00:00+00:00,4517.99,4522.94,4513.63,4522.94
2026-05-04 21:00:00+00:00,4522.94,4525.39,4522.01,4523.0
2026-05-04 22:00:00+00:00,4522.8,4523.6,4515.65,4516.0
2026-05-04 23:00:00+00:00,4516.0,4519.43,4515.82,4517.56
2026-05-05 00:00:00+00:00,4517.28,4528.44,4513.1,4527.6
2026-05-05 01:00:00+00:00,4527.61,4539.39,4524.61,4537.97
2026-05-05 02:00:00+00:00,4537.98,4542.19,4532.86,4537.0
2026-05-05 03:00:00+00:00,4536.94,4539.17,4530.31,4532.23
2026-05-05 04:00:00+00:00,4532.24,4533.33,4526.2,4530.94
2026-05-05 05:00:00+00:00,4530.93,4546.67,4529.08,4541.28
2026-05-05 06:00:00+00:00,4541.28,4547.0,4532.22,4543.96
2026-05-05 07:00:00+00:00,4543.96,4553.58,4540.06,4542.1
2026-05-05 08:00:00+00:00,4542.11,4553.31,4542.11,4553.0
2026-05-05 09:00:00+00:00,4553.0,4554.09,4547.57,4550.84
2026-05-05 10:00:00+00:00,4550.83,4551.0,4537.45,4540.01
2026-05-05 11:00:00+00:00,4539.9,4556.89,4535.7,4555.37
2026-05-05 12:00:00+00:00,4555.38,4566.41,4548.94,4556.48
2026-05-05 13:00:00+00:00,4556.48,4575.82,4556.48,4569.65
2026-05-05 14:00:00+00:00,4569.65,4577.22,4558.37,4574.36
2026-05-05 15:00:00+00:00,4574.36,4576.05,4562.33,4562.74
2026-05-05 16:00:00+00:00,4562.52,4562.52,4549.0,4555.0
2026-05-05 17:00:00+00:00,4554.69,4555.88,4548.26,4553.07
2026-05-05 18:00:00+00:00,4553.07,4557.0,4550.83,4552.79
2026-05-05 19:00:00+00:00,4553.08,4553.35,4545.5,4547.79
2026-05-05 20:00:00+00:00,4547.8,4552.16,4547.49,4550.24
2026-05-05 21:00:00+00:00,4550.24,4553.85,4548.56,4548.57
2026-05-05 22:00:00+00:00,4548.57,4569.49,4541.69,4566.18
2026-05-05 23:00:00+00:00,4566.19,4586.67,4563.95,4585.0
2026-05-06 00:00:00+00:00,4585.17,4607.66,4580.01,4606.2
2026-05-06 01:00:00+00:00,4606.21,4615.17,4597.61,4612.61
2026-05-06 02:00:00+00:00,4612.85,4626.96,4612.85,4626.0
2026-05-06 03:00:00+00:00,4625.99,4637.02,4624.63,4629.51
2026-05-06 04:00:00+00:00,4629.51,4638.63,4629.51,4635.43
2026-05-06 05:00:00+00:00,4635.43,4646.92,4629.83,4646.65
2026-05-06 06:00:00+00:00,4646.65,4652.21,4641.63,4651.97
2026-05-06 07:00:00+00:00,4651.98,4665.82,4642.55,4665.82
2026-05-06 08:00:00+00:00,4665.86,4689.28,4658.04,4686.46
2026-05-06 09:00:00+00:00,4686.47,4694.23,4676.99,4690.47
2026-05-06 10:00:00+00:00,4690.48,4709.98,4685.72,4707.13
2026-05-06 11:00:00+00:00,4706.89,4708.83,4678.75,4679.33
2026-05-06 12:00:00+00:00,4679.23,4679.41,4650.0,4670.76
2026-05-06 13:00:00+00:00,4671.09,4692.48,4659.27,4688.45
2026-05-06 14:00:00+00:00,4688.44,4701.35,4685.0,4688.39
2026-05-06 15:00:00+00:00,4688.05,4690.31,4675.43,4675.44
2026-05-06 16:00:00+00:00,4675.36,4677.69,4667.54,4669.93
2026-05-06 17:00:00+00:00,4669.94,4673.04,4666.66,4671.03
2026-05-06 18:00:00+00:00,4671.04,4677.08,4668.84,4674.14
2026-05-06 19:00:00+00:00,4674.15,4686.66,4674.15,4680.61
2026-05-06 20:00:00+00:00,4680.58,4686.22,4675.52,4679.03
2026-05-06 21:00:00+00:00,4678.74,4682.19,4678.73,4681.46
2026-05-06 22:00:00+00:00,4681.45,4686.07,4677.6,4682.47
2026-05-06 23:00:00+00:00,4682.41,4685.99,4678.8,4685.28
2026-05-07 00:00:00+00:00,4685.52,4687.6,4673.6,4675.2
2026-05-07 01:00:00+00:00,4675.43,4706.64,4673.34,4701.57
2026-05-07 02:00:00+00:00,4701.82,4704.71,4688.88,4695.84
2026-05-07 03:00:00+00:00,4695.61,4696.31,4687.2,4687.21
2026-05-07 04:00:00+00:00,4686.97,4687.43,4681.44,4684.56
2026-05-07 05:00:00+00:00,4684.56,4693.4,4683.35,4689.83
2026-05-07 06:00:00+00:00,4689.27,4731.83,4689.27,4723.19
2026-05-07 07:00:00+00:00,4723.2,4733.16,4716.96,4728.35
2026-05-07 08:00:00+00:00,4728.37,4736.66,4717.25,4717.25
2026-05-07 09:00:00+00:00,4717.24,4724.16,4709.04,4717.8
2026-05-07 10:00:00+00:00,4717.79,4726.68,4715.14,4723.75
2026-05-07 11:00:00+00:00,4723.75,4729.19,4716.38,4728.56
2026-05-07 12:00:00+00:00,4728.57,4736.45,4720.0,4734.2
2026-05-07 13:00:00+00:00,4734.2,4742.96,4718.57,4732.57
2026-05-07 14:00:00+00:00,4733.19,4749.42,4728.79,4749.42
2026-05-07 15:00:00+00:00,4749.41,4750.68,4714.09,4715.21
2026-05-07 16:00:00+00:00,4715.21,4715.97,4693.7,4707.41
2026-05-07 17:00:00+00:00,4707.42,4711.13,4682.5,4704.84
2026-05-07 18:00:00+00:00,4705.0,4707.64,4689.91,4703.15
2026-05-07 19:00:00+00:00,4703.14,4704.83,4691.96,4696.91
2026-05-07 20:00:00+00:00,4696.91,4711.13,4679.15,4679.45
2026-05-07 21:00:00+00:00,4679.94,4687.9,4678.0,4679.74
2026-05-07 22:00:00+00:00,4679.74,4690.42,4672.34,4679.51
2026-05-07 23:00:00+00:00,4679.51,4697.14,4679.5,4696.0
2026-05-08 00:00:00+00:00,4696.16,4700.75,4687.5,4693.24
2026-05-08 01:00:00+00:00,4692.61,4712.97,4692.61,4712.26
2026-05-08 02:00:00+00:00,4712.26,4719.99,4698.0,4704.0
2026-05-08 03:00:00+00:00,4703.75,4720.75,4702.51,4710.53
2026-05-08 04:00:00+00:00,4710.53,4712.9,4700.51,4701.33
2026-05-08 05:00:00+00:00,4701.34,4719.49,4700.75,4717.5
2026-05-08 06:00:00+00:00,4717.25,4723.1,4704.06,4715.75
2026-05-08 07:00:00+00:00,4715.74,4715.74,4691.01,4699.26
2026-05-08 08:00:00+00:00,4699.25,4711.57,4698.61,4706.26
2026-05-08 09:00:00+00:00,4706.25,4712.75,4698.76,4702.99
2026-05-08 10:00:00+00:00,4702.93,4715.99,4702.26,4708.75
2026-05-08 11:00:00+00:00,4709.0,4715.54,4702.94,4706.41
2026-05-08 12:00:00+00:00,4706.42,4717.09,4693.81,4710.41
2026-05-08 13:00:00+00:00,4710.41,4734.23,4704.7,4734.23
2026-05-08 14:00:00+00:00,4734.4,4736.15,4703.44,4705.91
2026-05-08 15:00:00+00:00,4705.9,4709.1,4693.8,4698.76
2026-05-08 16:00:00+00:00,4698.97,4709.41,4698.1,4703.34
2026-05-08 17:00:00+00:00,4703.01,4712.73,4703.01,4711.73
2026-05-08 18:00:00+00:00,4711.73,4717.46,4710.31,4712.18
2026-05-08 19:00:00+00:00,4712.17,4715.16,4711.53,4713.08
2026-05-08 20:00:00+00:00,4712.84,4712.85,4701.8,4702.18
2026-05-08 21:00:00+00:00,4702.18,4702.46,4701.01,4701.25
2026-05-08 22:00:00+00:00,4701.24,4703.18,4701.24,4702.19
2026-05-08 23:00:00+00:00,4702.19,4702.19,4700.89,4700.89
2026-05-09 00:00:00+00:00,4700.9,4700.9,4700.41,4700.89
2026-05-09 01:00:00+00:00,4700.9,4704.32,4700.9,4704.32
2026-05-09 02:00:00+00:00,4704.32,4706.74,4701.94,4701.94
2026-05-09 03:00:00+00:00,4701.95,4701.95,4698.13,4699.57
2026-05-09 04:00:00+00:00,4699.58,4701.59,4698.41,4701.04
2026-05-09 05:00:00+00:00,4701.05,4702.38,4700.88,4700.88
2026-05-09 06:00:00+00:00,4700.89,4700.89,4699.0,4699.01
2026-05-09 07:00:00+00:00,4699.01,4700.43,4699.01,4700.31
2026-05-09 08:00:00+00:00,4700.31,4700.31,4699.93,4699.93
2026-05-09 09:00:00+00:00,4699.94,4700.73,4699.93,4700.26
2026-05-09 10:00:00+00:00,4700.26,4700.27,4698.59,4699.1
2026-05-09 11:00:00+00:00,4699.1,4699.95,4699.09,4699.95
2026-05-09 12:00:00+00:00,4699.95,4700.08,4699.94,4700.06
2026-05-09 13:00:00+00:00,4700.06,4701.01,4699.1,4700.41
2026-05-09 14:00:00+00:00,4700.41,4700.74,4699.65,4700.09
2026-05-09 15:00:00+00:00,4700.08,4700.9,4699.87,4700.5
2026-05-09 16:00:00+00:00,4700.5,4700.97,4698.99,4699.94
2026-05-09 17:00:00+00:00,4699.95,4706.03,4699.63,4706.02
2026-05-09 18:00:00+00:00,4706.03,4708.0,4705.86,4707.91
2026-05-09 19:00:00+00:00,4707.92,4709.98,4706.73,4709.97
2026-05-09 20:00:00+00:00,4709.97,4710.25,4709.59,4710.25
2026-05-09 21:00:00+00:00,4710.26,4710.62,4709.76,4710.62
2026-05-09 22:00:00+00:00,4710.62,4711.7,4709.54,4711.5
2026-05-09 23:00:00+00:00,4711.5,4711.51,4708.56,4709.01
2026-05-10 00:00:00+00:00,4709.01,4711.51,4709.01,4711.51
2026-05-10 01:00:00+00:00,4711.51,4711.51,4707.35,4707.65
2026-05-10 02:00:00+00:00,4707.64,4710.0,4707.64,4710.0
2026-05-10 03:00:00+00:00,4710.2,4711.88,4710.19,4711.87
2026-05-10 04:00:00+00:00,4711.88,4712.65,4711.4,4711.4
2026-05-10 05:00:00+00:00,4711.41,4712.88,4710.87,4712.88
2026-05-10 06:00:00+00:00,4712.88,4713.1,4712.18,4712.19
2026-05-10 07:00:00+00:00,4712.19,4712.19,4710.0,4710.0
2026-05-10 08:00:00+00:00,4710.0,4710.03,4707.79,4709.88
2026-05-10 09:00:00+00:00,4709.87,4710.83,4708.86,4708.9
2026-05-10 10:00:00+00:00,4708.9,4709.99,4708.49,4709.0
2026-05-10 11:00:00+00:00,4709.01,4713.28,4709.0,4713.27
2026-05-10 12:00:00+00:00,4713.34,4714.41,4711.29,4713.06
2026-05-10 13:00:00+00:00,4713.07,4719.16,4713.06,4717.52
2026-05-10 14:00:00+00:00,4717.51,4718.25,4716.14,4717.94
2026-05-10 15:00:00+00:00,4717.95,4718.19,4717.78,4717.92
2026-05-10 16:00:00+00:00,4717.92,4718.09,4716.35,4717.02
2026-05-10 17:00:00+00:00,4717.02,4718.11,4716.39,4717.97
2026-05-10 18:00:00+00:00,4717.97,4718.83,4716.68,4717.24
2026-05-10 19:00:00+00:00,4717.24,4717.53,4712.85,4713.29
2026-05-10 20:00:00+00:00,4713.28,4713.74,4695.05,4701.18
2026-05-10 21:00:00+00:00,4701.18,4705.38,4693.68,4699.42
2026-05-10 22:00:00+00:00,4699.64,4702.69,4677.0,4684.95
2026-05-10 23:00:00+00:00,4684.95,4692.22,4682.51,4685.68
2026-05-11 00:00:00+00:00,4685.67,4688.09,4666.21,4679.17
2026-05-11 01:00:00+00:00,4679.18,4699.63,4671.26,4681.16
2026-05-11 02:00:00+00:00,4680.95,4694.8,4673.98,4677.2
2026-05-11 03:00:00+00:00,4677.02,4683.8,4672.34,4674.51
2026-05-11 04:00:00+00:00,4674.56,4674.78,4662.89,4666.85
2026-05-11 05:00:00+00:00,4666.84,4674.33,4646.62,4649.92
2026-05-11 06:00:00+00:00,4649.93,4675.71,4648.17,4674.79
2026-05-11 07:00:00+00:00,4675.0,4675.95,4662.9,4665.32
2026-05-11 08:00:00+00:00,4665.54,4674.77,4662.6,4665.2
2026-05-11 09:00:00+00:00,4665.2,4666.73,4650.0,4655.01
2026-05-11 10:00:00+00:00,4655.02,4663.66,4655.02,4661.82
2026-05-11 11:00:00+00:00,4661.98,4672.25,4661.97,4669.5
2026-05-11 12:00:00+00:00,4669.74,4695.45,4664.53,4693.51
2026-05-11 13:00:00+00:00,4694.04,4737.76,4693.87,4727.52
2026-05-11 14:00:00+00:00,4727.5,4728.42,4707.8,4718.29
2026-05-11 15:00:00+00:00,4718.28,4728.57,4715.29,4722.63
2026-05-11 16:00:00+00:00,4722.53,4723.72,4700.34,4706.64
2026-05-11 17:00:00+00:00,4706.82,4714.95,4706.82,4713.3
2026-05-11 18:00:00+00:00,4713.48,4719.05,4711.73,4716.01
2026-05-11 19:00:00+00:00,4716.0,4725.18,4712.96,4722.84
2026-05-11 20:00:00+00:00,4723.03,4726.78,4719.78,4723.19
2026-05-11 21:00:00+00:00,4723.18,4724.15,4717.5,4723.44
2026-05-11 22:00:00+00:00,4723.45,4741.23,4723.45,4737.6
2026-05-11 23:00:00+00:00,4737.61,4755.65,4733.19,4754.19
2026-05-12 00:00:00+00:00,4754.19,4759.43,4738.02,4738.02
2026-05-12 01:00:00+00:00,4738.0,4743.58,4711.57,4717.23
2026-05-12 02:00:00+00:00,4717.44,4724.13,4714.53,4721.22
2026-05-12 03:00:00+00:00,4721.01,4722.27,4709.52,4711.0
2026-05-12 04:00:00+00:00,4711.0,4720.41,4703.79,4706.1
2026-05-12 05:00:00+00:00,4705.9,4712.39,4701.41,4705.9
2026-05-12 06:00:00+00:00,4705.89,4705.89,4686.0,4688.82
2026-05-12 07:00:00+00:00,4688.46,4696.08,4679.44,4693.21
2026-05-12 08:00:00+00:00,4693.21,4699.05,4690.99,4695.65
2026-05-12 09:00:00+00:00,4695.65,4697.29,4688.64,4692.77
2026-05-12 10:00:00+00:00,4692.77,4700.59,4679.32,4688.11
2026-05-12 11:00:00+00:00,4688.27,4701.4,4681.62,4700.71
2026-05-12 12:00:00+00:00,4700.7,4706.99,4685.94,4701.24
2026-05-12 13:00:00+00:00,4701.41,4703.7,4675.0,4676.33
2026-05-12 14:00:00+00:00,4676.41,4691.6,4668.01,4670.92
2026-05-12 15:00:00+00:00,4670.93,4673.74,4642.19,4666.51
2026-05-12 16:00:00+00:00,4666.51,4672.75,4664.92,4669.74
2026-05-12 17:00:00+00:00,4669.82,4680.44,4669.82,4677.76
2026-05-12 18:00:00+00:00,4677.76,4695.32,4675.51,4694.38
2026-05-12 19:00:00+00:00,4694.38,4711.72,4694.38,4711.72
2026-05-12 20:00:00+00:00,4711.89,4714.45,4708.39,4710.02
2026-05-12 21:00:00+00:00,4710.01,4710.01,4703.81,4704.59
2026-05-12 22:00:00+00:00,4704.6,4715.2,4704.6,4710.62
2026-05-12 23:00:00+00:00,4710.62,4716.65,4709.81,4712.2
2026-05-13 00:00:00+00:00,4712.06,4720.0,4706.69,4707.59
2026-05-13 01:00:00+00:00,4707.6,4710.19,4695.54,4696.62
2026-05-13 02:00:00+00:00,4696.73,4701.39,4685.01,4687.99
2026-05-13 03:00:00+00:00,4687.99,4700.39,4685.6,4691.4
2026-05-13 04:00:00+00:00,4691.4,4698.26,4691.21,4695.41
2026-05-13 05:00:00+00:00,4695.59,4701.41,4688.87,4697.98
2026-05-13 06:00:00+00:00,4697.98,4707.49,4694.98,4695.6
2026-05-13 07:00:00+00:00,4695.6,4701.5,4692.5,4697.48
2026-05-13 08:00:00+00:00,4697.48,4697.48,4690.65,4695.76
2026-05-13 09:00:00+00:00,4695.76,4696.02,4682.13,4695.41
2026-05-13 10:00:00+00:00,4695.4,4703.25,4688.46,4689.36
2026-05-13 11:00:00+00:00,4689.36,4699.38,4686.6,4693.75
2026-05-13 12:00:00+00:00,4693.75,4695.74,4673.99,4679.41
2026-05-13 13:00:00+00:00,4679.41,4688.19,4666.7,4677.0
2026-05-13 14:00:00+00:00,4676.8,4686.65,4671.1,4676.6
2026-05-13 15:00:00+00:00,4676.6,4694.02,4676.01,4689.29
2026-05-13 16:00:00+00:00,4689.28,4704.82,4689.28,4690.71
2026-05-13 17:00:00+00:00,4690.71,4695.0,4680.63,4680.64
2026-05-13 18:00:00+00:00,4680.63,4688.39,4674.0,4680.61
2026-05-13 19:00:00+00:00,4680.61,4684.54,4679.0,4682.39
2026-05-13 20:00:00+00:00,4682.4,4686.59,4679.65,4683.82
2026-05-13 21:00:00+00:00,4684.0,4684.0,4681.97,4683.05
2026-05-13 22:00:00+00:00,4683.05,4693.47,4683.05,4693.3
2026-05-13 23:00:00+00:00,4693.29,4694.62,4687.41,4689.35
2026-05-14 00:00:00+00:00,4689.35,4698.27,4683.47,4697.51
2026-05-14 01:00:00+00:00,4697.52,4698.57,4678.78,4683.03
2026-05-14 02:00:00+00:00,4683.04,4692.0,4675.36,4679.52
2026-05-14 03:00:00+00:00,4679.52,4685.0,4668.0,4668.73
2026-05-14 04:00:00+00:00,4668.48,4701.97,4663.32,4693.55
2026-05-14 05:00:00+00:00,4693.55,4695.22,4682.31,4682.33
2026-05-14 06:00:00+00:00,4682.32,4693.75,4679.86,4691.82
2026-05-14 07:00:00+00:00,4691.82,4708.43,4684.9,4686.43
2026-05-14 08:00:00+00:00,4686.43,4697.5,4685.79,4686.26
2026-05-14 09:00:00+00:00,4686.27,4694.57,4682.26,4693.04
2026-05-14 10:00:00+00:00,4693.04,4696.56,4685.41,4689.48
2026-05-14 11:00:00+00:00,4689.49,4697.5,4684.21,4689.3
2026-05-14 12:00:00+00:00,4688.86,4702.12,4687.21,4698.74
2026-05-14 13:00:00+00:00,4698.75,4700.0,4663.33,4674.6
2026-05-14 14:00:00+00:00,4674.6,4692.83,4673.2,4676.0
2026-05-14 15:00:00+00:00,4675.96,4683.81,4673.95,4680.67
2026-05-14 16:00:00+00:00,4680.68,4681.24,4668.0,4675.56
2026-05-14 17:00:00+00:00,4675.57,4679.17,4673.76,4675.39
2026-05-14 18:00:00+00:00,4675.0,4675.0,4665.81,4669.29
2026-05-14 19:00:00+00:00,4669.3,4669.3,4647.19,4651.78
2026-05-14 20:00:00+00:00,4651.77,4654.71,4644.09,4652.17
2026-05-14 21:00:00+00:00,4652.2,4659.43,4652.2,4657.5
2026-05-14 22:00:00+00:00,4657.27,4661.4,4647.12,4661.17
2026-05-14 23:00:00+00:00,4661.17,4663.48,4647.13,4651.81
2026-05-15 00:00:00+00:00,4651.81,4656.15,4616.67,4631.25
2026-05-15 01:00:00+00:00,4631.3,4631.85,4608.09,4613.28
2026-05-15 02:00:00+00:00,4613.28,4621.86,4610.11,4617.28
2026-05-15 03:00:00+00:00,4617.28,4620.77,4607.82,4615.37
2026-05-15 04:00:00+00:00,4615.37,4620.85,4605.67,4605.67
2026-05-15 05:00:00+00:00,4605.56,4605.57,4563.55,4563.61
2026-05-15 06:00:00+00:00,4563.55,4583.25,4561.63,4573.8
2026-05-15 07:00:00+00:00,4574.19,4592.16,4571.17,4576.73
2026-05-15 08:00:00+00:00,4576.73,4577.96,4556.73,4558.21
2026-05-15 09:00:00+00:00,4558.21,4566.9,4539.6,4551.8
2026-05-15 10:00:00+00:00,4551.8,4573.6,4550.22,4567.56
2026-05-15 11:00:00+00:00,4567.57,4571.99,4554.62,4555.96
2026-05-15 12:00:00+00:00,4555.95,4562.09,4548.96,4550.95
2026-05-15 13:00:00+00:00,4550.95,4559.99,4520.0,4539.02
2026-05-15 14:00:00+00:00,4539.02,4568.75,4532.5,4566.26
2026-05-15 15:00:00+00:00,4566.26,4568.6,4542.01,4547.49
2026-05-15 16:00:00+00:00,4547.5,4555.46,4538.75,4552.24
2026-05-15 17:00:00+00:00,4552.25,4569.34,4551.51,4565.24
2026-05-15 18:00:00+00:00,4565.25,4568.0,4556.75,4564.26
2026-05-15 19:00:00+00:00,4564.26,4564.73,4552.77,4552.99
2026-05-15 20:00:00+00:00,4552.77,4552.9,4535.8,4541.5
2026-05-15 21:00:00+00:00,4541.49,4541.97,4538.0,4538.74
2026-05-15 22:00:00+00:00,4538.75,4543.0,4538.75,4541.7
2026-05-15 23:00:00+00:00,4541.7,4542.74,4540.59,4542.11
2026-05-16 00:00:00+00:00,4542.1,4542.96,4540.77,4541.76
2026-05-16 01:00:00+00:00,4541.76,4542.25,4540.89,4542.0
2026-05-16 02:00:00+00:00,4542.0,4542.87,4541.09,4541.45
2026-05-16 03:00:00+00:00,4541.45,4542.95,4541.44,4542.71
2026-05-16 04:00:00+00:00,4542.7,4542.75,4540.51,4541.84
2026-05-16 05:00:00+00:00,4541.84,4542.95,4541.76,4542.69
2026-05-16 06:00:00+00:00,4542.69,4542.71,4538.38,4538.39
2026-05-16 07:00:00+00:00,4538.39,4538.39,4526.59,4535.99
2026-05-16 08:00:00+00:00,4535.99,4536.58,4533.74,4535.76
2026-05-16 09:00:00+00:00,4535.76,4535.76,4528.24,4531.67
2026-05-16 10:00:00+00:00,4531.67,4531.75,4522.31,4528.06
2026-05-16 11:00:00+00:00,4528.07,4529.67,4523.0,4529.0
2026-05-16 12:00:00+00:00,4528.99,4532.0,4527.25,4532.0
2026-05-16 13:00:00+00:00,4531.99,4533.45,4528.01,4529.75
2026-05-16 14:00:00+00:00,4529.75,4533.7,4529.4,4533.7
2026-05-16 15:00:00+00:00,4533.75,4542.71,4533.22,4536.5
2026-05-16 16:00:00+00:00,4536.51,4538.43,4535.0,4537.16
2026-05-16 17:00:00+00:00,4537.16,4537.75,4535.5,4536.0
2026-05-16 18:00:00+00:00,4535.76,4540.18,4535.75,4540.15
2026-05-16 19:00:00+00:00,4540.16,4540.55,4538.25,4538.25
2026-05-16 20:00:00+00:00,4538.11,4538.98,4537.0,4537.01
2026-05-16 21:00:00+00:00,4537.01,4538.25,4534.03,4534.46
2026-05-16 22:00:00+00:00,4534.46,4538.75,4533.6,4538.72
2026-05-16 23:00:00+00:00,4538.73,4539.25,4538.25,4538.25
2026-05-17 00:00:00+00:00,4538.26,4539.88,4538.05,4538.05
2026-05-17 01:00:00+00:00,4538.06,4538.06,4532.67,4532.97
2026-05-17 02:00:00+00:00,4532.97,4534.78,4532.97,4534.72
2026-05-17 03:00:00+00:00,4534.72,4536.39,4534.46,4536.12
2026-05-17 04:00:00+00:00,4536.13,4536.68,4536.0,4536.68
2026-05-17 05:00:00+00:00,4536.67,4537.06,4527.5,4528.0
2026-05-17 06:00:00+00:00,4528.01,4530.68,4526.96,4530.16
2026-05-17 07:00:00+00:00,4530.15,4533.51,4530.15,4532.51
2026-05-17 08:00:00+00:00,4532.5,4532.51,4532.19,4532.49
2026-05-17 09:00:00+00:00,4532.5,4533.15,4532.36,4533.15
2026-05-17 10:00:00+00:00,4533.15,4538.9,4533.15,4538.25
2026-05-17 11:00:00+00:00,4538.26,4541.03,4537.26,4541.01
2026-05-17 12:00:00+00:00,4541.02,4541.02,4540.27,4541.0
2026-05-17 13:00:00+00:00,4541.0,4542.0,4538.5,4540.76
2026-05-17 14:00:00+00:00,4540.76,4541.0,4537.46,4540.3
2026-05-17 15:00:00+00:00,4540.25,4543.63,4539.51,4540.64
2026-05-17 16:00:00+00:00,4540.64,4542.58,4540.63,4540.85
2026-05-17 17:00:00+00:00,4540.85,4540.85,4537.46,4538.46
2026-05-17 18:00:00+00:00,4538.47,4538.88,4537.25,4538.88
2026-05-17 19:00:00+00:00,4538.87,4539.98,4525.86,4529.39
2026-05-17 20:00:00+00:00,4529.39,4530.46,4525.96,4525.96
2026-05-17 21:00:00+00:00,4525.96,4536.43,4525.78,4531.55
2026-05-17 22:00:00+00:00,4531.2,4552.18,4528.2,4541.69
2026-05-17 23:00:00+00:00,4541.69,4543.23,4529.11,4533.31
2026-05-18 00:00:00+00:00,4533.31,4538.75,4479.16,4511.44
2026-05-18 01:00:00+00:00,4511.1,4530.62,4488.34,4521.3
2026-05-18 02:00:00+00:00,4521.25,4537.48,4518.91,4529.98
2026-05-18 03:00:00+00:00,4529.98,4543.38,4524.0,4538.71
2026-05-18 04:00:00+00:00,4539.02,4545.0,4528.75,4536.9
2026-05-18 05:00:00+00:00,4537.2,4547.65,4528.96,4529.86
2026-05-18 06:00:00+00:00,4529.12,4544.09,4528.75,4544.09
2026-05-18 07:00:00+00:00,4544.1,4555.77,4536.53,4543.58
2026-05-18 08:00:00+00:00,4543.58,4552.49,4540.03,4547.34
2026-05-18 09:00:00+00:00,4547.34,4548.12,4537.63,4540.41
2026-05-18 10:00:00+00:00,4540.4,4544.31,4531.42,4537.54
2026-05-18 11:00:00+00:00,4537.55,4562.7,4529.52,4548.19
2026-05-18 12:00:00+00:00,4548.15,4570.22,4544.11,4568.4
2026-05-18 13:00:00+00:00,4568.41,4578.88,4559.39,4571.37
2026-05-18 14:00:00+00:00,4571.37,4571.37,4536.58,4543.28
2026-05-18 15:00:00+00:00,4543.29,4543.75,4529.29,4540.41
2026-05-18 16:00:00+00:00,4540.41,4551.0,4533.05,4547.37
2026-05-18 17:00:00+00:00,4547.36,4554.92,4544.59,4544.71
2026-05-18 18:00:00+00:00,4544.98,4545.45,4534.0,4534.92
2026-05-18 19:00:00+00:00,4534.67,4562.0,4534.67,4555.33
2026-05-18 20:00:00+00:00,4555.33,4562.7,4555.33,4562.7
2026-05-18 21:00:00+00:00,4562.7,4565.3,4561.72,4563.45
2026-05-18 22:00:00+00:00,4563.46,4572.24,4563.46,4569.48
2026-05-18 23:00:00+00:00,4569.55,4582.18,4569.55,4575.33
2026-05-19 00:00:00+00:00,4575.33,4581.7,4558.17,4558.29
2026-05-19 01:00:00+00:00,4558.17,4565.32,4551.55,4558.75
2026-05-19 02:00:00+00:00,4558.75,4558.75,4545.0,4546.51
2026-05-19 03:00:00+00:00,4546.51,4551.25,4541.38,4543.16
2026-05-19 04:00:00+00:00,4543.16,4543.69,4537.93,4541.7
2026-05-19 05:00:00+00:00,4541.7,4545.0,4530.81,4539.76
2026-05-19 06:00:00+00:00,4539.75,4550.68,4533.75,4546.01
2026-05-19 07:00:00+00:00,4546.27,4555.32,4542.0,4554.01
2026-05-19 08:00:00+00:00,4554.01,4555.94,4536.9,4541.69
2026-05-19 09:00:00+00:00,4542.0,4544.32,4535.99,4541.34
2026-05-19 10:00:00+00:00,4541.33,4543.92,4526.56,4543.92
2026-05-19 11:00:00+00:00,4543.92,4546.45,4532.49,4532.49
2026-05-19 12:00:00+00:00,4532.44,4547.78,4530.12,4538.9
2026-05-19 13:00:00+00:00,4538.89,4538.89,4473.29,4506.74
2026-05-19 14:00:00+00:00,4506.74,4515.63,4485.55,4496.8
2026-05-19 15:00:00+00:00,4496.8,4509.56,4493.28,4509.55
2026-05-19 16:00:00+00:00,4509.55,4513.61,4499.12,4510.05
2026-05-19 17:00:00+00:00,4510.05,4511.93,4502.13,4504.92
2026-05-19 18:00:00+00:00,4504.91,4507.0,4496.37,4497.68
2026-05-19 19:00:00+00:00,4497.68,4500.98,4487.0,4487.7
2026-05-19 20:00:00+00:00,4487.69,4491.96,4486.1,4487.21
2026-05-19 21:00:00+00:00,4487.34,4497.14,4487.34,4491.92
2026-05-19 22:00:00+00:00,4491.91,4491.91,4482.02,4487.11
2026-05-19 23:00:00+00:00,4487.11,4499.53,4484.27,4492.34
2026-05-20 00:00:00+00:00,4492.34,4511.1,4484.34,4502.96
2026-05-20 01:00:00+00:00,4502.96,4507.35,4462.65,4485.58
2026-05-20 02:00:00+00:00,4485.58,4489.98,4466.26,4470.67
2026-05-20 03:00:00+00:00,4470.75,4472.13,4461.16,4469.99
2026-05-20 04:00:00+00:00,4470.0,4476.02,4463.88,4467.33
2026-05-20 05:00:00+00:00,4467.54,4483.67,4467.54,4477.99
2026-05-20 06:00:00+00:00,4477.88,4483.04,4465.93,4479.18
2026-05-20 07:00:00+00:00,4478.55,4488.87,4477.0,4480.98
2026-05-20 08:00:00+00:00,4480.98,4491.85,4480.67,4487.32
2026-05-20 09:00:00+00:00,4487.32,4492.49,4477.5,4486.65
2026-05-20 10:00:00+00:00,4486.65,4498.95,4486.65,4495.67
2026-05-20 11:00:00+00:00,4495.75,4502.0,4492.67,4498.65
2026-05-20 12:00:00+00:00,4498.64,4505.24,4494.33,4496.54
2026-05-20 13:00:00+00:00,4496.54,4505.99,4483.01,4483.06
2026-05-20 14:00:00+00:00,4483.18,4532.66,4469.67,4527.34
2026-05-20 15:00:00+00:00,4527.33,4549.0,4519.68,4525.83
2026-05-20 16:00:00+00:00,4525.82,4532.0,4520.94,4530.77
2026-05-20 17:00:00+00:00,4530.78,4535.0,4527.33,4527.35
2026-05-20 18:00:00+00:00,4527.89,4539.78,4526.09,4538.56
2026-05-20 19:00:00+00:00,4538.34,4544.67,4538.05,4541.0
2026-05-20 20:00:00+00:00,4541.2,4544.33,4536.89,4538.03
2026-05-20 21:00:00+00:00,4538.03,4539.74,4534.94,4536.81
2026-05-20 22:00:00+00:00,4536.8,4539.94,4529.34,4533.67
2026-05-20 23:00:00+00:00,4533.75,4540.56,4530.34,4539.63
2026-05-21 00:00:00+00:00,4539.63,4545.6,4532.51,4538.69
2026-05-21 01:00:00+00:00,4538.71,4561.64,4534.37,4553.28
2026-05-21 02:00:00+00:00,4553.29,4556.32,4527.0,4528.34
2026-05-21 03:00:00+00:00,4528.33,4533.4,4521.65,4521.65
2026-05-21 04:00:00+00:00,4521.67,4532.2,4521.63,4530.96
2026-05-21 05:00:00+00:00,4530.99,4531.67,4513.31,4521.66
2026-05-21 06:00:00+00:00,4521.66,4531.57,4515.51,4516.66
2026-05-21 07:00:00+00:00,4516.67,4521.27,4510.0,4517.86
2026-05-21 08:00:00+00:00,4517.86,4531.54,4516.43,4528.12
2026-05-21 09:00:00+00:00,4527.92,4536.47,4525.55,4526.44
2026-05-21 10:00:00+00:00,4526.43,4530.62,4502.93,4508.67
2026-05-21 11:00:00+00:00,4508.67,4517.03,4506.01,4509.2
2026-05-21 12:00:00+00:00,4509.21,4514.65,4499.28,4501.3
2026-05-21 13:00:00+00:00,4501.3,4517.12,4486.99,4511.38
2026-05-21 14:00:00+00:00,4511.33,4513.34,4497.0,4505.67
2026-05-21 15:00:00+00:00,4505.67,4511.26,4494.82,4508.66
2026-05-21 16:00:00+00:00,4508.23,4516.5,4508.23,4514.97
2026-05-21 17:00:00+00:00,4514.97,4550.73,4511.54,4545.2
2026-05-21 18:00:00+00:00,4545.2,4547.84,4522.34,4524.67
2026-05-21 19:00:00+00:00,4524.96,4536.17,4524.75,4535.4
2026-05-21 20:00:00+00:00,4535.4,4536.2,4533.32,4534.63
2026-05-21 21:00:00+00:00,4534.64,4536.57,4534.64,4535.3
2026-05-21 22:00:00+00:00,4535.3,4538.22,4534.0,4535.39
2026-05-21 23:00:00+00:00,4535.39,4537.4,4527.0,4528.24
2026-05-22 00:00:00+00:00,4528.25,4532.9,4519.89,4520.0
2026-05-22 01:00:00+00:00,4520.0,4527.99,4516.75,4520.01
2026-05-22 02:00:00+00:00,4520.02,4522.09,4514.75,4517.25
2026-05-22 03:00:00+00:00,4517.33,4522.45,4514.68,4522.25
2026-05-22 04:00:00+00:00,4522.33,4525.9,4521.33,4522.69
2026-05-22 05:00:00+00:00,4522.69,4527.67,4504.67,4506.4
2026-05-22 06:00:00+00:00,4506.99,4521.63,4506.76,4520.48
2026-05-22 07:00:00+00:00,4520.48,4520.67,4512.01,4516.49
2026-05-22 08:00:00+00:00,4516.66,4524.67,4513.01,4517.01
2026-05-22 09:00:00+00:00,4517.0,4527.6,4510.67,4526.4
2026-05-22 10:00:00+00:00,4526.41,4529.1,4507.67,4511.0
2026-05-22 11:00:00+00:00,4511.0,4519.19,4508.67,4516.21
2026-05-22 12:00:00+00:00,4516.0,4529.87,4512.02,4523.01
2026-05-22 13:00:00+00:00,4523.01,4527.83,4507.37,4510.32
2026-05-22 14:00:00+00:00,4510.32,4510.32,4489.35,4497.9
2026-05-22 15:00:00+00:00,4497.67,4516.66,4497.33,4516.0
2026-05-22 16:00:00+00:00,4516.0,4520.79,4508.33,4509.67
2026-05-22 17:00:00+00:00,4509.89,4522.2,4509.67,4514.67
2026-05-22 18:00:00+00:00,4514.68,4514.94,4508.52,4509.66
2026-05-22 19:00:00+00:00,4509.67,4510.13,4500.2,4503.55
2026-05-22 20:00:00+00:00,4503.56,4504.21,4498.16,4499.5
2026-05-22 21:00:00+00:00,4499.5,4503.6,4499.11,4503.51
2026-05-22 22:00:00+00:00,4503.51,4503.51,4499.83,4500.71
2026-05-22 23:00:00+00:00,4500.71,4500.71,4495.0,4497.02
2026-05-23 00:00:00+00:00,4497.02,4498.78,4495.05,4497.9
2026-05-23 01:00:00+00:00,4497.94,4502.99,4497.31,4501.68
2026-05-23 02:00:00+00:00,4501.68,4504.67,4499.67,4504.66
2026-05-23 03:00:00+00:00,4504.67,4507.1,4502.34,4504.88
2026-05-23 04:00:00+00:00,4504.89,4506.24,4504.2,4504.2
2026-05-23 05:00:00+00:00,4504.2,4506.0,4504.2,4505.12
2026-05-23 06:00:00+00:00,4505.12,4509.0,4505.12,4509.0
2026-05-23 07:00:00+00:00,4509.0,4509.0,4496.66,4499.1
2026-05-23 08:00:00+00:00,4499.22,4500.33,4496.85,4500.33
2026-05-23 09:00:00+00:00,4500.33,4501.28,4498.86,4499.97
2026-05-23 10:00:00+00:00,4499.96,4499.97,4498.43,4498.67
2026-05-23 11:00:00+00:00,4498.67,4499.09,4496.0,4497.29
2026-05-23 12:00:00+00:00,4497.3,4497.3,4496.26,4496.27
2026-05-23 13:00:00+00:00,4496.27,4501.94,4496.26,4501.87
2026-05-23 14:00:00+00:00,4501.87,4505.9,4501.87,4504.51
2026-05-23 15:00:00+00:00,4504.51,4505.88,4503.71,4504.59
2026-05-23 16:00:00+00:00,4504.59,4505.33,4503.0,4504.78
2026-05-23 17:00:00+00:00,4504.78,4506.18,4504.68,4505.27
2026-05-23 18:00:00+00:00,4505.26,4508.11,4505.26,4507.01
2026-05-23 19:00:00+00:00,4507.01,4509.3,4507.01,4509.3
2026-05-23 20:00:00+00:00,4509.29,4518.59,4509.0,4514.66
2026-05-23 21:00:00+00:00,4514.35,4515.75,4507.5,4509.64
2026-05-23 22:00:00+00:00,4509.64,4516.19,4509.64,4514.44
2026-05-23 23:00:00+00:00,4514.44,4515.9,4512.62,4512.9
2026-05-24 00:00:00+00:00,4512.88,4519.31,4510.12,4516.2
2026-05-24 01:00:00+00:00,4516.19,4519.46,4516.19,4518.9
2026-05-24 02:00:00+00:00,4518.91,4520.61,4514.68,4516.98
2026-05-24 03:00:00+00:00,4516.99,4518.82,4514.2,4514.76
2026-05-24 04:00:00+00:00,4514.76,4517.84,4513.81,4515.9
2026-05-24 05:00:00+00:00,4515.91,4525.84,4515.28,4525.48
2026-05-24 06:00:00+00:00,4525.48,4527.54,4514.11,4516.0
2026-05-24 07:00:00+00:00,4515.87,4521.0,4514.33,4514.72
2026-05-24 08:00:00+00:00,4514.72,4519.5,4513.58,4513.58
2026-05-24 09:00:00+00:00,4513.58,4516.75,4511.68,4512.77
2026-05-24 10:00:00+00:00,4512.78,4514.63,4511.35,4512.83
2026-05-24 11:00:00+00:00,4512.83,4516.57,4511.45,4511.68
2026-05-24 12:00:00+00:00,4511.68,4512.04,4510.14,4511.07
2026-05-24 13:00:00+00:00,4511.07,4513.13,4510.77,4510.98
2026-05-24 14:00:00+00:00,4510.99,4511.84,4501.54,4508.34
2026-05-24 15:00:00+00:00,4508.33,4511.27,4506.98,4509.7
2026-05-24 16:00:00+00:00,4509.71,4512.19,4509.1,4510.78
2026-05-24 17:00:00+00:00,4510.79,4510.79,4507.33,4508.24
2026-05-24 18:00:00+00:00,4508.25,4510.07,4508.19,4508.2
2026-05-24 19:00:00+00:00,4508.2,4508.67,4505.76,4507.0
2026-05-24 20:00:00+00:00,4507.0,4510.31,4505.77,4508.5
2026-05-24 21:00:00+00:00,4508.5,4513.67,4505.53,4507.86
2026-05-24 22:00:00+00:00,4507.87,4547.6,4507.87,4546.0
2026-05-24 23:00:00+00:00,4546.0,4563.74,4546.0,4551.53
2026-05-25 00:00:00+00:00,4551.54,4564.67,4551.54,4556.15
2026-05-25 01:00:00+00:00,4556.15,4561.66,4547.49,4547.68
2026-05-25 02:00:00+00:00,4547.68,4555.95,4546.01,4548.01
2026-05-25 03:00:00+00:00,4548.01,4550.67,4544.32,4546.54
2026-05-25 04:00:00+00:00,4546.54,4549.99,4545.28,4549.56
2026-05-25 05:00:00+00:00,4549.56,4550.97,4540.33,4540.68
2026-05-25 06:00:00+00:00,4540.68,4546.55,4538.15,4546.55
2026-05-25 07:00:00+00:00,4546.54,4548.67,4538.51,4548.5
2026-05-25 08:00:00+00:00,4548.49,4548.49,4540.54,4541.77
2026-05-25 09:00:00+00:00,4541.77,4552.37,4541.51,4552.32
2026-05-25 10:00:00+00:00,4552.33,4556.29,4552.33,4554.01
2026-05-25 11:00:00+00:00,4554.0,4560.0,4553.16,4554.01
2026-05-25 12:00:00+00:00,4554.01,4554.01,4539.75,4552.39
2026-05-25 13:00:00+00:00,4552.39,4554.48,4545.55,4548.49
2026-05-25 14:00:00+00:00,4548.49,4553.48,4548.33,4550.13
2026-05-25 15:00:00+00:00,4550.13,4557.47,4550.13,4554.6
2026-05-25 16:00:00+00:00,4554.6,4557.46,4552.8,4556.3
2026-05-25 17:00:00+00:00,4556.67,4559.38,4548.69,4549.4
2026-05-25 18:00:00+00:00,4549.39,4554.03,4549.34,4552.57
2026-05-25 19:00:00+00:00,4552.58,4553.18,4551.67,4552.87
2026-05-25 20:00:00+00:00,4552.96,4553.93,4552.71,4553.1
2026-05-25 21:00:00+00:00,4553.1,4554.33,4552.21,4552.21
2026-05-25 22:00:00+00:00,4552.21,4558.0,4552.21,4557.94
2026-05-25 23:00:00+00:00,4557.94,4562.33,4542.0,4544.67
2026-05-26 00:00:00+00:00,4544.67,4544.67,4526.84,4534.65
2026-05-26 01:00:00+00:00,4534.65,4535.33,4514.4,4522.5
2026-05-26 02:00:00+00:00,4522.49,4525.2,4518.67,4520.07
2026-05-26 03:00:00+00:00,4520.0,4531.0,4519.99,4529.0
2026-05-26 04:00:00+00:00,4529.01,4529.58,4513.05,4514.32
2026-05-26 05:00:00+00:00,4514.32,4521.66,4512.59,4516.82
2026-05-26 06:00:00+00:00,4516.82,4523.31,4516.82,4520.01
2026-05-26 07:00:00+00:00,4520.01,4525.14,4511.68,4525.01
2026-05-26 08:00:00+00:00,4525.01,4525.01,4509.12,4512.32
2026-05-26 09:00:00+00:00,4512.33,4514.55,4503.36,4511.68
2026-05-26 10:00:00+00:00,4511.68,4527.5,4509.11,4523.32
2026-05-26 11:00:00+00:00,4523.32,4524.33,4496.67,4498.34
2026-05-26 12:00:00+00:00,4498.55,4512.64,4494.16,4510.62
2026-05-26 13:00:00+00:00,4510.61,4519.46,4504.74,4505.01
2026-05-26 14:00:00+00:00,4505.01,4514.4,4501.67,4507.56
2026-05-26 15:00:00+00:00,4507.56,4507.56,4495.75,4499.29
2026-05-26 16:00:00+00:00,4499.23,4503.67,4494.36,4497.75
2026-05-26 17:00:00+00:00,4497.74,4499.0,4481.56,4484.06
2026-05-26 18:00:00+00:00,4484.05,4492.13,4475.71,4492.13
2026-05-26 19:00:00+00:00,4492.13,4502.32,4491.9,4501.34
2026-05-26 20:00:00+00:00,4502.0,4504.61,4499.45,4501.0
2026-05-26 21:00:00+00:00,4500.99,4502.33,4500.64,4502.33
2026-05-26 22:00:00+00:00,4502.33,4506.19,4495.0,4505.4
2026-05-26 23:00:00+00:00,4505.33,4518.59,4499.67,4512.39
2026-05-27 00:00:00+00:00,4512.38,4517.66,4508.11,4508.41
2026-05-27 01:00:00+00:00,4508.41,4511.7,4500.67,4501.66
2026-05-27 02:00:00+00:00,4501.34,4501.66,4492.34,4497.86
2026-05-27 03:00:00+00:00,4497.87,4502.97,4491.26,4491.27
2026-05-27 04:00:00+00:00,4491.27,4507.0,4490.77,4502.66
2026-05-27 05:00:00+00:00,4502.66,4504.98,4486.67,4491.51
2026-05-27 06:00:00+00:00,4491.5,4492.25,4476.1,4480.97
2026-05-27 07:00:00+00:00,4480.97,4483.98,4471.33,4475.36
2026-05-27 08:00:00+00:00,4475.35,4490.12,4475.35,4489.0
2026-05-27 09:00:00+00:00,4488.99,4489.2,4481.33,4484.96
2026-05-27 10:00:00+00:00,4484.67,4484.67,4441.9,4445.01
2026-05-27 11:00:00+00:00,4445.01,4451.25,4426.2,4428.29
2026-05-27 12:00:00+00:00,4428.3,4461.84,4428.3,4437.68
2026-05-27 13:00:00+00:00,4437.99,4438.0,4404.0,4425.61
2026-05-27 14:00:00+00:00,4426.2,4450.79,4425.86,4430.67
2026-05-27 15:00:00+00:00,4430.72,4438.96,4427.1,4433.47
2026-05-27 16:00:00+00:00,4433.47,4448.31,4432.26,4446.34
2026-05-27 17:00:00+00:00,4446.34,4448.48,4439.47,4446.67
2026-05-27 18:00:00+00:00,4446.45,4453.07,4444.16,4449.67
2026-05-27 19:00:00+00:00,4449.67,4450.19,4446.03,4446.75
2026-05-27 20:00:00+00:00,4446.74,4453.5,4446.74,4451.32
2026-05-27 21:00:00+00:00,4451.32,4451.32,4444.76,4446.59
2026-05-27 22:00:00+00:00,4446.6,4457.68,4446.6,4450.16
2026-05-27 23:00:00+00:00,4450.15,4450.16,4437.79,4441.0
2026-05-28 00:00:00+00:00,4441.0,4449.66,4438.34,4449.09
2026-05-28 01:00:00+00:00,4449.1,4450.5,4406.66,4408.8
2026-05-28 02:00:00+00:00,4408.8,4411.11,4394.1,4394.7
2026-05-28 03:00:00+00:00,4394.7,4396.32,4369.33,4374.68
2026-05-28 04:00:00+00:00,4374.62,4379.53,4367.0,4372.34
2026-05-28 05:00:00+00:00,4372.55,4391.33,4367.11,4385.7
2026-05-28 06:00:00+00:00,4386.01,4387.0,4374.33,4382.52
2026-05-28 07:00:00+00:00,4382.52,4393.39,4382.52,4388.32
2026-05-28 08:00:00+00:00,4388.32,4393.09,4385.0,4385.08
2026-05-28 09:00:00+00:00,4385.07,4395.75,4385.07,4390.76
2026-05-28 10:00:00+00:00,4390.75,4399.18,4375.25,4380.76
2026-05-28 11:00:00+00:00,4380.68,4387.25,4378.75,4384.98
2026-05-28 12:00:00+00:00,4384.99,4427.0,4377.68,4425.68
2026-05-28 13:00:00+00:00,4425.69,4431.5,4412.25,4423.34
2026-05-28 14:00:00+00:00,4423.34,4468.33,4415.33,4457.69
2026-05-28 15:00:00+00:00,4457.69,4473.0,4457.69,4469.94
2026-05-28 16:00:00+00:00,4469.94,4497.33,4466.38,4497.33
2026-05-28 17:00:00+00:00,4497.33,4500.63,4488.71,4494.1
2026-05-28 18:00:00+00:00,4494.1,4500.74,4485.25,4487.0
2026-05-28 19:00:00+00:00,4487.01,4488.99,4483.67,4484.19
2026-05-28 20:00:00+00:00,4484.18,4486.67,4481.26,4481.77
2026-05-28 21:00:00+00:00,4481.76,4481.76,4477.89,4479.08
2026-05-28 22:00:00+00:00,4479.08,4484.32,4477.3,4477.3
2026-05-28 23:00:00+00:00,4477.13,4482.67,4474.7,4479.68
2026-05-29 00:00:00+00:00,4479.68,4484.67,4477.8,4478.75
2026-05-29 01:00:00+00:00,4478.75,4503.08,4478.0,4493.33
2026-05-29 02:00:00+00:00,4493.27,4496.66,4485.7,4488.33
2026-05-29 03:00:00+00:00,4488.33,4488.33,4481.02,4484.97
2026-05-29 04:00:00+00:00,4484.97,4498.77,4484.97,4498.77
2026-05-29 05:00:00+00:00,4498.76,4500.6,4490.0,4499.31
2026-05-29 06:00:00+00:00,4499.33,4508.66,4497.67,4508.16
2026-05-29 07:00:00+00:00,4508.14,4509.31,4498.21,4507.39
2026-05-29 08:00:00+00:00,4507.39,4507.5,4495.95,4499.32
2026-05-29 09:00:00+00:00,4499.33,4521.88,4498.26,4515.66
2026-05-29 10:00:00+00:00,4515.67,4524.46,4510.02,4519.98
2026-05-29 11:00:00+00:00,4519.99,4521.0,4510.5,4519.95
2026-05-29 12:00:00+00:00,4519.95,4519.95,4496.51,4505.66
2026-05-29 13:00:00+00:00,4505.66,4520.83,4500.67,4517.73
2026-05-29 14:00:00+00:00,4517.73,4550.94,4508.75,4544.58
2026-05-29 15:00:00+00:00,4544.58,4572.72,4538.53,4549.67
2026-05-29 16:00:00+00:00,4549.67,4552.5,4540.67,4546.62
2026-05-29 17:00:00+00:00,4546.62,4547.0,4533.38,4534.2
2026-05-29 18:00:00+00:00,4534.19,4541.28,4532.67,4535.02
2026-05-29 19:00:00+00:00,4535.01,4540.0,4526.0,4527.25
2026-05-29 20:00:00+00:00,4527.25,4530.25,4521.01,4521.01
2026-05-29 21:00:00+00:00,4521.01,4522.39,4518.18,4521.26
2026-05-29 22:00:00+00:00,4521.27,4524.67,4519.34,4523.56
2026-05-29 23:00:00+00:00,4523.56,4524.0,4519.81,4522.4
2026-05-30 00:00:00+00:00,4522.4,4524.33,4518.87,4518.88
2026-05-30 01:00:00+00:00,4518.88,4522.92,4518.33,4520.78
2026-05-30 02:00:00+00:00,4520.79,4521.29,4518.79,4520.52
2026-05-30 03:00:00+00:00,4520.52,4520.52,4517.64,4518.33
2026-05-30 04:00:00+00:00,4518.33,4518.51,4511.41,4517.72
2026-05-30 05:00:00+00:00,4517.73,4519.19,4513.5,4515.58
2026-05-30 06:00:00+00:00,4515.58,4519.2,4513.96,4517.58
2026-05-30 07:00:00+00:00,4517.58,4517.59,4513.34,4513.47
2026-05-30 08:00:00+00:00,4513.47,4515.98,4513.2,4515.14
2026-05-30 09:00:00+00:00,4515.14,4518.0,4514.68,4517.24
2026-05-30 10:00:00+00:00,4517.24,4519.67,4516.2,4518.26
2026-05-30 11:00:00+00:00,4518.26,4518.26,4515.35,4515.69
2026-05-30 12:00:00+00:00,4515.69,4519.01,4514.95,4515.44
2026-05-30 13:00:00+00:00,4515.44,4517.35,4512.67,4515.25
2026-05-30 14:00:00+00:00,4515.25,4516.33,4513.33,4514.66
2026-05-30 15:00:00+00:00,4514.67,4514.67,4513.13,4514.38
2026-05-30 16:00:00+00:00,4514.39,4514.39,4512.08,4513.73
2026-05-30 17:00:00+00:00,4513.73,4514.07,4511.82,4513.0
2026-05-30 18:00:00+00:00,4513.01,4513.19,4511.23,4512.04
2026-05-30 19:00:00+00:00,4512.04,4512.3,4507.26,4512.29
2026-05-30 20:00:00+00:00,4512.3,4513.04,4509.72,4510.39
2026-05-30 21:00:00+00:00,4510.39,4510.65,4508.64,4509.3
2026-05-30 22:00:00+00:00,4509.3,4510.85,4507.67,4507.67
2026-05-30 23:00:00+00:00,4507.68,4509.17,4507.68,4508.49
2026-05-31 00:00:00+00:00,4508.49,4509.57,4508.0,4509.3
2026-05-31 01:00:00+00:00,4509.3,4513.54,4508.9,4509.0
2026-05-31 02:00:00+00:00,4509.0,4509.0,4505.69,4506.42
2026-05-31 03:00:00+00:00,4506.34,4507.88,4504.01,4507.73
2026-05-31 04:00:00+00:00,4507.74,4508.4,4505.61,4505.62
2026-05-31 05:00:00+00:00,4505.62,4523.91,4505.61,4523.67
2026-05-31 06:00:00+00:00,4523.67,4523.98,4521.61,4523.98
2026-05-31 07:00:00+00:00,4523.98,4524.82,4521.23,4521.9
2026-05-31 08:00:00+00:00,4521.9,4523.64,4521.67,4521.68
2026-05-31 09:00:00+00:00,4521.68,4522.33,4520.1,4522.33
2026-05-31 10:00:00+00:00,4522.5,4524.77,4520.4,4520.4
2026-05-31 11:00:00+00:00,4520.4,4520.78,4519.72,4520.78
2026-05-31 12:00:00+00:00,4520.79,4524.0,4520.78,4524.0
2026-05-31 13:00:00+00:00,4524.0,4525.11,4521.9,4521.9
2026-05-31 14:00:00+00:00,4521.91,4523.3,4519.81,4522.34
2026-05-31 15:00:00+00:00,4522.34,4522.34,4519.63,4521.56
2026-05-31 16:00:00+00:00,4521.57,4522.78,4521.56,4522.78
2026-05-31 17:00:00+00:00,4522.78,4523.16,4521.59,4521.6
2026-05-31 18:00:00+00:00,4521.6,4522.4,4521.59,4521.59
2026-05-31 19:00:00+00:00,4521.6,4521.6,4519.01,4519.34
2026-05-31 20:00:00+00:00,4519.34,4519.34,4517.67,4518.85
2026-05-31 21:00:00+00:00,4518.67,4521.62,4514.06,4516.33
2026-05-31 22:00:00+00:00,4516.21,4521.67,4501.16,4519.33
2026-05-31 23:00:00+00:00,4519.2,4526.63,4518.67,4523.33
2026-06-01 00:00:00+00:00,4523.33,4527.67,4518.48,4522.2
2026-06-01 01:00:00+00:00,4522.2,4522.95,4508.67,4510.0
2026-06-01 02:00:00+00:00,4510.0,4517.17,4505.41,4505.41
2026-06-01 03:00:00+00:00,4505.42,4508.71,4496.1,4499.98
2026-06-01 04:00:00+00:00,4499.97,4503.5,4494.36,4499.24
2026-06-01 05:00:00+00:00,4499.24,4507.79,4498.21,4502.67
2026-06-01 06:00:00+00:00,4502.33,4502.67,4487.11,4488.33
2026-06-01 07:00:00+00:00,4488.34,4495.27,4480.01,4488.59
2026-06-01 08:00:00+00:00,4488.6,4489.79,4478.82,4484.58
2026-06-01 09:00:00+00:00,4484.67,4491.95,4478.09,4482.83
2026-06-01 10:00:00+00:00,4482.83,4496.67,4482.83,4490.46
2026-06-01 11:00:00+00:00,4490.67,4498.67,4487.69,4492.53
2026-06-01 12:00:00+00:00,4492.33,4496.03,4486.0,4489.43
2026-06-01 13:00:00+00:00,4489.44,4490.28,4440.0,4441.45
2026-06-01 14:00:00+00:00,4441.45,4454.64,4439.77,4448.79
2026-06-01 15:00:00+00:00,4448.79,4468.33,4446.82,4463.37
2026-06-01 16:00:00+00:00,4463.38,4469.25,4453.0,4468.67
2026-06-01 17:00:00+00:00,4468.82,4481.67,4461.68,4475.03
2026-06-01 18:00:00+00:00,4475.03,4476.53,4473.0,4474.42
2026-06-01 19:00:00+00:00,4474.43,4474.77,4468.02,4468.22
2026-06-01 20:00:00+00:00,4468.22,4471.87,4468.22,4471.81
2026-06-01 21:00:00+00:00,4471.81,4472.51,4470.19,4471.7
2026-06-01 22:00:00+00:00,4471.7,4473.21,4468.34,4472.63
2026-06-01 23:00:00+00:00,4472.63,4473.89,4465.68,4469.46
2026-06-02 00:00:00+00:00,4469.46,4480.65,4462.45,4466.67
2026-06-02 01:00:00+00:00,4466.67,4475.23,4449.67,4459.0
2026-06-02 02:00:00+00:00,4458.78,4468.88,4457.0,4468.88
2026-06-02 03:00:00+00:00,4468.88,4480.43,4468.88,4479.85
2026-06-02 04:00:00+00:00,4479.84,4497.81,4479.76,4497.8
2026-06-02 05:00:00+00:00,4497.81,4508.33,4497.33,4499.81
2026-06-02 06:00:00+00:00,4499.82,4518.75,4499.82,4516.66
2026-06-02 07:00:00+00:00,4516.67,4521.38,4510.4,4514.24
2026-06-02 08:00:00+00:00,4514.49,4518.66,4508.34,4508.34
2026-06-02 09:00:00+00:00,4508.33,4514.99,4503.49,4509.76
2026-06-02 10:00:00+00:00,4509.77,4513.0,4506.02,4512.99
2026-06-02 11:00:00+00:00,4513.0,4513.85,4506.78,4507.01
2026-06-02 12:00:00+00:00,4507.01,4513.24,4495.37,4495.38
2026-06-02 13:00:00+00:00,4495.49,4503.33,4485.0,4485.0
2026-06-02 14:00:00+00:00,4485.0,4488.0,4470.29,4485.57
2026-06-02 15:00:00+00:00,4485.57,4489.66,4482.5,4483.25
2026-06-02 16:00:00+00:00,4483.25,4483.26,4469.52,4473.01
2026-06-02 17:00:00+00:00,4473.01,4475.0,4464.6,4465.67
2026-06-02 18:00:00+00:00,4465.67,4471.0,4461.39,4467.78
2026-06-02 19:00:00+00:00,4467.78,4469.92,4463.96,4467.87
2026-06-02 20:00:00+00:00,4467.87,4470.0,4466.6,4468.74
2026-06-02 21:00:00+00:00,4468.74,4468.75,4463.79,4464.19
2026-06-02 22:00:00+00:00,4464.19,4472.08,4464.19,4465.0
2026-06-02 23:00:00+00:00,4464.62,4466.17,4442.5,4453.41
2026-06-03 00:00:00+00:00,4452.97,4473.24,4452.97,4465.67
2026-06-03 01:00:00+00:00,4465.67,4466.02,4445.28,4454.8
2026-06-03 02:00:00+00:00,4454.8,4462.41,4452.57,4459.42
2026-06-03 03:00:00+00:00,4459.65,4465.2,4459.65,4461.79
2026-06-03 04:00:00+00:00,4461.8,4464.0,4448.36,4449.2
2026-06-03 05:00:00+00:00,4449.19,4452.73,4437.3,4437.31
2026-06-03 06:00:00+00:00,4437.31,4448.83,4436.89,4441.0
2026-06-03 07:00:00+00:00,4441.0,4449.24,4434.0,4434.83
2026-06-03 08:00:00+00:00,4434.77,4438.31,4422.11,4423.87
2026-06-03 09:00:00+00:00,4423.87,4437.62,4421.18,4422.23
2026-06-03 10:00:00+00:00,4422.23,4445.82,4421.86,4438.84
2026-06-03 11:00:00+00:00,4438.84,4446.16,4438.67,4441.0
2026-06-03 12:00:00+00:00,4441.0,4445.12,4429.78,4439.83
2026-06-03 13:00:00+00:00,4439.82,4444.54,4409.33,4426.74
2026-06-03 14:00:00+00:00,4426.74,4438.3,4423.5,4436.33
2026-06-03 15:00:00+00:00,4436.33,4436.83,4418.07,4421.78
2026-06-03 16:00:00+00:00,4421.78,4422.83,4414.83,4421.66
2026-06-03 17:00:00+00:00,4421.67,4427.32,4417.33,4418.94
2026-06-03 18:00:00+00:00,4418.94,4420.91,4415.95,4420.9
2026-06-03 19:00:00+00:00,4420.9,4430.28,4420.75,4423.18
2026-06-03 20:00:00+00:00,4423.18,4423.33,4410.49,4412.14
2026-06-03 21:00:00+00:00,4412.14,4422.0,4412.04,4422.0
2026-06-03 22:00:00+00:00,4421.99,4429.34,4403.94,4425.69
2026-06-03 23:00:00+00:00,4425.7,4439.99,4423.02,4434.4
2026-06-04 00:00:00+00:00,4434.39,4441.1,4422.5,4424.53
2026-06-04 01:00:00+00:00,4424.52,4448.9,4420.87,4441.5
2026-06-04 02:00:00+00:00,4441.5,4452.9,4434.33,4452.25
2026-06-04 03:00:00+00:00,4452.25,4454.17,4437.57,4441.93
2026-06-04 04:00:00+00:00,4442.0,4461.45,4441.76,4457.84
2026-06-04 05:00:00+00:00,4457.87,4459.32,4445.97,4447.32
2026-06-04 06:00:00+00:00,4447.28,4454.33,4442.9,4446.49
2026-06-04 07:00:00+00:00,4446.5,4448.58,4438.35,4439.12
2026-06-04 08:00:00+00:00,4439.13,4445.99,4438.11,4442.17
2026-06-04 09:00:00+00:00,4442.16,4451.68,4439.55,4448.35
2026-06-04 10:00:00+00:00,4448.34,4449.55,4442.31,4449.49
2026-06-04 11:00:00+00:00,4449.49,4489.83,4446.64,4488.5
2026-06-04 12:00:00+00:00,4488.5,4489.67,4468.33,4480.99
2026-06-04 13:00:00+00:00,4480.85,4489.9,4473.17,4473.17
2026-06-04 14:00:00+00:00,4473.14,4476.33,4436.34,4443.33
2026-06-04 15:00:00+00:00,4443.33,4455.68,4441.95,4455.13
2026-06-04 16:00:00+00:00,4455.14,4461.2,4454.46,4459.69
2026-06-04 17:00:00+00:00,4459.69,4459.69,4451.22,4455.28
2026-06-04 18:00:00+00:00,4455.28,4458.49,4450.77,4455.56
2026-06-04 19:00:00+00:00,4455.67,4459.67,4454.45,4458.64
2026-06-04 20:00:00+00:00,4458.65,4458.65,4453.3,4454.68
2026-06-04 21:00:00+00:00,4454.5,4454.69,4448.84,4450.4
2026-06-04 22:00:00+00:00,4450.41,4457.17,4447.41,4447.41
2026-06-04 23:00:00+00:00,4447.41,4449.83,4439.18,4439.18
2026-06-05 00:00:00+00:00,4439.17,4443.16,4430.01,4436.78
2026-06-05 01:00:00+00:00,4436.78,4444.66,4422.85,4424.33
2026-06-05 02:00:00+00:00,4424.38,4432.32,4417.32,4418.99
2026-06-05 03:00:00+00:00,4418.99,4420.83,4414.29,4419.62
2026-06-05 04:00:00+00:00,4419.63,4424.11,4417.18,4423.5
2026-06-05 05:00:00+00:00,4423.5,4427.67,4419.51,4420.17
2026-06-05 06:00:00+00:00,4420.17,4433.4,4408.23,4430.51
2026-06-05 07:00:00+00:00,4430.66,4444.67,4430.66,4441.1
2026-06-05 08:00:00+00:00,4441.1,4445.17,4438.9,4439.67
2026-06-05 09:00:00+00:00,4439.67,4446.19,4437.67,4441.99
2026-06-05 10:00:00+00:00,4441.99,4443.17,4438.54,4443.14
2026-06-05 11:00:00+00:00,4443.14,4449.29,4436.66,4445.49
2026-06-05 12:00:00+00:00,4445.5,4451.39,4386.23,4387.02
2026-06-05 13:00:00+00:00,4387.02,4400.57,4347.83,4348.26
2026-06-05 14:00:00+00:00,4348.26,4360.83,4327.89,4352.14
2026-06-05 15:00:00+00:00,4352.15,4354.36,4316.07,4317.01
2026-06-05 16:00:00+00:00,4317.0,4328.83,4308.33,4328.83
2026-06-05 17:00:00+00:00,4329.0,4330.83,4320.17,4325.18
2026-06-05 18:00:00+00:00,4325.18,4325.49,4298.74,4305.17
2026-06-05 19:00:00+00:00,4305.0,4305.32,4294.68,4299.43
2026-06-05 20:00:00+00:00,4299.43,4311.99,4293.32,4310.33
2026-06-05 21:00:00+00:00,4310.49,4314.33,4307.31,4314.33
2026-06-05 22:00:00+00:00,4314.33,4315.61,4305.01,4305.01
2026-06-05 23:00:00+00:00,4305.36,4306.32,4299.84,4301.61
2026-06-06 00:00:00+00:00,4301.83,4311.67,4301.82,4311.32
2026-06-06 01:00:00+00:00,4311.32,4311.33,4303.19,4303.33
2026-06-06 02:00:00+00:00,4303.34,4304.28,4300.38,4304.24
2026-06-06 03:00:00+00:00,4304.25,4304.25,4300.0,4300.0
2026-06-06 04:00:00+00:00,4300.0,4301.15,4288.17,4289.0
2026-06-06 05:00:00+00:00,4289.0,4295.33,4280.37,4294.85
2026-06-06 06:00:00+00:00,4294.85,4299.78,4291.18,4291.33
2026-06-06 07:00:00+00:00,4291.33,4296.67,4290.0,4290.83
2026-06-06 08:00:00+00:00,4290.83,4295.33,4290.83,4292.28
2026-06-06 09:00:00+00:00,4292.27,4293.82,4289.65,4290.04
2026-06-06 10:00:00+00:00,4290.04,4290.04,4282.22,4283.83
2026-06-06 11:00:00+00:00,4283.82,4289.83,4283.82,4289.15
2026-06-06 12:00:00+00:00,4289.15,4290.66,4285.5,4286.68
2026-06-06 13:00:00+00:00,4286.68,4290.49,4286.0,4288.18
2026-06-06 14:00:00+00:00,4288.18,4290.5,4284.51,4284.51
2026-06-06 15:00:00+00:00,4284.51,4285.74,4282.24,4282.99
2026-06-06 16:00:00+00:00,4282.95,4286.83,4282.95,4285.83
2026-06-06 17:00:00+00:00,4286.17,4292.17,4286.17,4291.33
2026-06-06 18:00:00+00:00,4291.5,4292.3,4288.12,4288.51
2026-06-06 19:00:00+00:00,4288.5,4289.61,4286.67,4287.82
2026-06-06 20:00:00+00:00,4287.82,4287.83,4286.51,4286.67
2026-06-06 21:00:00+00:00,4286.67,4287.31,4278.5,4282.93
2026-06-06 22:00:00+00:00,4282.94,4286.18,4282.85,4285.66
2026-06-06 23:00:00+00:00,4285.67,4291.96,4285.67,4291.94
2026-06-07 00:00:00+00:00,4291.95,4292.67,4289.17,4290.17
2026-06-07 01:00:00+00:00,4290.17,4301.83,4290.17,4301.33
2026-06-07 02:00:00+00:00,4301.33,4302.66,4298.5,4302.4
2026-06-07 03:00:00+00:00,4302.4,4302.91,4297.35,4299.08
2026-06-07 04:00:00+00:00,4299.17,4300.66,4296.0,4300.5
2026-06-07 05:00:00+00:00,4300.49,4301.7,4298.05,4300.99
2026-06-07 06:00:00+00:00,4300.99,4305.72,4299.29,4305.46
2026-06-07 07:00:00+00:00,4305.46,4305.94,4302.32,4305.94
2026-06-07 08:00:00+00:00,4305.96,4313.82,4304.67,4313.81
2026-06-07 09:00:00+00:00,4313.81,4314.26,4304.6,4309.57
2026-06-07 10:00:00+00:00,4309.55,4309.55,4303.48,4303.94
2026-06-07 11:00:00+00:00,4303.93,4306.65,4302.13,4305.48
2026-06-07 12:00:00+00:00,4305.47,4305.47,4298.37,4298.94
2026-06-07 13:00:00+00:00,4298.93,4298.93,4290.39,4295.65
2026-06-07 14:00:00+00:00,4295.65,4305.05,4295.65,4299.27
2026-06-07 15:00:00+00:00,4299.28,4302.96,4298.44,4299.44
2026-06-07 16:00:00+00:00,4299.43,4303.74,4299.28,4302.07
2026-06-07 17:00:00+00:00,4302.07,4305.69,4302.07,4304.54
2026-06-07 18:00:00+00:00,4304.54,4306.04,4303.12,4303.12
2026-06-07 19:00:00+00:00,4303.1,4303.4,4293.27,4302.21
2026-06-07 20:00:00+00:00,4302.19,4303.57,4299.31,4300.02
2026-06-07 21:00:00+00:00,4300.02,4310.0,4299.13,4299.9
2026-06-07 22:00:00+00:00,4299.12,4314.99,4292.78,4298.87
2026-06-07 23:00:00+00:00,4299.11,4325.82,4299.11,4324.17
2026-06-08 00:00:00+00:00,4324.0,4333.42,4321.5,4323.43
2026-06-08 01:00:00+00:00,4323.32,4325.0,4282.37,4306.83
2026-06-08 02:00:00+00:00,4307.0,4310.5,4290.68,4292.67
2026-06-08 03:00:00+00:00,4293.34,4297.67,4287.4,4297.67
2026-06-08 04:00:00+00:00,4297.83,4301.83,4289.25,4293.18
2026-06-08 05:00:00+00:00,4293.61,4295.89,4251.59,4273.83
2026-06-08 06:00:00+00:00,4273.83,4291.41,4273.83,4281.83
2026-06-08 07:00:00+00:00,4281.99,4297.0,4278.0,4278.12
2026-06-08 08:00:00+00:00,4278.13,4279.18,4268.51,4271.62
2026-06-08 09:00:00+00:00,4272.16,4282.83,4257.0,4275.83
2026-06-08 10:00:00+00:00,4276.0,4286.99,4269.3,4284.33
2026-06-08 11:00:00+00:00,4284.32,4314.56,4280.67,4312.5
2026-06-08 12:00:00+00:00,4312.66,4319.46,4301.5,4314.34
2026-06-08 13:00:00+00:00,4314.33,4324.99,4303.53,4308.68
2026-06-08 14:00:00+00:00,4308.68,4311.88,4298.2,4311.88
2026-06-08 15:00:00+00:00,4312.0,4324.83,4305.83,4321.67
2026-06-08 16:00:00+00:00,4321.68,4326.2,4319.17,4320.62
2026-06-08 17:00:00+00:00,4320.67,4321.5,4313.06,4317.82
2026-06-08 18:00:00+00:00,4317.83,4324.95,4314.33,4314.68
2026-06-08 19:00:00+00:00,4314.68,4317.32,4306.54,4308.0
2026-06-08 20:00:00+00:00,4307.99,4310.67,4307.27,4310.62
2026-06-08 21:00:00+00:00,4310.63,4317.49,4310.63,4317.09
2026-06-08 22:00:00+00:00,4317.09,4317.09,4306.18,4310.48
2026-06-08 23:00:00+00:00,4310.47,4310.48,4295.0,4297.42
2026-06-09 00:00:00+00:00,4297.49,4303.32,4295.67,4300.0
2026-06-09 01:00:00+00:00,4299.81,4318.16,4299.33,4317.39
2026-06-09 02:00:00+00:00,4316.98,4320.32,4310.33,4316.68
2026-06-09 03:00:00+00:00,4316.67,4321.44,4312.95,4316.83
2026-06-09 04:00:00+00:00,4316.81,4318.82,4306.8,4311.91
2026-06-09 05:00:00+00:00,4311.92,4331.05,4311.92,4325.49
2026-06-09 06:00:00+00:00,4325.34,4329.15,4313.95,4314.33
2026-06-09 07:00:00+00:00,4314.18,4316.5,4306.31,4308.33
2026-06-09 08:00:00+00:00,4308.32,4316.49,4303.5,4307.83
2026-06-09 09:00:00+00:00,4307.83,4315.49,4306.46,4312.83
2026-06-09 10:00:00+00:00,4313.0,4320.04,4307.4,4320.04
2026-06-09 11:00:00+00:00,4319.83,4323.15,4316.84,4321.15
2026-06-09 12:00:00+00:00,4321.1,4324.57,4316.61,4321.69
2026-06-09 13:00:00+00:00,4321.69,4343.76,4307.88,4311.18
2026-06-09 14:00:00+00:00,4311.62,4317.49,4262.95,4283.33
2026-06-09 15:00:00+00:00,4283.35,4284.33,4248.92,4258.67
2026-06-09 16:00:00+00:00,4258.52,4264.53,4222.06,4238.0
2026-06-09 17:00:00+00:00,4238.17,4254.12,4237.9,4249.19
2026-06-09 18:00:00+00:00,4249.18,4258.43,4246.35,4256.32
2026-06-09 19:00:00+00:00,4256.32,4256.5,4238.0,4245.0
2026-06-09 20:00:00+00:00,4244.99,4249.33,4243.67,4247.51
2026-06-09 21:00:00+00:00,4247.51,4248.33,4243.64,4244.0
2026-06-09 22:00:00+00:00,4243.99,4243.99,4221.0,4224.07
2026-06-09 23:00:00+00:00,4224.0,4232.32,4199.0,4209.08
2026-06-10 00:00:00+00:00,4209.07,4214.65,4188.01,4205.83
2026-06-10 01:00:00+00:00,4205.83,4205.83,4174.51,4178.33
2026-06-10 02:00:00+00:00,4178.33,4180.0,4162.96,4163.57
2026-06-10 03:00:00+00:00,4163.57,4175.53,4162.57,4174.68
2026-06-10 04:00:00+00:00,4174.69,4176.82,4162.0,4166.67
2026-06-10 05:00:00+00:00,4166.8,4196.82,4165.0,4194.67
2026-06-10 06:00:00+00:00,4194.68,4208.49,4190.67,4192.05
2026-06-10 07:00:00+00:00,4192.0,4195.26,4173.17,4176.33
2026-06-10 08:00:00+00:00,4176.18,4176.78,4152.2,4160.17
2026-06-10 09:00:00+00:00,4160.01,4167.95,4153.77,4158.99
2026-06-10 10:00:00+00:00,4159.0,4167.29,4146.84,4163.73
2026-06-10 11:00:00+00:00,4163.72,4165.48,4134.74,4136.76
2026-06-10 12:00:00+00:00,4136.75,4163.28,4121.16,4136.44
2026-06-10 13:00:00+00:00,4136.43,4172.84,4121.75,4166.98
2026-06-10 14:00:00+00:00,4166.98,4167.19,4108.9,4115.78
2026-06-10 15:00:00+00:00,4115.77,4127.69,4100.1,4120.17
2026-06-10 16:00:00+00:00,4120.17,4126.39,4109.0,4114.09
2026-06-10 17:00:00+00:00,4114.1,4125.15,4095.57,4106.25
2026-06-10 18:00:00+00:00,4106.26,4114.27,4092.68,4096.16
2026-06-10 19:00:00+00:00,4096.17,4096.81,4076.72,4078.5
2026-06-10 20:00:00+00:00,4078.5,4078.5,4062.0,4066.33
2026-06-10 21:00:00+00:00,4066.33,4070.67,4066.33,4069.66
2026-06-10 22:00:00+00:00,4069.67,4069.67,4033.0,4041.63
2026-06-10 23:00:00+00:00,4041.64,4061.0,4020.0,4044.33
2026-06-11 00:00:00+00:00,4044.18,4074.53,4034.63,4072.84
2026-06-11 01:00:00+00:00,4072.84,4111.83,4063.67,4096.99
2026-06-11 02:00:00+00:00,4096.99,4097.2,4052.0,4066.35
2026-06-11 03:00:00+00:00,4066.35,4077.07,4056.69,4073.67
2026-06-11 04:00:00+00:00,4073.68,4084.78,4070.83,4080.57
2026-06-11 05:00:00+00:00,4080.56,4101.83,4071.18,4091.22
2026-06-11 06:00:00+00:00,4091.21,4093.16,4074.59,4090.22
2026-06-11 07:00:00+00:00,4090.22,4105.8,4088.0,4102.1
2026-06-11 08:00:00+00:00,4102.1,4108.82,4082.25,4082.25
2026-06-11 09:00:00+00:00,4082.25,4091.33,4074.82,4087.17
2026-06-11 10:00:00+00:00,4087.17,4089.67,4081.67,4084.45
2026-06-11 11:00:00+00:00,4084.45,4090.29,4076.65,4076.65
2026-06-11 12:00:00+00:00,4076.65,4082.19,4053.0,4076.72
2026-06-11 13:00:00+00:00,4076.72,4088.79,4063.43,4079.35
2026-06-11 14:00:00+00:00,4079.36,4081.52,4050.54,4068.9
2026-06-11 15:00:00+00:00,4068.9,4088.8,4065.19,4083.65
2026-06-11 16:00:00+00:00,4083.65,4100.48,4073.02,4074.21
2026-06-11 17:00:00+00:00,4074.22,4158.0,4065.99,4139.72
2026-06-11 18:00:00+00:00,4139.73,4158.94,4120.5,4149.67
2026-06-11 19:00:00+00:00,4149.83,4203.36,4149.83,4192.57
2026-06-11 20:00:00+00:00,4192.66,4201.61,4192.5,4195.43
2026-06-11 21:00:00+00:00,4195.44,4196.6,4189.63,4194.49
2026-06-11 22:00:00+00:00,4194.5,4228.65,4189.77,4225.79
2026-06-11 23:00:00+00:00,4225.8,4228.0,4197.97,4203.82
2026-06-12 00:00:00+00:00,4203.83,4213.37,4185.24,4191.06
2026-06-12 01:00:00+00:00,4191.17,4193.67,4156.86,4171.23
2026-06-12 02:00:00+00:00,4171.23,4183.17,4169.0,4176.53
2026-06-12 03:00:00+00:00,4176.52,4188.34,4175.33,4182.5
2026-06-12 04:00:00+00:00,4182.51,4185.08,4176.12,4176.12
2026-06-12 05:00:00+00:00,4176.13,4177.67,4158.68,4159.67
2026-06-12 06:00:00+00:00,4159.67,4170.67,4159.67,4170.31
2026-06-12 07:00:00+00:00,4170.32,4175.8,4155.49,4175.72
2026-06-12 08:00:00+00:00,4175.72,4208.62,4174.03,4204.07
2026-06-12 09:00:00+00:00,4204.08,4211.32,4202.5,4205.53
2026-06-12 10:00:00+00:00,4205.54,4207.75,4188.0,4196.03
2026-06-12 11:00:00+00:00,4196.04,4198.65,4181.83,4191.33
2026-06-12 12:00:00+00:00,4191.33,4198.0,4177.67,4180.51
2026-06-12 13:00:00+00:00,4180.5,4196.15,4170.75,4173.35
2026-06-12 14:00:00+00:00,4173.34,4195.53,4167.24,4192.01
2026-06-12 15:00:00+00:00,4192.0,4221.52,4188.69,4198.85
2026-06-12 16:00:00+00:00,4198.85,4219.2,4195.06,4203.17
2026-06-12 17:00:00+00:00,4203.17,4212.0,4201.83,4207.13
2026-06-12 18:00:00+00:00,4207.13,4219.33,4202.35,4202.54
2026-06-12 19:00:00+00:00,4202.53,4206.17,4187.83,4196.92
2026-06-12 20:00:00+00:00,4196.91,4203.67,4196.53,4203.67
2026-06-12 21:00:00+00:00,4203.66,4203.67,4199.5,4200.05
2026-06-12 22:00:00+00:00,4200.13,4200.9,4198.3,4200.77
2026-06-12 23:00:00+00:00,4200.77,4203.25,4199.94,4203.25
2026-06-13 00:00:00+00:00,4203.24,4203.5,4203.04,4203.11
2026-06-13 01:00:00+00:00,4203.12,4203.36,4200.0,4202.65
2026-06-13 02:00:00+00:00,4202.65,4203.2,4200.08,4200.63
2026-06-13 03:00:00+00:00,4200.64,4203.0,4198.75,4202.51
2026-06-13 04:00:00+00:00,4202.51,4205.33,4201.0,4203.51
2026-06-13 05:00:00+00:00,4203.51,4203.52,4202.0,4202.76
2026-06-13 06:00:00+00:00,4202.76,4203.48,4201.19,4203.46
2026-06-13 07:00:00+00:00,4203.46,4208.77,4203.45,4205.01
2026-06-13 08:00:00+00:00,4205.01,4206.87,4201.73,4201.74
2026-06-13 09:00:00+00:00,4201.73,4203.95,4201.73,4202.68
2026-06-13 10:00:00+00:00,4202.67,4202.9,4202.03,4202.89
2026-06-13 11:00:00+00:00,4202.89,4202.9,4202.89,4202.9
2026-06-13 12:00:00+00:00,4202.89,4207.17,4202.89,4207.17
2026-06-13 13:00:00+00:00,4207.16,4208.99,4206.25,4208.84
2026-06-13 14:00:00+00:00,4208.84,4208.98,4204.23,4207.19
2026-06-13 15:00:00+00:00,4207.19,4211.77,4207.18,4209.9
2026-06-13 16:00:00+00:00,4209.91,4212.86,4195.83,4209.72
2026-06-13 17:00:00+00:00,4209.71,4209.72,4207.85,4207.87
2026-06-13 18:00:00+00:00,4207.86,4208.27,4207.86,4208.27
2026-06-13 19:00:00+00:00,4208.27,4210.13,4208.26,4210.13
2026-06-13 20:00:00+00:00,4210.12,4210.13,4210.12,4210.13
2026-06-13 21:00:00+00:00,4210.12,4214.56,4210.12,4214.55
2026-06-13 22:00:00+00:00,4214.56,4215.36,4214.55,4215.36
2026-06-13 23:00:00+00:00,4215.35,4215.36,4213.76,4213.77
2026-06-14 00:00:00+00:00,4213.76,4215.03,4213.76,4215.02
2026-06-14 01:00:00+00:00,4215.03,4215.03,4215.02,4215.03
2026-06-14 02:00:00+00:00,4215.02,4215.03,4213.63,4213.81
2026-06-14 03:00:00+00:00,4213.8,4213.81,4213.8,4213.8
2026-06-14 04:00:00+00:00,4213.8,4214.61,4213.8,4214.61
2026-06-14 05:00:00+00:00,4214.6,4218.25,4214.6,4218.25
2026-06-14 06:00:00+00:00,4218.24,4218.92,4218.24,4218.91
2026-06-14 07:00:00+00:00,4218.92,4218.92,4217.6,4217.6
2026-06-14 08:00:00+00:00,4217.6,4222.83,4217.6,4220.38
2026-06-14 09:00:00+00:00,4220.37,4221.15,4217.59,4217.6
2026-06-14 10:00:00+00:00,4217.59,4219.0,4216.6,4217.44
2026-06-14 11:00:00+00:00,4217.44,4217.45,4217.33,4217.33
2026-06-14 12:00:00+00:00,4217.33,4218.5,4216.54,4216.55
2026-06-14 13:00:00+00:00,4216.55,4217.67,4207.9,4207.91
2026-06-14 14:00:00+00:00,4207.9,4218.83,4207.9,4218.68
2026-06-14 15:00:00+00:00,4218.67,4222.92,4213.85,4215.07
2026-06-14 16:00:00+00:00,4215.08,4218.75,4213.5,4216.74
2026-06-14 17:00:00+00:00,4216.74,4217.27,4215.18,4215.18
2026-06-14 18:00:00+00:00,4215.19,4215.19,4211.14,4213.17
2026-06-14 19:00:00+00:00,4213.16,4214.77,4212.99,4214.76
2026-06-14 20:00:00+00:00,4214.77,4216.93,4212.17,4214.79
2026-06-14 21:00:00+00:00,4214.79,4282.34,4214.78,4274.6
2026-06-14 22:00:00+00:00,4274.61,4296.21,4254.46,4274.0
2026-06-14 23:00:00+00:00,4273.84,4281.17,4268.1,4281.04
2026-06-15 00:00:00+00:00,4281.04,4292.85,4277.83,4277.84
2026-06-15 01:00:00+00:00,4277.84,4302.67,4271.96,4300.58
2026-06-15 02:00:00+00:00,4300.58,4316.6,4300.57,4311.66
2026-06-15 03:00:00+00:00,4311.66,4313.0,4304.25,4307.1
2026-06-15 04:00:00+00:00,4307.1,4311.5,4304.81,4310.85
2026-06-15 05:00:00+00:00,4310.84,4314.5,4290.85,4293.0
2026-06-15 06:00:00+00:00,4293.01,4295.0,4287.16,4292.67
2026-06-15 07:00:00+00:00,4292.66,4306.2,4290.22,4305.34
2026-06-15 08:00:00+00:00,4305.22,4326.53,4304.67,4317.94
2026-06-15 09:00:00+00:00,4317.95,4325.96,4317.94,4320.91
2026-06-15 10:00:00+00:00,4320.9,4323.83,4319.15,4321.41
2026-06-15 11:00:00+00:00,4321.41,4329.53,4316.15,4317.56
2026-06-15 12:00:00+00:00,4317.57,4331.33,4307.18,4331.33
2026-06-15 13:00:00+00:00,4331.33,4349.57,4324.31,4337.05
2026-06-15 14:00:00+00:00,4337.06,4350.0,4335.89,4338.89
2026-06-15 15:00:00+00:00,4338.9,4342.84,4332.64,4338.78
2026-06-15 16:00:00+00:00,4338.79,4340.55,4315.47,4320.91
2026-06-15 17:00:00+00:00,4320.91,4320.91,4302.17,4305.21
2026-06-15 18:00:00+00:00,4305.21,4309.18,4300.0,4306.52
2026-06-15 19:00:00+00:00,4306.53,4307.24,4298.67,4302.16
2026-06-15 20:00:00+00:00,4302.17,4303.09,4290.62,4291.99
2026-06-15 21:00:00+00:00,4292.0,4292.87,4290.28,4290.84
2026-06-15 22:00:00+00:00,4290.83,4297.17,4288.9,4294.61
2026-06-15 23:00:00+00:00,4294.61,4300.58,4294.61,4299.0
2026-06-16 00:00:00+00:00,4298.77,4301.98,4289.28,4301.32
2026-06-16 01:00:00+00:00,4301.33,4306.66,4295.1,4296.26
2026-06-16 02:00:00+00:00,4296.27,4301.55,4291.32,4300.85
2026-06-16 03:00:00+00:00,4300.86,4314.45,4299.21,4313.16
2026-06-16 04:00:00+00:00,4313.15,4314.05,4303.47,4304.25
2026-06-16 05:00:00+00:00,4304.24,4311.83,4297.59,4298.77
2026-06-16 06:00:00+00:00,4298.78,4307.3,4297.42,4307.16
2026-06-16 07:00:00+00:00,4307.17,4317.18,4306.13,4316.82
2026-06-16 08:00:00+00:00,4316.82,4329.44,4314.78,4329.18
2026-06-16 09:00:00+00:00,4329.19,4329.66,4321.35,4327.17
2026-06-16 10:00:00+00:00,4327.18,4330.17,4324.45,4329.54
2026-06-16 11:00:00+00:00,4329.54,4330.23,4318.0,4323.56
2026-06-16 12:00:00+00:00,4323.56,4336.84,4321.0,4336.83
2026-06-16 13:00:00+00:00,4336.84,4336.84,4315.03,4315.03
2026-06-16 14:00:00+00:00,4315.04,4320.97,4296.59,4306.7
2026-06-16 15:00:00+00:00,4306.7,4324.3,4305.14,4317.48
2026-06-16 16:00:00+00:00,4317.49,4328.15,4317.48,4322.19
2026-06-16 17:00:00+00:00,4322.18,4323.46,4309.32,4322.8
2026-06-16 18:00:00+00:00,4322.8,4325.64,4319.3,4321.02
2026-06-16 19:00:00+00:00,4321.03,4324.71,4315.56,4317.23
2026-06-16 20:00:00+00:00,4317.23,4317.77,4315.3,4315.53
2026-06-16 21:00:00+00:00,4315.53,4315.53,4313.46,4313.67
2026-06-16 22:00:00+00:00,4313.67,4315.68,4311.11,4315.58
2026-06-16 23:00:00+00:00,4315.58,4318.35,4311.21,4312.43
2026-06-17 00:00:00+00:00,4312.43,4322.33,4310.67,4318.21
2026-06-17 01:00:00+00:00,4318.2,4330.31,4316.39,4324.14
2026-06-17 02:00:00+00:00,4324.14,4327.39,4314.19,4314.81
2026-06-17 03:00:00+00:00,4314.81,4317.17,4312.83,4314.58
2026-06-17 04:00:00+00:00,4314.59,4316.65,4302.77,4310.57
2026-06-17 05:00:00+00:00,4310.56,4315.75,4305.45,4309.57
2026-06-17 06:00:00+00:00,4309.57,4319.19,4304.98,4312.84
2026-06-17 07:00:00+00:00,4312.83,4313.84,4307.85,4307.96
2026-06-17 08:00:00+00:00,4307.97,4308.95,4299.14,4306.52
2026-06-17 09:00:00+00:00,4306.51,4316.75,4305.08,4309.39
2026-06-17 10:00:00+00:00,4309.39,4315.89,4308.76,4313.22
2026-06-17 11:00:00+00:00,4313.23,4313.23,4302.94,4304.47
2026-06-17 12:00:00+00:00,4304.53,4315.33,4302.28,4315.09
2026-06-17 13:00:00+00:00,4315.09,4326.0,4306.46,4320.97
2026-06-17 14:00:00+00:00,4320.93,4342.74,4312.01,4324.25
2026-06-17 15:00:00+00:00,4324.24,4343.61,4323.67,4342.21
2026-06-17 16:00:00+00:00,4342.21,4345.99,4336.32,4338.98
2026-06-17 17:00:00+00:00,4338.97,4361.0,4335.11,4359.05
2026-06-17 18:00:00+00:00,4358.89,4358.89,4256.01,4271.48
2026-06-17 19:00:00+00:00,4271.48,4280.19,4207.0,4222.6
2026-06-17 20:00:00+00:00,4222.47,4252.62,4221.97,4241.99
2026-06-17 21:00:00+00:00,4241.9,4243.54,4237.28,4239.51
2026-06-17 22:00:00+00:00,4239.5,4253.89,4238.97,4251.02
2026-06-17 23:00:00+00:00,4250.86,4265.32,4248.6,4263.0
2026-06-18 00:00:00+00:00,4263.2,4296.66,4262.77,4292.39
2026-06-18 01:00:00+00:00,4292.05,4309.82,4290.82,4300.65
2026-06-18 02:00:00+00:00,4300.67,4311.09,4294.14,4294.22
2026-06-18 03:00:00+00:00,4294.14,4303.47,4292.04,4301.5
2026-06-18 04:00:00+00:00,4301.5,4304.27,4291.55,4296.53
2026-06-18 05:00:00+00:00,4296.15,4304.77,4285.32,4290.69
2026-06-18 06:00:00+00:00,4290.7,4292.02,4280.13,4288.98
2026-06-18 07:00:00+00:00,4288.97,4291.34,4271.83,4272.04
2026-06-18 08:00:00+00:00,4272.33,4275.18,4251.24,4251.99
2026-06-18 09:00:00+00:00,4251.98,4257.45,4245.76,4253.47
2026-06-18 10:00:00+00:00,4253.54,4255.34,4240.01,4240.22
2026-06-18 11:00:00+00:00,4240.22,4240.23,4223.78,4225.51
2026-06-18 12:00:00+00:00,4225.52,4251.88,4224.62,4231.28
2026-06-18 13:00:00+00:00,4231.05,4261.44,4229.69,4242.26
2026-06-18 14:00:00+00:00,4242.26,4243.34,4224.0,4239.82
2026-06-18 15:00:00+00:00,4239.83,4241.11,4211.15,4213.63
2026-06-18 16:00:00+00:00,4213.45,4219.59,4203.03,4207.71
2026-06-18 17:00:00+00:00,4207.75,4219.38,4207.75,4218.01
2026-06-18 18:00:00+00:00,4218.01,4218.91,4208.0,4208.0
2026-06-18 19:00:00+00:00,4207.98,4207.98,4187.84,4204.06
2026-06-18 20:00:00+00:00,4204.07,4206.64,4197.03,4197.79
2026-06-18 21:00:00+00:00,4197.79,4208.49,4197.79,4202.72
2026-06-18 22:00:00+00:00,4202.72,4203.12,4193.49,4197.7
2026-06-18 23:00:00+00:00,4197.71,4197.71,4176.47,4177.17
2026-06-19 00:00:00+00:00,4177.18,4185.73,4173.35,4179.62
2026-06-19 01:00:00+00:00,4179.62,4182.86,4172.64,4173.27
2026-06-19 02:00:00+00:00,4173.26,4174.35,4160.11,4164.65
2026-06-19 03:00:00+00:00,4164.65,4164.66,4136.91,4142.22
2026-06-19 04:00:00+00:00,4142.68,4144.33,4117.18,4117.69
2026-06-19 05:00:00+00:00,4117.69,4133.66,4113.83,4132.52
2026-06-19 06:00:00+00:00,4132.52,4140.91,4124.12,4138.79
2026-06-19 07:00:00+00:00,4138.8,4151.52,4138.8,4147.5
2026-06-19 08:00:00+00:00,4147.49,4167.02,4145.32,4158.47
2026-06-19 09:00:00+00:00,4158.78,4160.13,4151.44,4152.45
2026-06-19 10:00:00+00:00,4152.85,4152.85,4139.33,4140.15
2026-06-19 11:00:00+00:00,4140.14,4145.01,4132.92,4142.49
2026-06-19 12:00:00+00:00,4142.49,4169.14,4137.56,4168.4
2026-06-19 13:00:00+00:00,4168.41,4171.14,4142.66,4143.48
2026-06-19 14:00:00+00:00,4143.48,4145.6,4134.86,4140.97
2026-06-19 15:00:00+00:00,4140.96,4145.73,4139.8,4142.75
2026-06-19 16:00:00+00:00,4142.75,4147.66,4138.0,4145.19
2026-06-19 17:00:00+00:00,4145.68,4149.86,4145.68,4149.54
2026-06-19 18:00:00+00:00,4149.53,4149.6,4141.82,4145.45
2026-06-19 19:00:00+00:00,4145.5,4149.21,4144.31,4149.21
2026-06-19 20:00:00+00:00,4148.93,4151.27,4147.44,4149.89
2026-06-19 21:00:00+00:00,4149.88,4151.83,4146.96,4146.96
2026-06-19 22:00:00+00:00,4146.96,4151.96,4146.15,4150.53
2026-06-19 23:00:00+00:00,4150.53,4150.94,4147.96,4149.82
2026-06-20 00:00:00+00:00,4149.83,4153.09,4145.17,4149.93
2026-06-20 01:00:00+00:00,4149.94,4149.94,4146.72,4148.61
2026-06-20 02:00:00+00:00,4148.61,4148.68,4145.34,4148.12
2026-06-20 03:00:00+00:00,4147.9,4150.73,4146.18,4148.02
2026-06-20 04:00:00+00:00,4148.03,4150.04,4146.97,4150.03
2026-06-20 05:00:00+00:00,4150.04,4151.98,4150.0,4150.0
2026-06-20 06:00:00+00:00,4150.01,4152.07,4150.0,4151.19
2026-06-20 07:00:00+00:00,4151.18,4151.19,4147.36,4148.67
2026-06-20 08:00:00+00:00,4148.81,4151.36,4147.51,4148.29
2026-06-20 09:00:00+00:00,4148.29,4149.69,4147.4,4147.4
2026-06-20 10:00:00+00:00,4147.4,4147.59,4145.0,4146.7
2026-06-20 11:00:00+00:00,4146.83,4149.12,4146.83,4149.11
2026-06-20 12:00:00+00:00,4149.12,4151.71,4149.12,4150.09
2026-06-20 13:00:00+00:00,4150.1,4150.1,4140.05,4143.64
2026-06-20 14:00:00+00:00,4143.64,4150.0,4140.81,4147.85
2026-06-20 15:00:00+00:00,4147.86,4152.25,4147.77,4150.16
2026-06-20 16:00:00+00:00,4150.26,4150.26,4145.35,4145.39
2026-06-20 17:00:00+00:00,4145.39,4146.34,4145.39,4145.44
2026-06-20 18:00:00+00:00,4145.44,4146.13,4144.28,4144.69
2026-06-20 19:00:00+00:00,4144.69,4145.5,4144.47,4145.42
2026-06-20 20:00:00+00:00,4145.73,4146.24,4145.58,4145.59
2026-06-20 21:00:00+00:00,4145.83,4147.49,4143.6,4144.02
2026-06-20 22:00:00+00:00,4144.02,4147.92,4144.02,4147.07
2026-06-20 23:00:00+00:00,4147.08,4147.08,4144.8,4144.81
2026-06-21 00:00:00+00:00,4144.8,4147.61,4144.8,4146.14
2026-06-21 01:00:00+00:00,4146.14,4146.3,4145.31,4146.29
2026-06-21 02:00:00+00:00,4146.3,4147.88,4146.29,4147.87
2026-06-21 03:00:00+00:00,4147.88,4149.83,4147.87,4149.82
2026-06-21 04:00:00+00:00,4149.83,4149.85,4146.76,4146.76
2026-06-21 05:00:00+00:00,4146.74,4154.65,4146.74,4154.11
2026-06-21 06:00:00+00:00,4153.9,4156.35,4151.36,4153.35
2026-06-21 07:00:00+00:00,4153.36,4153.58,4150.81,4150.9
2026-06-21 08:00:00+00:00,4150.91,4152.29,4148.01,4148.82
2026-06-21 09:00:00+00:00,4148.83,4152.55,4147.14,4152.55
2026-06-21 10:00:00+00:00,4152.54,4152.55,4148.83,4150.49
2026-06-21 11:00:00+00:00,4150.49,4151.17,4147.64,4148.05
2026-06-21 12:00:00+00:00,4148.05,4152.88,4147.65,4152.88
2026-06-21 13:00:00+00:00,4152.87,4155.13,4152.47,4154.2
2026-06-21 14:00:00+00:00,4154.21,4154.3,4152.33,4154.0
2026-06-21 15:00:00+00:00,4154.0,4156.34,4153.6,4155.67
2026-06-21 16:00:00+00:00,4155.67,4155.68,4154.18,4154.5
2026-06-21 17:00:00+00:00,4154.5,4154.5,4154.3,4154.5
2026-06-21 18:00:00+00:00,4154.5,4155.16,4152.5,4152.5
2026-06-21 19:00:00+00:00,4152.51,4154.0,4150.39,4151.99
2026-06-21 20:00:00+00:00,4151.99,4153.11,4151.53,4152.14
2026-06-21 21:00:00+00:00,4152.14,4153.51,4146.43,4146.43
2026-06-21 22:00:00+00:00,4146.43,4149.03,4129.68,4145.34
2026-06-21 23:00:00+00:00,4145.36,4153.25,4127.14,4130.11
2026-06-22 00:00:00+00:00,4130.11,4189.7,4130.03,4189.7
2026-06-22 01:00:00+00:00,4190.0,4209.39,4181.91,4182.49
2026-06-22 02:00:00+00:00,4182.34,4189.63,4174.72,4179.62
2026-06-22 03:00:00+00:00,4179.57,4180.32,4163.08,4163.5
2026-06-22 04:00:00+00:00,4163.51,4172.13,4162.77,4172.13
2026-06-22 05:00:00+00:00,4172.13,4187.93,4171.3,4181.33
2026-06-22 06:00:00+00:00,4181.33,4194.35,4179.68,4186.32
2026-06-22 07:00:00+00:00,4186.02,4188.5,4177.8,4178.53
2026-06-22 08:00:00+00:00,4178.52,4185.4,4177.35,4185.16
2026-06-22 09:00:00+00:00,4185.16,4197.15,4185.16,4196.18
2026-06-22 10:00:00+00:00,4196.18,4200.0,4191.9,4191.91
2026-06-22 11:00:00+00:00,4192.24,4201.58,4190.35,4194.23
2026-06-22 12:00:00+00:00,4194.23,4198.84,4181.99,4182.2
2026-06-22 13:00:00+00:00,4182.2,4192.91,4173.33,4188.32
2026-06-22 14:00:00+00:00,4188.53,4197.88,4175.95,4186.56
2026-06-22 15:00:00+00:00,4186.56,4188.23,4157.68,4170.3
2026-06-22 16:00:00+00:00,4170.3,4179.34,4163.07,4176.76
2026-06-22 17:00:00+00:00,4176.78,4178.28,4164.95,4170.67
2026-06-22 18:00:00+00:00,4170.67,4179.07,4170.67,4177.97
2026-06-22 19:00:00+00:00,4177.98,4179.69,4172.21,4177.64
2026-06-22 20:00:00+00:00,4177.51,4179.7,4175.81,4177.9
2026-06-22 21:00:00+00:00,4177.82,4177.91,4173.8,4175.27
2026-06-22 22:00:00+00:00,4175.27,4181.83,4175.27,4177.17
2026-06-22 23:00:00+00:00,4177.16,4181.69,4175.02,4175.45
2026-06-23 00:00:00+00:00,4175.3,4180.41,4165.66,4180.02
2026-06-23 01:00:00+00:00,4180.01,4184.13,4138.0,4149.06
2026-06-23 02:00:00+00:00,4149.07,4150.26,4135.01,4135.01
2026-06-23 03:00:00+00:00,4135.02,4137.24,4119.01,4132.6
2026-06-23 04:00:00+00:00,4132.61,4134.64,4105.71,4108.4
2026-06-23 05:00:00+00:00,4108.82,4125.49,4106.38,4110.2
2026-06-23 06:00:00+00:00,4110.62,4115.46,4101.53,4104.77
2026-06-23 07:00:00+00:00,4104.77,4114.18,4088.48,4090.67
2026-06-23 08:00:00+00:00,4090.67,4100.9,4083.61,4095.07
2026-06-23 09:00:00+00:00,4095.33,4110.37,4095.15,4110.37
2026-06-23 10:00:00+00:00,4110.43,4120.78,4109.0,4109.01
2026-06-23 11:00:00+00:00,4109.0,4120.08,4107.14,4111.99
2026-06-23 12:00:00+00:00,4111.8,4115.58,4101.54,4102.53
2026-06-23 13:00:00+00:00,4102.53,4127.53,4094.78,4124.13
2026-06-23 14:00:00+00:00,4124.36,4132.9,4113.16,4119.51
2026-06-23 15:00:00+00:00,4119.5,4129.0,4113.73,4126.68
2026-06-23 16:00:00+00:00,4126.68,4131.1,4120.93,4123.05
2026-06-23 17:00:00+00:00,4123.05,4127.02,4117.0,4117.87
2026-06-23 18:00:00+00:00,4117.86,4119.18,4103.59,4106.56
2026-06-23 19:00:00+00:00,4106.78,4114.41,4102.48,4102.48
2026-06-23 20:00:00+00:00,4102.48,4103.99,4099.51,4101.75
2026-06-23 21:00:00+00:00,4102.0,4109.25,4102.0,4107.11
2026-06-23 22:00:00+00:00,4107.1,4107.1,4090.04,4095.31
2026-06-23 23:00:00+00:00,4095.3,4095.3,4074.8,4090.84
2026-06-24 00:00:00+00:00,4091.19,4102.71,4086.85,4090.06
2026-06-24 01:00:00+00:00,4089.92,4093.72,4062.97,4080.86
2026-06-24 02:00:00+00:00,4080.86,4086.83,4048.27,4056.57
2026-06-24 03:00:00+00:00,4056.57,4062.1,4045.5,4055.86
2026-06-24 04:00:00+00:00,4055.87,4060.08,4048.18,4058.49
2026-06-24 05:00:00+00:00,4058.49,4078.57,4054.19,4069.07
2026-06-24 06:00:00+00:00,4069.64,4088.67,4069.64,4079.34
2026-06-24 07:00:00+00:00,4079.34,4082.42,4067.37,4067.38
2026-06-24 08:00:00+00:00,4067.38,4079.68,4067.38,4070.05
2026-06-24 09:00:00+00:00,4070.17,4072.49,4059.47,4059.48
2026-06-24 10:00:00+00:00,4059.47,4061.89,4050.98,4051.81
2026-06-24 11:00:00+00:00,4051.95,4053.86,4034.49,4042.32
2026-06-24 12:00:00+00:00,4042.33,4044.04,3987.0,3987.0
2026-06-24 13:00:00+00:00,3987.01,4035.69,3965.74,4031.97
2026-06-24 14:00:00+00:00,4031.97,4034.6,4000.56,4005.29
2026-06-24 15:00:00+00:00,4005.29,4012.52,3995.96,3999.08
2026-06-24 16:00:00+00:00,3999.08,4020.13,3993.35,4004.83
2026-06-24 17:00:00+00:00,4004.83,4008.5,3970.01,3970.01
2026-06-24 18:00:00+00:00,3970.15,3991.99,3956.63,3978.99
2026-06-24 19:00:00+00:00,3979.0,3990.64,3971.98,3988.29
2026-06-24 20:00:00+00:00,3988.29,4003.85,3985.22,4000.32
2026-06-24 21:00:00+00:00,4000.31,4010.92,3999.71,4010.51
2026-06-24 22:00:00+00:00,4010.5,4010.5,3994.47,3996.68
2026-06-24 23:00:00+00:00,3996.69,4018.79,3992.5,4012.48
2026-06-25 00:00:00+00:00,4012.49,4016.4,3979.1,3991.19
2026-06-25 01:00:00+00:00,3991.39,4004.68,3974.17,3978.3
2026-06-25 02:00:00+00:00,3978.38,3990.5,3964.57,3983.86
2026-06-25 03:00:00+00:00,3983.54,3999.57,3967.78,3994.1
2026-06-25 04:00:00+00:00,3994.1,3996.03,3984.47,3995.16
2026-06-25 05:00:00+00:00,3995.17,3999.66,3981.93,3987.46
2026-06-25 06:00:00+00:00,3987.25,3988.8,3975.73,3978.92
2026-06-25 07:00:00+00:00,3978.91,3989.78,3974.03,3988.9
2026-06-25 08:00:00+00:00,3988.77,4000.0,3985.42,3988.5
2026-06-25 09:00:00+00:00,3988.5,3995.92,3987.87,3988.69
2026-06-25 10:00:00+00:00,3988.48,3989.18,3982.32,3983.67
2026-06-25 11:00:00+00:00,3983.67,3986.7,3975.75,3980.69
2026-06-25 12:00:00+00:00,3980.69,4016.42,3979.35,4009.67
2026-06-25 13:00:00+00:00,4010.0,4030.68,3995.13,3995.92
2026-06-25 14:00:00+00:00,3995.92,4022.6,3994.28,4007.89
2026-06-25 15:00:00+00:00,4007.8,4035.93,4001.43,4034.02
2026-06-25 16:00:00+00:00,4034.59,4037.15,4018.4,4022.87
2026-06-25 17:00:00+00:00,4022.86,4029.98,4022.0,4029.57
2026-06-25 18:00:00+00:00,4029.56,4037.49,4021.15,4028.94
2026-06-25 19:00:00+00:00,4028.94,4036.47,4016.27,4020.02
2026-06-25 20:00:00+00:00,4020.35,4027.62,4017.58,4020.54
2026-06-25 21:00:00+00:00,4020.53,4025.25,4019.0,4024.04
2026-06-25 22:00:00+00:00,4023.76,4029.31,4013.75,4019.93
2026-06-25 23:00:00+00:00,4019.93,4023.71,4008.37,4008.95
2026-06-26 00:00:00+00:00,4009.22,4018.0,4007.01,4015.33
2026-06-26 01:00:00+00:00,4015.3,4023.1,4009.29,4015.2
2026-06-26 02:00:00+00:00,4015.2,4017.71,3979.13,3986.99
2026-06-26 03:00:00+00:00,3986.97,4000.64,3982.83,3998.69
2026-06-26 04:00:00+00:00,3998.69,4008.79,3994.83,4005.51
2026-06-26 05:00:00+00:00,4005.51,4015.74,4001.4,4003.17
2026-06-26 06:00:00+00:00,4003.54,4028.21,4002.33,4027.83
2026-06-26 07:00:00+00:00,4027.83,4034.33,4022.93,4026.24
2026-06-26 08:00:00+00:00,4026.24,4031.52,4021.49,4025.67
2026-06-26 09:00:00+00:00,4025.47,4046.97,4024.87,4041.68
2026-06-26 10:00:00+00:00,4041.68,4047.11,4035.3,4047.11
2026-06-26 11:00:00+00:00,4047.18,4048.4,4035.51,4037.83
2026-06-26 12:00:00+00:00,4037.83,4053.43,4029.26,4051.65
2026-06-26 13:00:00+00:00,4051.74,4069.02,4036.12,4065.97
2026-06-26 14:00:00+00:00,4065.97,4083.31,4060.97,4072.41
2026-06-26 15:00:00+00:00,4072.42,4086.3,4068.27,4081.96
2026-06-26 16:00:00+00:00,4081.97,4083.66,4073.81,4076.02
2026-06-26 17:00:00+00:00,4076.01,4077.83,4065.83,4066.33
2026-06-26 18:00:00+00:00,4066.33,4070.31,4059.35,4059.35
2026-06-26 19:00:00+00:00,4059.35,4065.39,4057.51,4063.03
2026-06-26 20:00:00+00:00,4063.04,4079.49,4057.6,4078.67
2026-06-26 21:00:00+00:00,4078.33,4078.33,4073.09,4073.09
2026-06-26 22:00:00+00:00,4073.08,4077.33,4072.57,4075.36
2026-06-26 23:00:00+00:00,4075.36,4078.41,4074.99,4076.48
2026-06-27 00:00:00+00:00,4076.48,4077.31,4072.99,4073.0
2026-06-27 01:00:00+00:00,4073.0,4076.8,4072.99,4075.27
2026-06-27 02:00:00+00:00,4075.27,4075.83,4073.87,4073.95
2026-06-27 03:00:00+00:00,4073.96,4075.99,4073.95,4075.82
2026-06-27 04:00:00+00:00,4075.81,4078.24,4073.84,4073.84
2026-06-27 05:00:00+00:00,4073.84,4074.75,4073.34,4073.35
2026-06-27 06:00:00+00:00,4073.35,4077.75,4072.67,4076.13
2026-06-27 07:00:00+00:00,4076.17,4077.5,4076.16,4076.16
2026-06-27 08:00:00+00:00,4076.17,4076.34,4076.01,4076.01
2026-06-27 09:00:00+00:00,4076.01,4076.01,4074.85,4074.86
2026-06-27 10:00:00+00:00,4074.86,4076.43,4074.86,4075.82
2026-06-27 11:00:00+00:00,4075.82,4075.82,4073.5,4074.39
2026-06-27 12:00:00+00:00,4074.4,4074.5,4064.17,4071.69
2026-06-27 13:00:00+00:00,4071.69,4074.32,4071.69,4074.23
2026-06-27 14:00:00+00:00,4074.23,4074.24,4073.2,4073.2
2026-06-27 15:00:00+00:00,4073.21,4075.91,4073.2,4074.86
2026-06-27 16:00:00+00:00,4074.86,4075.58,4074.85,4075.33
2026-06-27 17:00:00+00:00,4075.33,4075.34,4069.65,4071.0
2026-06-27 18:00:00+00:00,4071.0,4072.12,4070.04,4070.04
2026-06-27 19:00:00+00:00,4070.04,4070.06,4067.52,4067.68
2026-06-27 20:00:00+00:00,4067.68,4070.67,4067.68,4069.83
2026-06-27 21:00:00+00:00,4069.83,4074.14,4069.34,4069.47
2026-06-27 22:00:00+00:00,4069.47,4072.47,4069.01,4072.47
2026-06-27 23:00:00+00:00,4072.47,4072.47,4068.92,4070.94
2026-06-28 00:00:00+00:00,4070.94,4074.28,4070.94,4073.0
2026-06-28 01:00:00+00:00,4073.0,4073.0,4072.17,4072.99
2026-06-28 02:00:00+00:00,4072.99,4074.14,4072.98,4072.98
2026-06-28 03:00:00+00:00,4072.98,4073.12,4071.5,4071.51
2026-06-28 04:00:00+00:00,4071.51,4072.83,4071.26,4071.86
2026-06-28 05:00:00+00:00,4071.85,4072.65,4070.83,4072.64
2026-06-28 06:00:00+00:00,4072.65,4073.67,4069.83,4069.84
2026-06-28 07:00:00+00:00,4069.83,4071.18,4069.32,4070.31
2026-06-28 08:00:00+00:00,4070.31,4072.5,4070.3,4072.5
2026-06-28 09:00:00+00:00,4072.5,4072.5,4071.44,4071.44
2026-06-28 10:00:00+00:00,4071.44,4071.95,4071.37,4071.38
2026-06-28 11:00:00+00:00,4071.37,4071.37,4070.5,4070.83
2026-06-28 12:00:00+00:00,4070.84,4071.91,4070.83,4071.89
2026-06-28 13:00:00+00:00,4071.89,4071.89,4069.96,4070.6
2026-06-28 14:00:00+00:00,4070.61,4070.61,4069.17,4069.17
2026-06-28 15:00:00+00:00,4069.18,4069.18,4068.04,4068.73
2026-06-28 16:00:00+00:00,4068.72,4069.0,4068.22,4068.22
2026-06-28 17:00:00+00:00,4068.22,4070.12,4067.83,4070.12
2026-06-28 18:00:00+00:00,4070.11,4071.0,4069.96,4071.0
2026-06-28 19:00:00+00:00,4070.99,4071.0,4069.41,4070.5
2026-06-28 20:00:00+00:00,4070.5,4073.83,4070.5,4073.65
2026-06-28 21:00:00+00:00,4073.65,4074.72,4069.66,4071.66
2026-06-28 22:00:00+00:00,4071.46,4077.59,4046.73,4057.32
2026-06-28 23:00:00+00:00,4057.26,4061.67,4045.55,4055.89
2026-06-29 00:00:00+00:00,4055.67,4064.59,4041.88,4062.16
2026-06-29 01:00:00+00:00,4062.16,4065.79,4048.29,4053.79
2026-06-29 02:00:00+00:00,4053.93,4063.78,4052.69,4058.68
2026-06-29 03:00:00+00:00,4058.68,4067.96,4058.67,4061.84
2026-06-29 04:00:00+00:00,4061.84,4061.84,4044.49,4045.23
2026-06-29 05:00:00+00:00,4045.31,4050.0,4034.52,4048.5
2026-06-29 06:00:00+00:00,4048.62,4057.73,4048.51,4055.68
2026-06-29 07:00:00+00:00,4055.83,4060.33,4050.69,4055.35
2026-06-29 08:00:00+00:00,4055.34,4058.83,4039.02,4042.0
2026-06-29 09:00:00+00:00,4042.13,4048.51,4020.0,4026.05
2026-06-29 10:00:00+00:00,4026.05,4033.24,4023.17,4030.79
2026-06-29 11:00:00+00:00,4030.79,4036.58,4022.71,4035.27
2026-06-29 12:00:00+00:00,4035.27,4045.67,4033.66,4038.09
2026-06-29 13:00:00+00:00,4038.09,4045.73,4024.37,4026.91
2026-06-29 14:00:00+00:00,4026.92,4029.61,3997.12,4020.03
2026-06-29 15:00:00+00:00,4020.03,4025.0,4011.83,4022.73
2026-06-29 16:00:00+00:00,4022.65,4023.27,4014.8,4019.58
2026-06-29 17:00:00+00:00,4019.5,4027.09,4016.33,4016.34
2026-06-29 18:00:00+00:00,4016.49,4020.51,4009.15,4009.15
2026-06-29 19:00:00+00:00,4009.15,4015.11,4003.01,4013.24
2026-06-29 20:00:00+00:00,4013.24,4014.82,4010.87,4013.43
2026-06-29 21:00:00+00:00,4013.43,4017.82,4013.25,4015.97
2026-06-29 22:00:00+00:00,4015.97,4017.66,4006.64,4010.41
2026-06-29 23:00:00+00:00,4010.34,4017.24,4010.34,4011.6
2026-06-30 00:00:00+00:00,4011.59,4011.59,3978.6,3985.37
2026-06-30 01:00:00+00:00,3985.24,3985.24,3945.0,3967.18
2026-06-30 02:00:00+00:00,3967.34,3971.26,3952.43,3962.97
2026-06-30 03:00:00+00:00,3962.98,3970.48,3960.12,3969.71
2026-06-30 04:00:00+00:00,3969.67,3996.91,3968.18,3985.64
2026-06-30 05:00:00+00:00,3985.33,3989.57,3975.21,3976.5
2026-06-30 06:00:00+00:00,3976.5,4029.51,3976.5,4026.0
2026-06-30 07:00:00+00:00,4026.01,4030.45,4021.18,4027.91
2026-06-30 08:00:00+00:00,4027.91,4031.34,4009.8,4011.18
2026-06-30 09:00:00+00:00,4011.17,4018.5,4008.48,4018.5
2026-06-30 10:00:00+00:00,4018.67,4026.5,4018.34,4025.67
2026-06-30 11:00:00+00:00,4025.68,4031.56,4021.77,4028.11
2026-06-30 12:00:00+00:00,4028.21,4028.88,4005.0,4006.4
2026-06-30 13:00:00+00:00,4006.4,4028.22,4006.31,4024.37
2026-06-30 14:00:00+00:00,4024.37,4057.39,4020.16,4033.43
2026-06-30 15:00:00+00:00,4033.43,4034.49,4019.98,4025.84
2026-06-30 16:00:00+00:00,4025.84,4028.9,4022.56,4022.57
2026-06-30 17:00:00+00:00,4022.56,4026.65,4016.75,4025.88
2026-06-30 18:00:00+00:00,4025.89,4028.37,4023.86,4024.23
2026-06-30 19:00:00+00:00,4024.23,4024.24,4012.88,4012.99
2026-06-30 20:00:00+00:00,4012.99,4016.5,4004.33,4004.49
2026-06-30 21:00:00+00:00,4004.49,4008.33,4003.79,4007.92
2026-06-30 22:00:00+00:00,4007.92,4012.74,4007.79,4008.2
2026-06-30 23:00:00+00:00,4008.2,4012.67,4001.7,4002.07
2026-07-01 00:00:00+00:00,4002.07,4005.5,3990.33,3993.17
2026-07-01 01:00:00+00:00,3993.17,3995.92,3972.48,3976.13
2026-07-01 02:00:00+00:00,3976.13,3982.89,3968.76,3977.54
2026-07-01 03:00:00+00:00,3977.54,3985.17,3974.75,3978.95
2026-07-01 04:00:00+00:00,3978.95,3982.85,3973.55,3979.39
2026-07-01 05:00:00+00:00,3979.09,3980.97,3971.21,3975.64
2026-07-01 06:00:00+00:00,3975.59,3977.75,3964.28,3971.34
2026-07-01 07:00:00+00:00,3971.34,3976.78,3960.66,3975.17
2026-07-01 08:00:00+00:00,3975.17,3982.11,3970.0,3973.5
2026-07-01 09:00:00+00:00,3973.5,3984.0,3972.67,3983.2
2026-07-01 10:00:00+00:00,3983.2,3995.85,3980.58,3995.67
2026-07-01 11:00:00+00:00,3995.7,4029.73,3995.7,4025.4
2026-07-01 12:00:00+00:00,4025.41,4028.3,4015.55,4018.43
2026-07-01 13:00:00+00:00,4018.44,4098.89,4008.59,4081.42
2026-07-01 14:00:00+00:00,4081.12,4106.09,4074.4,4084.83
2026-07-01 15:00:00+00:00,4084.83,4085.99,4070.14,4074.0
2026-07-01 16:00:00+00:00,4074.01,4080.88,4062.81,4062.82
2026-07-01 17:00:00+00:00,4062.82,4065.59,4060.34,4060.79
2026-07-01 18:00:00+00:00,4060.79,4062.95,4051.99,4055.16
2026-07-01 19:00:00+00:00,4055.16,4061.13,4030.57,4033.99
2026-07-01 20:00:00+00:00,4033.96,4034.58,4024.59,4028.11
2026-07-01 21:00:00+00:00,4028.1,4036.2,4028.1,4033.5
2026-07-01 22:00:00+00:00,4033.5,4041.49,4029.62,4041.49
2026-07-01 23:00:00+00:00,4041.48,4041.48,4030.0,4031.09
2026-07-02 00:00:00+00:00,4031.08,4047.88,4027.17,4046.96
2026-07-02 01:00:00+00:00,4047.11,4063.1,4041.98,4046.15
2026-07-02 02:00:00+00:00,4046.15,4056.86,4038.66,4054.66
2026-07-02 03:00:00+00:00,4054.48,4069.02,4052.17,4064.82
2026-07-02 04:00:00+00:00,4064.82,4068.0,4057.41,4057.41
2026-07-02 05:00:00+00:00,4057.33,4063.17,4049.68,4062.44
2026-07-02 06:00:00+00:00,4062.14,4074.68,4062.14,4069.12
2026-07-02 07:00:00+00:00,4068.83,4069.99,4057.41,4060.92
2026-07-02 08:00:00+00:00,4060.92,4075.77,4058.49,4072.38
2026-07-02 09:00:00+00:00,4072.3,4072.81,4061.27,4063.49
2026-07-02 10:00:00+00:00,4063.49,4065.5,4060.12,4064.01
2026-07-02 11:00:00+00:00,4064.01,4069.26,4056.11,4063.99
2026-07-02 12:00:00+00:00,4063.9,4133.12,4060.3,4112.12
2026-07-02 13:00:00+00:00,4111.84,4135.65,4104.52,4128.28
2026-07-02 14:00:00+00:00,4128.28,4129.53,4107.18,4121.0
2026-07-02 15:00:00+00:00,4121.0,4123.35,4107.75,4121.76
2026-07-02 16:00:00+00:00,4121.77,4122.17,4094.19,4110.43
2026-07-02 17:00:00+00:00,4110.44,4112.09,4099.56,4099.56
2026-07-02 18:00:00+00:00,4099.56,4119.96,4099.56,4114.93
2026-07-02 19:00:00+00:00,4114.93,4116.84,4102.82,4113.62
2026-07-02 20:00:00+00:00,4113.61,4118.32,4110.27,4117.81
2026-07-02 21:00:00+00:00,4117.81,4119.7,4115.38,4119.69
2026-07-02 22:00:00+00:00,4119.7,4120.44,4116.5,4117.51
2026-07-02 23:00:00+00:00,4117.5,4125.99,4115.6,4120.52
2026-07-03 00:00:00+00:00,4120.52,4142.23,4117.82,4140.22
2026-07-03 01:00:00+00:00,4140.22,4183.68,4139.09,4171.08
2026-07-03 02:00:00+00:00,4171.08,4176.25,4166.05,4173.42
2026-07-03 03:00:00+00:00,4173.42,4173.79,4165.36,4165.36
2026-07-03 04:00:00+00:00,4165.37,4172.0,4163.53,4166.66
2026-07-03 05:00:00+00:00,4166.66,4170.25,4159.18,4160.5
2026-07-03 06:00:00+00:00,4160.5,4163.16,4151.3,4162.85
2026-07-03 07:00:00+00:00,4162.85,4169.59,4159.65,4165.16
2026-07-03 08:00:00+00:00,4165.17,4174.6,4165.17,4171.02
2026-07-03 09:00:00+00:00,4171.01,4171.02,4160.24,4163.69
2026-07-03 10:00:00+00:00,4163.67,4170.43,4162.3,4167.69
2026-07-03 11:00:00+00:00,4167.69,4174.98,4166.17,4170.25
2026-07-03 12:00:00+00:00,4170.33,4172.44,4163.41,4168.11
2026-07-03 13:00:00+00:00,4168.11,4169.85,4155.66,4155.87
2026-07-03 14:00:00+00:00,4155.9,4161.4,4147.7,4161.16
2026-07-03 15:00:00+00:00,4161.16,4164.09,4155.89,4155.89
2026-07-03 16:00:00+00:00,4155.89,4164.7,4153.68,4164.63
2026-07-03 17:00:00+00:00,4164.63,4164.96,4163.33,4163.34
2026-07-03 18:00:00+00:00,4163.33,4166.17,4163.31,4165.03
2026-07-03 19:00:00+00:00,4165.03,4166.93,4165.03,4166.04
2026-07-03 20:00:00+00:00,4166.03,4169.57,4166.02,4166.51
2026-07-03 21:00:00+00:00,4166.34,4167.69,4164.83,4165.67
2026-07-03 22:00:00+00:00,4165.66,4165.67,4162.9,4163.16
2026-07-03 23:00:00+00:00,4163.17,4165.28,4163.17,4163.44
2026-07-04 00:00:00+00:00,4163.41,4165.51,4158.16,4158.21
2026-07-04 01:00:00+00:00,4158.21,4160.67,4158.0,4160.67
2026-07-04 02:00:00+00:00,4160.66,4160.67,4160.17,4160.17
2026-07-04 03:00:00+00:00,4160.18,4160.84,4160.17,4160.83
2026-07-04 04:00:00+00:00,4160.84,4160.84,4160.67,4160.67
2026-07-04 05:00:00+00:00,4160.67,4160.68,4159.6,4159.6
2026-07-04 06:00:00+00:00,4159.6,4159.73,4158.88,4159.63
2026-07-04 07:00:00+00:00,4159.62,4159.63,4158.83,4158.83
2026-07-04 08:00:00+00:00,4158.83,4161.17,4158.83,4161.16
2026-07-04 09:00:00+00:00,4161.16,4164.82,4161.16,4164.68
2026-07-04 10:00:00+00:00,4164.67,4164.68,4163.32,4163.32
2026-07-04 11:00:00+00:00,4163.32,4163.32,4161.27,4161.27
2026-07-04 12:00:00+00:00,4161.27,4161.28,4159.05,4160.58
2026-07-04 13:00:00+00:00,4160.58,4162.72,4160.58,4161.0
2026-07-04 14:00:00+00:00,4160.99,4161.27,4157.54,4159.79
2026-07-04 15:00:00+00:00,4159.79,4164.09,4159.52,4163.33
2026-07-04 16:00:00+00:00,4163.33,4163.34,4162.17,4162.17
2026-07-04 17:00:00+00:00,4162.17,4167.39,4160.87,4167.38
2026-07-04 18:00:00+00:00,4167.38,4167.38,4160.0,4160.72
2026-07-04 19:00:00+00:00,4160.72,4164.01,4160.4,4162.0
2026-07-04 20:00:00+00:00,4162.0,4162.86,4161.99,4162.86
2026-07-04 21:00:00+00:00,4162.85,4164.0,4162.12,4162.68
2026-07-04 22:00:00+00:00,4162.67,4164.18,4162.67,4163.99
2026-07-04 23:00:00+00:00,4164.01,4165.08,4162.79,4164.85
2026-07-05 00:00:00+00:00,4164.85,4164.85,4161.21,4162.0
2026-07-05 01:00:00+00:00,4162.0,4166.16,4161.99,4164.62
2026-07-05 02:00:00+00:00,4164.61,4164.62,4161.24,4161.25
2026-07-05 03:00:00+00:00,4161.25,4162.66,4161.25,4162.3
2026-07-05 04:00:00+00:00,4162.29,4163.58,4162.27,4163.57
2026-07-05 05:00:00+00:00,4163.58,4164.23,4163.19,4163.19
2026-07-05 06:00:00+00:00,4163.2,4165.45,4163.19,4164.83
2026-07-05 07:00:00+00:00,4164.83,4164.84,4164.51,4164.55
2026-07-05 08:00:00+00:00,4164.55,4164.55,4164.33,4164.34
2026-07-05 09:00:00+00:00,4164.34,4165.49,4163.73,4163.83
2026-07-05 10:00:00+00:00,4163.84,4165.56,4163.84,4165.56
2026-07-05 11:00:00+00:00,4165.56,4167.5,4165.43,4167.33
2026-07-05 12:00:00+00:00,4167.33,4167.33,4165.67,4165.67
2026-07-05 13:00:00+00:00,4165.67,4165.67,4163.0,4163.83
2026-07-05 14:00:00+00:00,4163.84,4164.0,4163.62,4163.84
2026-07-05 15:00:00+00:00,4163.84,4166.3,4163.83,4164.74
2026-07-05 16:00:00+00:00,4164.74,4165.33,4164.73,4165.33
2026-07-05 17:00:00+00:00,4165.32,4167.59,4165.32,4166.38
2026-07-05 18:00:00+00:00,4166.37,4166.51,4165.71,4166.16
2026-07-05 19:00:00+00:00,4166.16,4167.0,4166.15,4167.0
2026-07-05 20:00:00+00:00,4167.01,4171.92,4167.01,4170.32
2026-07-05 21:00:00+00:00,4170.32,4172.17,4167.51,4172.17
2026-07-05 22:00:00+00:00,4172.16,4179.61,4163.51,4178.4
2026-07-05 23:00:00+00:00,4178.4,4189.57,4168.0,4173.48
2026-07-06 00:00:00+00:00,4173.49,4178.27,4162.51,4170.4
2026-07-06 01:00:00+00:00,4170.33,4191.19,4163.92,4175.53
2026-07-06 02:00:00+00:00,4175.53,4176.8,4160.54,4165.67
2026-07-06 03:00:00+00:00,4165.67,4166.95,4152.95,4156.77
2026-07-06 04:00:00+00:00,4156.77,4158.35,4149.78,4152.09
2026-07-06 05:00:00+00:00,4152.09,4152.74,4137.01,4139.21
2026-07-06 06:00:00+00:00,4139.27,4149.64,4138.03,4142.48
2026-07-06 07:00:00+00:00,4142.48,4156.5,4139.48,4155.86
2026-07-06 08:00:00+00:00,4155.85,4156.46,4140.1,4143.63
2026-07-06 09:00:00+00:00,4143.63,4143.63,4130.6,4137.14
2026-07-06 10:00:00+00:00,4137.15,4147.39,4135.75,4147.14
2026-07-06 11:00:00+00:00,4147.21,4151.34,4145.12,4147.38
2026-07-06 12:00:00+00:00,4147.38,4150.71,4125.27,4132.82
2026-07-06 13:00:00+00:00,4132.74,4142.78,4130.0,4134.4
2026-07-06 14:00:00+00:00,4134.39,4139.91,4122.63,4130.92
2026-07-06 15:00:00+00:00,4131.13,4143.49,4131.13,4140.99
2026-07-06 16:00:00+00:00,4140.83,4148.31,4134.73,4148.3
2026-07-06 17:00:00+00:00,4148.31,4153.33,4144.19,4153.17
2026-07-06 18:00:00+00:00,4153.33,4159.74,4148.97,4156.31
2026-07-06 19:00:00+00:00,4156.32,4158.03,4152.35,4155.75
2026-07-06 20:00:00+00:00,4155.83,4157.98,4154.02,4157.83
2026-07-06 21:00:00+00:00,4157.82,4164.88,4156.53,4157.6
2026-07-06 22:00:00+00:00,4157.67,4159.32,4155.86,4156.04
2026-07-06 23:00:00+00:00,4156.05,4156.18,4150.0,4150.01
2026-07-07 00:00:00+00:00,4150.0,4154.02,4137.62,4137.63
2026-07-07 01:00:00+00:00,4137.62,4140.52,4121.68,4134.55
2026-07-07 02:00:00+00:00,4134.55,4137.78,4126.15,4129.0
2026-07-07 03:00:00+00:00,4129.18,4131.5,4119.18,4125.17
2026-07-07 04:00:00+00:00,4125.17,4132.95,4120.81,4120.81
2026-07-07 05:00:00+00:00,4120.82,4123.58,4111.88,4117.73
2026-07-07 06:00:00+00:00,4117.6,4126.38,4116.44,4124.17
2026-07-07 07:00:00+00:00,4124.18,4126.62,4119.86,4120.29
2026-07-07 08:00:00+00:00,4120.29,4132.88,4118.08,4120.99
2026-07-07 09:00:00+00:00,4121.0,4126.92,4115.69,4125.97
2026-07-07 10:00:00+00:00,4125.97,4132.26,4125.97,4128.43
2026-07-07 11:00:00+00:00,4128.84,4151.82,4126.0,4149.85
2026-07-07 12:00:00+00:00,4149.85,4166.41,4148.04,4163.87
2026-07-07 13:00:00+00:00,4163.75,4169.21,4146.32,4148.43
2026-07-07 14:00:00+00:00,4148.43,4152.75,4133.02,4144.59
2026-07-07 15:00:00+00:00,4144.34,4145.17,4127.21,4129.14
2026-07-07 16:00:00+00:00,4129.26,4137.25,4128.08,4134.68
2026-07-07 17:00:00+00:00,4134.68,4137.99,4131.3,4134.96
2026-07-07 18:00:00+00:00,4134.96,4135.37,4116.99,4117.67
2026-07-07 19:00:00+00:00,4117.67,4118.14,4086.67,4106.14
2026-07-07 20:00:00+00:00,4106.13,4106.97,4097.02,4099.25
2026-07-07 21:00:00+00:00,4099.32,4101.09,4098.52,4100.72
2026-07-07 22:00:00+00:00,4100.71,4100.71,4085.6,4091.94
2026-07-07 23:00:00+00:00,4091.94,4099.22,4090.11,4091.07
2026-07-08 00:00:00+00:00,4091.15,4118.06,4090.58,4105.64
2026-07-08 01:00:00+00:00,4105.59,4109.93,4088.89,4102.76
2026-07-08 02:00:00+00:00,4102.76,4115.24,4098.97,4106.36
2026-07-08 03:00:00+00:00,4106.36,4121.62,4106.36,4114.19
2026-07-08 04:00:00+00:00,4114.2,4118.64,4112.79,4116.34
2026-07-08 05:00:00+00:00,4116.33,4123.59,4112.82,4118.45
2026-07-08 06:00:00+00:00,4118.38,4125.95,4114.45,4116.39
2026-07-08 07:00:00+00:00,4116.39,4117.96,4108.0,4113.28
2026-07-08 08:00:00+00:00,4113.28,4113.28,4048.01,4051.67
2026-07-08 09:00:00+00:00,4051.67,4054.92,4038.35,4039.68
2026-07-08 10:00:00+00:00,4039.68,4054.03,4036.99,4050.04
2026-07-08 11:00:00+00:00,4050.0,4066.89,4038.01,4056.5
2026-07-08 12:00:00+00:00,4056.5,4078.72,4054.15,4065.05
2026-07-08 13:00:00+00:00,4065.12,4075.47,4060.35,4064.15
2026-07-08 14:00:00+00:00,4064.14,4064.63,4030.83,4037.66
2026-07-08 15:00:00+00:00,4037.65,4038.84,4019.24,4030.66
2026-07-08 16:00:00+00:00,4030.67,4059.39,4030.55,4058.85
2026-07-08 17:00:00+00:00,4058.85,4069.65,4055.41,4059.33
2026-07-08 18:00:00+00:00,4059.33,4083.59,4057.82,4076.67
2026-07-08 19:00:00+00:00,4076.67,4082.02,4072.0,4072.82
2026-07-08 20:00:00+00:00,4072.83,4074.19,4064.65,4068.17
2026-07-08 21:00:00+00:00,4068.25,4074.63,4068.25,4072.81
2026-07-08 22:00:00+00:00,4072.8,4072.82,4067.04,4069.96
2026-07-08 23:00:00+00:00,4069.95,4069.95,4065.83,4069.33
2026-07-09 00:00:00+00:00,4069.4,4081.43,4063.5,4065.76
2026-07-09 01:00:00+00:00,4065.76,4069.87,4057.11,4065.12
2026-07-09 02:00:00+00:00,4065.12,4074.07,4057.31,4057.32
2026-07-09 03:00:00+00:00,4057.32,4058.81,4048.58,4057.18
2026-07-09 04:00:00+00:00,4057.26,4058.12,4052.21,4058.12
2026-07-09 05:00:00+00:00,4058.13,4076.87,4058.12,4075.04
2026-07-09 06:00:00+00:00,4075.04,4097.77,4075.04,4097.77
2026-07-09 07:00:00+00:00,4097.84,4101.84,4093.21,4098.77
2026-07-09 08:00:00+00:00,4098.77,4106.99,4096.67,4099.27
2026-07-09 09:00:00+00:00,4099.26,4101.98,4094.62,4096.41
2026-07-09 10:00:00+00:00,4096.41,4099.49,4085.67,4089.81
2026-07-09 11:00:00+00:00,4089.82,4100.89,4089.82,4099.09
2026-07-09 12:00:00+00:00,4099.09,4111.49,4096.74,4097.94
2026-07-09 13:00:00+00:00,4097.82,4118.32,4097.43,4111.71
2026-07-09 14:00:00+00:00,4111.21,4124.51,4104.0,4115.7
2026-07-09 15:00:00+00:00,4115.7,4120.68,4114.09,4116.1
2026-07-09 16:00:00+00:00,4116.1,4124.04,4115.56,4116.41
2026-07-09 17:00:00+00:00,4116.41,4124.18,4113.5,4123.39
2026-07-09 18:00:00+00:00,4123.4,4123.4,4109.83,4112.66
2026-07-09 19:00:00+00:00,4112.83,4114.17,4108.2,4110.51
2026-07-09 20:00:00+00:00,4110.55,4113.37,4110.5,4113.37
2026-07-09 21:00:00+00:00,4113.36,4115.51,4110.22,4114.79
2026-07-09 22:00:00+00:00,4114.79,4115.43,4110.72,4111.01
2026-07-09 23:00:00+00:00,4111.0,4112.88,4110.33,4111.82
2026-07-10 00:00:00+00:00,4111.81,4115.49,4103.62,4114.2
2026-07-10 01:00:00+00:00,4114.2,4117.5,4098.99,4106.2
2026-07-10 02:00:00+00:00,4106.21,4116.17,4105.34,4114.72
2026-07-10 03:00:00+00:00,4114.83,4121.84,4108.35,4108.36
2026-07-10 04:00:00+00:00,4108.36,4109.84,4102.74,4104.84
2026-07-10 05:00:00+00:00,4104.77,4105.67,4098.3,4104.5
2026-07-10 06:00:00+00:00,4104.49,4108.17,4101.68,4101.84
2026-07-10 07:00:00+00:00,4101.84,4103.49,4092.26,4094.83
2026-07-10 08:00:00+00:00,4094.83,4096.0,4085.11,4086.32
2026-07-10 09:00:00+00:00,4086.33,4095.16,4084.33,4094.78
2026-07-10 10:00:00+00:00,4094.77,4101.29,4094.68,4094.83
2026-07-10 11:00:00+00:00,4094.66,4097.0,4087.17,4093.22
2026-07-10 12:00:00+00:00,4093.22,4106.99,4089.86,4092.16
2026-07-10 13:00:00+00:00,4091.96,4096.36,4078.11,4095.01
2026-07-10 14:00:00+00:00,4095.01,4102.0,4068.66,4085.99
2026-07-10 15:00:00+00:00,4086.16,4104.92,4085.3,4104.89
2026-07-10 16:00:00+00:00,4104.89,4106.34,4097.99,4097.99
2026-07-10 17:00:00+00:00,4097.83,4100.49,4094.82,4094.82
2026-07-10 18:00:00+00:00,4094.83,4099.32,4093.58,4095.0
2026-07-10 19:00:00+00:00,4094.83,4100.99,4092.5,4100.99
2026-07-10 20:00:00+00:00,4101.01,4111.99,4101.01,4111.99
2026-07-10 21:00:00+00:00,4111.98,4112.0,4109.39,4111.29
2026-07-10 22:00:00+00:00,4111.28,4112.6,4109.34,4109.54
2026-07-10 23:00:00+00:00,4109.34,4109.83,4108.62,4109.52
2026-07-11 00:00:00+00:00,4109.51,4109.52,4109.0,4109.15
2026-07-11 01:00:00+00:00,4109.15,4109.15,4109.14,4109.14
2026-07-11 02:00:00+00:00,4109.14,4110.0,4109.01,4109.01
2026-07-11 03:00:00+00:00,4109.01,4109.01,4106.75,4106.87
2026-07-11 04:00:00+00:00,4106.86,4108.63,4106.86,4108.63
2026-07-11 05:00:00+00:00,4108.63,4110.35,4108.62,4110.01
2026-07-11 06:00:00+00:00,4110.0,4110.0,4108.98,4109.0
2026-07-11 07:00:00+00:00,4109.0,4109.17,4108.74,4108.75
2026-07-11 08:00:00+00:00,4108.74,4109.65,4108.74,4109.09
2026-07-11 09:00:00+00:00,4109.09,4112.17,4109.09,4112.17
2026-07-11 10:00:00+00:00,4112.16,4112.17,4110.71,4110.71
2026-07-11 11:00:00+00:00,4110.72,4110.72,4110.42,4110.44
2026-07-11 12:00:00+00:00,4110.44,4110.45,4108.83,4109.68
2026-07-11 13:00:00+00:00,4109.68,4110.75,4108.68,4110.75
2026-07-11 14:00:00+00:00,4110.74,4111.27,4109.88,4111.26
2026-07-11 15:00:00+00:00,4111.27,4111.27,4102.17,4103.0
2026-07-11 16:00:00+00:00,4103.0,4105.5,4102.99,4104.95
2026-07-11 17:00:00+00:00,4104.95,4104.96,4104.09,4104.81
2026-07-11 18:00:00+00:00,4104.82,4104.82,4103.61,4104.0
2026-07-11 19:00:00+00:00,4104.0,4104.24,4103.5,4104.23
2026-07-11 20:00:00+00:00,4104.23,4104.66,4102.26,4104.65
2026-07-11 21:00:00+00:00,4104.66,4104.66,4098.5,4100.09
2026-07-11 22:00:00+00:00,4100.09,4100.81,4099.43,4100.44
2026-07-11 23:00:00+00:00,4100.44,4100.45,4097.93,4099.12
2026-07-12 00:00:00+00:00,4099.12,4100.0,4095.61,4096.28
2026-07-12 01:00:00+00:00,4096.32,4099.45,4096.32,4098.09
2026-07-12 02:00:00+00:00,4098.09,4099.76,4094.99,4099.75
2026-07-12 03:00:00+00:00,4099.75,4100.64,4099.75,4100.64
2026-07-12 04:00:00+00:00,4100.64,4101.44,4099.84,4099.84
2026-07-12 05:00:00+00:00,4099.84,4099.85,4095.47,4096.09
2026-07-12 06:00:00+00:00,4096.09,4096.09,4094.14,4094.67
2026-07-12 07:00:00+00:00,4094.67,4096.08,4094.66,4096.08
2026-07-12 08:00:00+00:00,4096.08,4096.61,4096.01,4096.01
2026-07-12 09:00:00+00:00,4096.01,4096.34,4096.0,4096.34
2026-07-12 10:00:00+00:00,4096.33,4096.95,4096.33,4096.4
2026-07-12 11:00:00+00:00,4096.39,4096.39,4095.66,4096.3
2026-07-12 12:00:00+00:00,4096.31,4096.31,4095.66,4095.68
2026-07-12 13:00:00+00:00,4095.68,4095.68,4093.73,4093.8
2026-07-12 14:00:00+00:00,4093.8,4095.04,4093.42,4095.04
2026-07-12 15:00:00+00:00,4095.04,4098.47,4095.04,4097.91
2026-07-12 16:00:00+00:00,4097.92,4097.92,4095.53,4095.6
2026-07-12 17:00:00+00:00,4095.61,4095.61,4093.33,4093.33
2026-07-12 18:00:00+00:00,4093.33,4094.29,4092.92,4093.73
2026-07-12 19:00:00+00:00,4093.73,4094.25,4093.73,4094.25
2026-07-12 20:00:00+00:00,4094.25,4098.41,4094.24,4098.41
2026-07-12 21:00:00+00:00,4098.4,4098.41,4093.97,4093.97
2026-07-12 22:00:00+00:00,4093.97,4095.38,4065.49,4071.57
2026-07-12 23:00:00+00:00,4071.33,4078.57,4063.79,4078.56
2026-07-13 00:00:00+00:00,4078.57,4084.63,4057.63,4068.46
2026-07-13 01:00:00+00:00,4068.12,4081.39,4060.75,4066.86
2026-07-13 02:00:00+00:00,4066.86,4071.21,4060.65,4064.3
2026-07-13 03:00:00+00:00,4064.0,4064.0,4050.0,4055.42
2026-07-13 04:00:00+00:00,4055.42,4055.42,4047.16,4053.82
2026-07-13 05:00:00+00:00,4053.82,4066.76,4048.54,4049.07
2026-07-13 06:00:00+00:00,4049.07,4057.86,4041.0,4050.74
2026-07-13 07:00:00+00:00,4050.74,4059.54,4045.35,4059.54
2026-07-13 08:00:00+00:00,4059.54,4074.78,4059.18,4069.91
2026-07-13 09:00:00+00:00,4069.84,4070.8,4064.22,4064.22
2026-07-13 10:00:00+00:00,4064.33,4065.17,4045.02,4056.07
2026-07-13 11:00:00+00:00,4056.07,4063.08,4051.0,4052.7
2026-07-13 12:00:00+00:00,4052.7,4061.2,4048.83,4061.2
2026-07-13 13:00:00+00:00,4061.33,4061.69,4038.53,4039.91
2026-07-13 14:00:00+00:00,4039.91,4042.75,4000.0,4013.79
2026-07-13 15:00:00+00:00,4014.04,4017.95,4010.47,4014.32
2026-07-13 16:00:00+00:00,4014.33,4016.09,3988.0,3993.93
2026-07-13 17:00:00+00:00,3993.93,4001.7,3993.52,3994.1
2026-07-13 18:00:00+00:00,3994.11,4005.6,3988.06,4001.39
2026-07-13 19:00:00+00:00,4001.45,4004.57,3994.37,4002.03
2026-07-13 20:00:00+00:00,4002.04,4005.22,3996.59,4001.48
2026-07-13 21:00:00+00:00,4001.47,4003.89,3999.62,4003.84
2026-07-13 22:00:00+00:00,4003.84,4005.17,4000.26,4000.26
2026-07-13 23:00:00+00:00,4000.17,4001.43,3992.32,3999.16
2026-07-14 00:00:00+00:00,3999.17,4005.4,3984.01,4003.19
2026-07-14 01:00:00+00:00,4003.18,4010.39,3992.41,4009.25
2026-07-14 02:00:00+00:00,4009.26,4016.96,4005.76,4010.99
2026-07-14 03:00:00+00:00,4010.83,4017.63,4010.26,4014.29
2026-07-14 04:00:00+00:00,4014.4,4020.87,4012.33,4018.93
2026-07-14 05:00:00+00:00,4018.92,4031.02,4018.41,4029.43
2026-07-14 06:00:00+00:00,4029.43,4030.5,4020.0,4022.73
2026-07-14 07:00:00+00:00,4022.73,4027.97,4018.99,4018.99
2026-07-14 08:00:00+00:00,4018.99,4022.04,4015.0,4015.47
2026-07-14 09:00:00+00:00,4015.47,4023.38,4014.0,4021.17
2026-07-14 10:00:00+00:00,4021.17,4022.49,4016.16,4022.26
2026-07-14 11:00:00+00:00,4022.27,4031.0,4016.57,4030.85
2026-07-14 12:00:00+00:00,4030.85,4096.8,4023.25,4072.88
2026-07-14 13:00:00+00:00,4072.73,4082.0,4067.51,4071.4
2026-07-14 14:00:00+00:00,4071.41,4085.0,4066.36,4080.19
2026-07-14 15:00:00+00:00,4080.2,4092.85,4061.18,4062.92
2026-07-14 16:00:00+00:00,4062.69,4063.1,4053.82,4057.17
2026-07-14 17:00:00+00:00,4057.17,4059.86,4049.29,4059.61
2026-07-14 18:00:00+00:00,4059.6,4059.6,4040.31,4051.26
2026-07-14 19:00:00+00:00,4051.27,4053.75,4045.29,4052.55
2026-07-14 20:00:00+00:00,4052.56,4052.84,4046.88,4049.02
2026-07-14 21:00:00+00:00,4049.02,4058.09,4049.01,4053.36
2026-07-14 22:00:00+00:00,4053.35,4053.35,4046.77,4047.02
2026-07-14 23:00:00+00:00,4047.02,4051.39,4043.0,4050.2
2026-07-15 00:00:00+00:00,4050.2,4056.89,4049.07,4056.13
2026-07-15 01:00:00+00:00,4056.0,4058.0,4033.99,4034.82
2026-07-15 02:00:00+00:00,4034.82,4039.49,4028.24,4034.41
2026-07-15 03:00:00+00:00,4034.4,4037.36,4026.75,4030.11
2026-07-15 04:00:00+00:00,4030.0,4033.51,4028.07,4032.0
2026-07-15 05:00:00+00:00,4032.0,4035.58,4022.07,4033.95
2026-07-15 06:00:00+00:00,4033.97,4034.13,4021.17,4030.81
2026-07-15 07:00:00+00:00,4030.81,4032.11,4019.0,4022.8
2026-07-15 08:00:00+00:00,4022.8,4031.94,4018.38,4031.0
2026-07-15 09:00:00+00:00,4031.0,4033.54,4026.72,4029.9
2026-07-15 10:00:00+00:00,4029.99,4035.16,4026.52,4028.08
2026-07-15 11:00:00+00:00,4028.13,4038.69,4028.13,4038.35
2026-07-15 12:00:00+00:00,4037.88,4067.19,4035.67,4064.94
2026-07-15 13:00:00+00:00,4064.81,4069.77,4052.22,4057.86
2026-07-15 14:00:00+00:00,4057.95,4061.28,4049.31,4055.33
2026-07-15 15:00:00+00:00,4055.33,4057.07,4035.0,4041.85
2026-07-15 16:00:00+00:00,4041.82,4042.32,4023.28,4030.21
2026-07-15 17:00:00+00:00,4030.21,4059.99,4030.21,4057.19
2026-07-15 18:00:00+00:00,4057.19,4075.31,4054.08,4054.09
2026-07-15 19:00:00+00:00,4054.08,4057.45,4045.6,4051.36
2026-07-15 20:00:00+00:00,4051.59,4057.67,4050.67,4055.34
2026-07-15 21:00:00+00:00,4055.34,4058.91,4055.33,4057.59
2026-07-15 22:00:00+00:00,4057.59,4059.83,4054.01,4055.07
2026-07-15 23:00:00+00:00,4054.99,4055.84,4052.02,4053.37
2026-07-16 00:00:00+00:00,4053.36,4055.44,4041.01,4041.3
2026-07-16 01:00:00+00:00,4041.3,4046.12,4031.38,4035.32
2026-07-16 02:00:00+00:00,4035.33,4035.5,4022.96,4029.85
2026-07-16 03:00:00+00:00,4029.84,4033.73,4026.18,4033.72
2026-07-16 04:00:00+00:00,4033.72,4034.44,4030.08,4031.94
2026-07-16 05:00:00+00:00,4031.84,4031.84,4024.34,4026.5
2026-07-16 06:00:00+00:00,4026.5,4034.34,4022.14,4029.83
2026-07-16 07:00:00+00:00,4029.83,4029.83,4023.51,4028.99
2026-07-16 08:00:00+00:00,4028.99,4032.33,4023.67,4031.67
2026-07-16 09:00:00+00:00,4031.67,4033.42,4027.56,4029.09
2026-07-16 10:00:00+00:00,4029.0,4030.16,4026.31,4026.61
2026-07-16 11:00:00+00:00,4026.67,4039.14,4020.32,4035.48
2026-07-16 12:00:00+00:00,4035.49,4039.04,3992.0,3993.83
2026-07-16 13:00:00+00:00,3993.83,4009.67,3976.52,3993.08
2026-07-16 14:00:00+00:00,3993.07,4009.24,3990.8,4000.99
2026-07-16 15:00:00+00:00,4001.0,4017.94,3993.04,4008.01
2026-07-16 16:00:00+00:00,4008.01,4008.01,3987.0,3995.81
2026-07-16 17:00:00+00:00,3995.64,3995.64,3984.53,3987.84
2026-07-16 18:00:00+00:00,3987.85,3992.67,3980.37,3983.9
2026-07-16 19:00:00+00:00,3983.91,3988.84,3975.75,3984.49
2026-07-16 20:00:00+00:00,3984.5,3984.5,3977.02,3980.62
2026-07-16 21:00:00+00:00,3980.62,3988.92,3980.62,3985.39
2026-07-16 22:00:00+00:00,3985.39,3985.39,3978.83,3981.86
2026-07-16 23:00:00+00:00,3981.86,3989.32,3979.68,3989.32
2026-07-17 00:00:00+00:00,3989.32,3995.69,3985.16,3995.69
2026-07-17 01:00:00+00:00,3995.68,3998.61,3984.17,3987.6
2026-07-17 02:00:00+00:00,3987.6,3991.18,3976.28,3982.48
2026-07-17 03:00:00+00:00,3982.54,4010.0,3982.54,3994.99
2026-07-17 04:00:00+00:00,3994.99,3994.99,3984.81,3986.18
2026-07-17 05:00:00+00:00,3986.18,3993.48,3980.78,3988.8
2026-07-17 06:00:00+00:00,3988.5,4007.39,3988.5,4001.62
2026-07-17 07:00:00+00:00,4001.62,4004.68,3996.35,3996.35
2026-07-17 08:00:00+00:00,3996.36,4002.24,3991.64,3997.5
2026-07-17 09:00:00+00:00,3997.5,4004.94,3995.88,3999.95
2026-07-17 10:00:00+00:00,3999.95,4000.92,3991.63,3992.75
2026-07-17 11:00:00+00:00,3992.75,3998.41,3991.56,3995.37
2026-07-17 12:00:00+00:00,3995.38,3996.17,3964.59,3967.33
2026-07-17 13:00:00+00:00,3967.19,4002.09,3962.61,3995.88
2026-07-17 14:00:00+00:00,3995.88,4002.73,3990.53,3999.59
2026-07-17 15:00:00+00:00,3999.8,4017.86,3997.79,4015.19
2026-07-17 16:00:00+00:00,4015.33,4019.34,4008.68,4011.96
2026-07-17 17:00:00+00:00,4011.96,4015.17,4006.0,4006.49
2026-07-17 18:00:00+00:00,4006.5,4012.67,4005.39,4009.09
2026-07-17 19:00:00+00:00,4009.09,4012.3,4000.55,4012.08
2026-07-17 20:00:00+00:00,4012.09,4012.09,4002.68,4007.57
2026-07-17 21:00:00+00:00,4007.57,4008.15,4004.31,4005.32
2026-07-17 22:00:00+00:00,4005.32,4007.61,4005.1,4007.41
2026-07-17 23:00:00+00:00,4007.41,4008.3,4006.18,4007.81
2026-07-18 00:00:00+00:00,4007.82,4008.53,4007.65,4007.96
2026-07-18 01:00:00+00:00,4007.96,4008.54,4007.93,4008.26
2026-07-18 02:00:00+00:00,4008.26,4008.28,4008.25,4008.28
2026-07-18 03:00:00+00:00,4008.28,4010.22,4008.27,4010.22
2026-07-18 04:00:00+00:00,4010.22,4011.49,4010.21,4011.48
2026-07-18 05:00:00+00:00,4011.49,4011.64,4010.3,4010.31
2026-07-18 06:00:00+00:00,4010.31,4010.93,4009.46,4010.65
2026-07-18 07:00:00+00:00,4010.65,4013.52,4010.65,4013.52
2026-07-18 08:00:00+00:00,4013.52,4014.15,4013.52,4013.86
2026-07-18 09:00:00+00:00,4013.86,4013.87,4013.78,4013.86
2026-07-18 10:00:00+00:00,4013.86,4013.87,4013.48,4013.48
2026-07-18 11:00:00+00:00,4013.48,4013.49,4012.5,4012.52
2026-07-18 12:00:00+00:00,4012.52,4013.0,4011.98,4012.99
2026-07-18 13:00:00+00:00,4012.99,4013.0,4012.17,4012.34
2026-07-18 14:00:00+00:00,4012.34,4013.85,4011.76,4012.52
2026-07-18 15:00:00+00:00,4012.53,4013.79,4012.52,4013.18
2026-07-18 16:00:00+00:00,4013.19,4015.2,4012.78,4014.72
2026-07-18 17:00:00+00:00,4014.72,4015.86,4014.44,4014.98
2026-07-18 18:00:00+00:00,4014.98,4015.0,4008.86,4009.46
2026-07-18 19:00:00+00:00,4009.47,4009.86,4008.32,4008.8
2026-07-18 20:00:00+00:00,4008.8,4009.88,4007.32,4009.0
2026-07-18 21:00:00+00:00,4009.0,4009.01,4006.5,4007.11
2026-07-18 22:00:00+00:00,4007.12,4008.82,4006.49,4007.64
2026-07-18 23:00:00+00:00,4007.64,4012.07,4007.64,4012.07
2026-07-19 00:00:00+00:00,4012.06,4012.91,4012.06,4012.63
2026-07-19 01:00:00+00:00,4012.63,4012.63,4012.62,4012.63
2026-07-19 02:00:00+00:00,4012.62,4013.99,4012.62,4013.98
2026-07-19 03:00:00+00:00,4013.98,4014.29,4013.67,4013.67
2026-07-19 04:00:00+00:00,4013.67,4013.68,4012.83,4012.83
2026-07-19 05:00:00+00:00,4012.84,4012.84,4012.83,4012.84
2026-07-19 06:00:00+00:00,4012.84,4012.84,4012.82,4012.83
2026-07-19 07:00:00+00:00,4012.83,4012.84,4012.41,4012.41
2026-07-19 08:00:00+00:00,4012.33,4012.33,4008.96,4010.35
2026-07-19 09:00:00+00:00,4010.35,4010.36,4008.32,4008.32
2026-07-19 10:00:00+00:00,4008.32,4009.13,4008.3,4008.68
2026-07-19 11:00:00+00:00,4008.69,4009.84,4006.95,4008.48
2026-07-19 12:00:00+00:00,4008.48,4008.54,4006.54,4008.19
2026-07-19 13:00:00+00:00,4008.19,4010.57,4008.18,4010.57
2026-07-19 14:00:00+00:00,4010.56,4011.99,4010.52,4011.99
2026-07-19 15:00:00+00:00,4011.99,4013.08,4011.05,4013.01
2026-07-19 16:00:00+00:00,4013.08,4013.34,4012.0,4013.34
2026-07-19 17:00:00+00:00,4013.34,4016.81,4013.33,4016.48
2026-07-19 18:00:00+00:00,4016.49,4016.49,4014.39,4014.74
2026-07-19 19:00:00+00:00,4014.74,4015.18,4014.34,4014.4
2026-07-19 20:00:00+00:00,4014.39,4014.4,4012.78,4013.33
2026-07-19 21:00:00+00:00,4013.33,4013.76,4009.95,4010.0
2026-07-19 22:00:00+00:00,4009.99,4009.99,3992.86,3995.82
2026-07-19 23:00:00+00:00,3995.83,3996.16,3990.9,3995.89
2026-07-20 00:00:00+00:00,3995.89,4009.67,3986.03,4008.4
2026-07-20 01:00:00+00:00,4008.66,4020.0,3997.65,4003.41
2026-07-20 02:00:00+00:00,4003.4,4028.0,4002.64,4022.64
2026-07-20 03:00:00+00:00,4022.5,4027.17,4019.84,4023.75
2026-07-20 04:00:00+00:00,4023.76,4026.0,4018.83,4018.99
2026-07-20 05:00:00+00:00,4019.0,4020.59,4008.24,4010.58
2026-07-20 06:00:00+00:00,4010.59,4013.2,4004.81,4005.01
2026-07-20 07:00:00+00:00,4005.01,4020.52,4004.07,4017.89
2026-07-20 08:00:00+00:00,4017.9,4029.01,4017.9,4018.17
2026-07-20 09:00:00+00:00,4018.17,4021.34,4014.84,4019.0
2026-07-20 10:00:00+00:00,4019.17,4023.91,4017.67,4022.79
2026-07-20 11:00:00+00:00,4022.79,4038.35,4019.67,4024.17
2026-07-20 12:00:00+00:00,4024.17,4024.17,4008.0,4009.87
2026-07-20 13:00:00+00:00,4009.87,4016.38,4006.22,4006.8
2026-07-20 14:00:00+00:00,4006.8,4013.3,3998.85,4005.96
2026-07-20 15:00:00+00:00,4005.96,4017.88,4004.99,4013.67
2026-07-20 16:00:00+00:00,4013.56,4017.99,4004.36,4011.41
2026-07-20 17:00:00+00:00,4011.41,4013.83,4007.42,4007.55
2026-07-20 18:00:00+00:00,4007.74,4013.17,4006.73,4009.57
2026-07-20 19:00:00+00:00,4009.57,4018.11,4007.18,4008.8
2026-07-20 20:00:00+00:00,4008.81,4011.58,4006.32,4010.42
2026-07-20 21:00:00+00:00,4010.42,4014.69,4010.42,4014.56
2026-07-20 22:00:00+00:00,4014.56,4014.56,4004.01,4004.1
2026-07-20 23:00:00+00:00,4004.1,4012.89,4003.84,4012.88
2026-07-21 00:00:00+00:00,4012.88,4026.66,4007.32,4026.17
2026-07-21 01:00:00+00:00,4026.18,4033.78,4020.01,4022.67
2026-07-21 02:00:00+00:00,4022.67,4042.47,4022.67,4037.89
2026-07-21 03:00:00+00:00,4037.9,4049.8,4037.36,4045.32
2026-07-21 04:00:00+00:00,4045.33,4048.89,4042.77,4047.0
2026-07-21 05:00:00+00:00,4047.17,4064.78,4045.67,4058.62
2026-07-21 06:00:00+00:00,4058.62,4079.38,4058.62,4076.14
2026-07-21 07:00:00+00:00,4076.0,4076.01,4064.32,4067.05
2026-07-21 08:00:00+00:00,4067.05,4067.82,4057.14,4059.38
2026-07-21 09:00:00+00:00,4059.38,4066.51,4059.38,4064.83
2026-07-21 10:00:00+00:00,4064.83,4067.43,4060.27,4062.06
2026-07-21 11:00:00+00:00,4062.05,4062.05,4054.82,4055.99
2026-07-21 12:00:00+00:00,4055.82,4063.88,4051.46,4054.82
2026-07-21 13:00:00+00:00,4054.83,4061.68,4045.43,4053.75
2026-07-21 14:00:00+00:00,4053.75,4073.94,4053.02,4066.72
2026-07-21 15:00:00+00:00,4067.01,4079.29,4064.76,4071.17
2026-07-21 16:00:00+00:00,4071.0,4074.16,4066.59,4068.2
2026-07-21 17:00:00+00:00,4068.2,4068.83,4064.0,4064.5
2026-07-21 18:00:00+00:00,4064.82,4082.84,4064.82,4079.15
2026-07-21 19:00:00+00:00,4079.15,4082.0,4077.41,4081.92
2026-07-21 20:00:00+00:00,4081.93,4082.5,4075.15,4075.3
2026-07-21 21:00:00+00:00,4075.3,4078.48,4075.3,4078.23
2026-07-21 22:00:00+00:00,4078.23,4080.66,4074.73,4077.45
2026-07-21 23:00:00+00:00,4077.45,4078.86,4076.59,4076.6
2026-07-22 00:00:00+00:00,4076.6,4096.5,4074.5,4093.0
2026-07-22 01:00:00+00:00,4093.01,4116.17,4092.73,4115.34
2026-07-22 02:00:00+00:00,4115.35,4122.49,4113.33,4122.33
2026-07-22 03:00:00+00:00,4122.5,4132.91,4122.49,4123.15
2026-07-22 04:00:00+00:00,4123.16,4123.16,4117.51,4118.67
2026-07-22 05:00:00+00:00,4118.66,4124.58,4115.8,4122.21
2026-07-22 06:00:00+00:00,4122.21,4125.53,4106.95,4108.06
2026-07-22 07:00:00+00:00,4108.06,4114.39,4102.74,4103.02
2026-07-22 08:00:00+00:00,4103.03,4113.15,4103.03,4112.33
2026-07-22 09:00:00+00:00,4112.33,4115.52,4107.12,4107.67
2026-07-22 10:00:00+00:00,4107.67,4114.58,4107.67,4111.0
2026-07-22 11:00:00+00:00,4111.01,4115.8,4107.03,4115.77
2026-07-22 12:00:00+00:00,4115.77,4127.46,4101.68,4106.3
2026-07-22 13:00:00+00:00,4106.3,4147.67,4106.3,4146.99
2026-07-22 14:00:00+00:00,4146.99,4154.65,4136.68,4140.67
2026-07-22 15:00:00+00:00,4140.67,4157.31,4140.67,4151.37
2026-07-22 16:00:00+00:00,4151.36,4151.36,4138.16,4140.46
2026-07-22 17:00:00+00:00,4140.33,4141.0,4133.66,4136.63
2026-07-22 18:00:00+00:00,4136.63,4136.64,4127.33,4131.33
2026-07-22 19:00:00+00:00,4131.33,4131.33,4125.0,4126.23
2026-07-22 20:00:00+00:00,4126.23,4131.99,4125.0,4127.91
2026-07-22 21:00:00+00:00,4127.58,4129.64,4127.57,4128.77
2026-07-22 22:00:00+00:00,4128.76,4128.76,4102.0,4117.17
2026-07-22 23:00:00+00:00,4117.18,4127.8,4112.97,4127.5
2026-07-23 00:00:00+00:00,4127.5,4128.96,4121.83,4128.56
2026-07-23 01:00:00+00:00,4128.56,4135.63,4110.89,4113.86
2026-07-23 02:00:00+00:00,4113.85,4123.73,4109.54,4122.11
2026-07-23 03:00:00+00:00,4122.11,4126.98,4119.67,4120.49
2026-07-23 04:00:00+00:00,4120.5,4124.81,4116.21,4116.37
2026-07-23 05:00:00+00:00,4116.38,4124.5,4115.67,4118.68
2026-07-23 06:00:00+00:00,4118.74,4122.38,4113.83,4115.33
2026-07-23 07:00:00+00:00,4115.32,4115.87,4088.87,4092.88
2026-07-23 08:00:00+00:00,4092.89,4094.85,4084.24,4090.47
2026-07-23 09:00:00+00:00,4090.47,4095.42,4086.77,4087.33
2026-07-23 10:00:00+00:00,4087.33,4091.58,4084.6,4090.1
2026-07-23 11:00:00+00:00,4090.11,4090.33,4072.51,4083.24
2026-07-23 12:00:00+00:00,4083.24,4083.24,4060.34,4060.53
2026-07-23 13:00:00+00:00,4060.53,4065.08,4040.33,4043.6
2026-07-23 14:00:00+00:00,4043.51,4060.77,4040.0,4057.0
2026-07-23 15:00:00+00:00,4056.96,4057.67,4042.84,4048.01
2026-07-23 16:00:00+00:00,4048.17,4051.54,4047.33,4051.53
2026-07-23 17:00:00+00:00,4051.53,4053.61,4041.98,4041.98
2026-07-23 18:00:00+00:00,4041.89,4048.01,4040.83,4046.27
2026-07-23 19:00:00+00:00,4046.3,4050.23,4043.64,4050.22
2026-07-23 20:00:00+00:00,4050.22,4051.06,4047.32,4047.96
2026-07-23 21:00:00+00:00,4047.99,4050.3,4047.84,4050.18
2026-07-23 22:00:00+00:00,4050.19,4050.19,4048.65,4049.06
2026-07-23 23:00:00+00:00,4049.01,4050.16,4047.34,4047.34
2026-07-24 00:00:00+00:00,4047.34,4050.93,4042.0,4050.14
2026-07-24 01:00:00+00:00,4049.93,4050.67,4040.28,4044.32
2026-07-24 02:00:00+00:00,4044.32,4048.45,4023.69,4024.4
2026-07-24 03:00:00+00:00,4024.43,4033.74,4023.98,4030.18
2026-07-24 04:00:00+00:00,4030.17,4031.28,4027.62,4029.33
2026-07-24 05:00:00+00:00,4029.32,4032.55,4024.01,4024.17
2026-07-24 06:00:00+00:00,4024.17,4039.96,4024.17,4037.67
2026-07-24 07:00:00+00:00,4037.67,4052.33,4037.14,4048.47
2026-07-24 08:00:00+00:00,4048.47,4056.19,4044.84,4056.19
2026-07-24 09:00:00+00:00,4056.2,4058.67,4051.66,4058.15
2026-07-24 10:00:00+00:00,4058.17,4061.58,4055.79,4057.2
2026-07-24 11:00:00+00:00,4057.21,4060.59,4049.12,4055.67
2026-07-24 12:00:00+00:00,4055.68,4058.07,4050.61,4053.33
2026-07-24 13:00:00+00:00,4053.33,4069.23,4044.0,4068.65
2026-07-24 14:00:00+00:00,4068.66,4070.0,4058.99,4065.52
2026-07-24 15:00:00+00:00,4065.48,4081.48,4064.2,4075.5
2026-07-24 16:00:00+00:00,4075.49,4076.13,4063.67,4065.0
2026-07-24 17:00:00+00:00,4064.99,4068.01,4061.83,4062.14
2026-07-24 18:00:00+00:00,4062.15,4062.7,4052.13,4054.8
2026-07-24 19:00:00+00:00,4054.8,4057.12,4050.01,4053.66
2026-07-24 20:00:00+00:00,4053.65,4055.51,4048.0,4049.18
2026-07-24 21:00:00+00:00,4049.18,4055.07,4049.17,4054.22
2026-07-24 22:00:00+00:00,4054.21,4054.22,4052.06,4053.32
2026-07-24 23:00:00+00:00,4053.33,4054.33,4053.22,4054.31
2026-07-25 00:00:00+00:00,4054.32,4054.97,4054.29,4054.29
2026-07-25 01:00:00+00:00,4054.3,4054.34,4053.87,4054.17
2026-07-25 02:00:00+00:00,4054.17,4054.17,4052.52,4052.52
2026-07-25 03:00:00+00:00,4052.53,4052.82,4052.2,4052.33
2026-07-25 04:00:00+00:00,4052.33,4052.99,4052.3,4052.3
2026-07-25 05:00:00+00:00,4052.3,4052.31,4052.3,4052.3
2026-07-25 06:00:00+00:00,4052.31,4053.78,4052.3,4053.01
2026-07-25 07:00:00+00:00,4053.01,4054.89,4053.0,4053.56
2026-07-25 08:00:00+00:00,4053.57,4053.57,4052.99,4052.99
2026-07-25 09:00:00+00:00,4053.0,4053.2,4052.94,4053.18
2026-07-25 10:00:00+00:00,4053.17,4053.17,4051.8,4051.81
2026-07-25 11:00:00+00:00,4051.81,4051.82,4051.26,4051.8
2026-07-25 12:00:00+00:00,4051.8,4053.0,4051.77,4052.18
2026-07-25 13:00:00+00:00,4052.18,4054.79,4052.05,4054.47
2026-07-25 14:00:00+00:00,4054.48,4055.31,4054.36,4054.37
2026-07-25 15:00:00+00:00,4054.37,4054.72,4054.19,4054.23
2026-07-25 16:00:00+00:00,4054.23,4054.88,4053.97,4054.67
2026-07-25 17:00:00+00:00,4054.67,4055.58,4054.43,4054.63
2026-07-25 18:00:00+00:00,4054.63,4054.76,4054.6,4054.67
2026-07-25 19:00:00+00:00,4054.67,4054.73,4054.33,4054.62
2026-07-25 20:00:00+00:00,4054.62,4056.53,4054.28,4054.68
2026-07-25 21:00:00+00:00,4054.67,4055.8,4054.51,4054.89
2026-07-25 22:00:00+00:00,4054.9,4055.93,4054.62,4055.37
2026-07-25 23:00:00+00:00,4055.37,4056.0,4055.36,4055.47
2026-07-26 00:00:00+00:00,4055.48,4055.83,4054.65,4055.26
2026-07-26 01:00:00+00:00,4055.26,4056.22,4055.25,4056.21
2026-07-26 02:00:00+00:00,4056.21,4056.22,4054.51,4054.52
2026-07-26 03:00:00+00:00,4054.51,4054.74,4054.51,4054.56
2026-07-26 04:00:00+00:00,4054.55,4056.28,4054.55,4055.93
2026-07-26 05:00:00+00:00,4055.93,4055.95,4055.68,4055.91
2026-07-26 06:00:00+00:00,4055.92,4055.97,4053.83,4054.17
2026-07-26 07:00:00+00:00,4054.18,4055.99,4053.87,4053.89
2026-07-26 08:00:00+00:00,4053.89,4055.95,4053.88,4054.33
2026-07-26 09:00:00+00:00,4054.33,4055.12,4053.8,4053.86
2026-07-26 10:00:00+00:00,4053.85,4056.36,4053.85,4054.67
2026-07-26 11:00:00+00:00,4054.67,4055.04,4053.51,4054.38
2026-07-26 12:00:00+00:00,4054.38,4054.88,4054.35,4054.69
2026-07-26 13:00:00+00:00,4054.7,4055.52,4054.36,4054.67
2026-07-26 14:00:00+00:00,4054.68,4054.78,4053.86,4053.86
2026-07-26 15:00:00+00:00,4053.87,4056.58,4053.6,4055.28
2026-07-26 16:00:00+00:00,4055.25,4059.41,4054.76,4055.3
2026-07-26 17:00:00+00:00,4055.3,4055.31,4053.67,4053.88
2026-07-26 18:00:00+00:00,4053.88,4054.3,4053.88,4053.89
2026-07-26 19:00:00+00:00,4053.89,4054.17,4053.67,4053.91
2026-07-26 20:00:00+00:00,4053.92,4055.85,4053.91,4055.85
2026-07-26 21:00:00+00:00,4055.84,4066.8,4055.84,4065.83
2026-07-26 22:00:00+00:00,4065.82,4084.61,4065.79,4081.34
2026-07-26 23:00:00+00:00,4081.16,4087.25,4075.87,4085.74
2026-07-27 00:00:00+00:00,4085.74,4104.9,4081.98,4091.11
2026-07-27 01:00:00+00:00,4091.11,4101.21,4087.31,4098.72
2026-07-27 02:00:00+00:00,4098.72,4099.38,4084.63,4084.63
2026-07-27 03:00:00+00:00,4084.5,4085.93,4077.62,4082.16
2026-07-27 04:00:00+00:00,4082.17,4083.67,4078.81,4081.22
2026-07-27 05:00:00+00:00,4081.21,4084.8,4077.19,4083.4
2026-07-27 06:00:00+00:00,4083.4,4088.58,4082.48,4086.85
2026-07-27 07:00:00+00:00,4086.86,4094.83,4079.1,4079.1
2026-07-27 08:00:00+00:00,4079.11,4086.07,4078.1,4086.06
2026-07-27 09:00:00+00:00,4086.06,4089.53,4081.37,4086.96
2026-07-27 10:00:00+00:00,4086.96,4091.51,4078.33,4089.39
2026-07-27 11:00:00+00:00,4089.4,4093.54,4084.33,4084.33
2026-07-27 12:00:00+00:00,4084.33,4086.85,4072.13,4074.31
2026-07-27 13:00:00+00:00,4074.32,4080.18,4062.26,4065.02
2026-07-27 14:00:00+00:00,4065.01,4070.01,4057.14,4068.13
2026-07-27 15:00:00+00:00,4068.14,4071.8,4063.38,4071.79
2026-07-27 16:00:00+00:00,4071.79,4085.06,4071.01,4074.28
2026-07-27 17:00:00+00:00,4074.27,4074.27,4064.11,4068.75
2026-07-27 18:00:00+00:00,4068.74,4071.48,4065.34,4069.95
2026-07-27 19:00:00+00:00,4069.95,4079.99,4068.09,4075.34
2026-07-27 20:00:00+00:00,4075.34,4075.34,4067.7,4067.93
2026-07-27 21:00:00+00:00,4067.92,4072.93,4067.7,4068.01
2026-07-27 22:00:00+00:00,4068.01,4072.24,4064.04,4064.84
2026-07-27 23:00:00+00:00,4064.83,4065.33,4061.93,4063.84
2026-07-28 00:00:00+00:00,4063.84,4065.26,4049.93,4050.26
2026-07-28 01:00:00+00:00,4050.25,4051.69,4036.07,4037.48
2026-07-28 02:00:00+00:00,4037.49,4042.0,4034.33,4035.47
2026-07-28 03:00:00+00:00,4035.48,4042.33,4033.91,4041.25
2026-07-28 04:00:00+00:00,4041.25,4041.25,4035.51,4035.51
2026-07-28 05:00:00+00:00,4035.5,4038.57,4028.73,4038.55
2026-07-28 06:00:00+00:00,4038.55,4044.87,4037.0,4042.41
2026-07-28 07:00:00+00:00,4042.41,4045.17,4039.65,4040.66
2026-07-28 08:00:00+00:00,4040.16,4047.23,4036.88,4038.17
2026-07-28 09:00:00+00:00,4038.17,4039.0,4015.0,4017.86
2026-07-28 10:00:00+00:00,4018.02,4022.83,4012.64,4021.79
2026-07-28 11:00:00+00:00,4021.79,4026.09,4018.32,4022.42
2026-07-28 12:00:00+00:00,4022.42,4031.39,4018.33,4024.18
2026-07-28 13:00:00+00:00,4024.17,4028.16,4013.59,4015.57
2026-07-28 14:00:00+00:00,4015.57,4026.5,4006.82,4018.3
2026-07-28 15:00:00+00:00,4018.3,4039.12,4015.72,4039.05
2026-07-28 16:00:00+00:00,4039.05,4039.05,4030.02,4030.37
2026-07-28 17:00:00+00:00,4030.3,4033.51,4020.17,4021.42
2026-07-28 18:00:00+00:00,4021.42,4023.47,4016.1,4016.91
2026-07-28 19:00:00+00:00,4016.91,4021.28,4016.49,4020.75
2026-07-28 20:00:00+00:00,4020.75,4024.01,4017.02,4023.22
2026-07-28 21:00:00+00:00,4023.23,4027.16,4023.2,4023.97
2026-07-28 22:00:00+00:00,4023.96,4028.46,4007.78,4012.33
2026-07-28 23:00:00+00:00,4012.33,4019.31,4009.83,4018.4
2026-07-29 00:00:00+00:00,4018.39,4022.87,4011.57,4015.24
2026-07-29 01:00:00+00:00,4015.17,4022.89,4005.0,4018.19
2026-07-29 02:00:00+00:00,4018.33,4029.03,4016.96,4023.26
2026-07-29 03:00:00+00:00,4023.16,4024.66,4017.04,4017.05
2026-07-29 04:00:00+00:00,4017.05,4019.52,4014.53,4019.37
2026-07-29 05:00:00+00:00,4019.37,4031.45,4019.37,4026.66
2026-07-29 06:00:00+00:00,4026.61,4036.41,4026.61,4033.17
2026-07-29 07:00:00+00:00,4033.18,4038.71,4033.18,4034.51
2026-07-29 08:00:00+00:00,4034.51,4035.29,4027.58,4029.76
2026-07-29 09:00:00+00:00,4029.67,4029.67,4025.5,4026.01
2026-07-29 10:00:00+00:00,4026.01,4026.46,4018.96,4019.12
2026-07-29 11:00:00+00:00,4019.13,4027.52,4018.75,4024.61
2026-07-29 12:00:00+00:00,4024.62,4025.17,4004.77,4016.1
2026-07-29 13:00:00+00:00,4016.1,4018.54,3997.2,4001.57
2026-07-29 14:00:00+00:00,4001.61,4005.18,3992.23,4001.2
2026-07-29 15:00:00+00:00,4001.32,4008.12,4000.6,4005.01
2026-07-29 16:00:00+00:00,4005.01,4025.39,4004.09,4021.89
2026-07-29 17:00:00+00:00,4021.88,4041.0,4021.88,4037.26
2026-07-29 18:00:00+00:00,4037.25,4094.99,4035.63,4092.81
2026-07-29 19:00:00+00:00,4093.04,4100.84,4036.49,4036.49
2026-07-29 20:00:00+00:00,4036.49,4058.78,4035.29,4058.25
2026-07-29 21:00:00+00:00,4058.24,4058.6,4052.37,4054.89
2026-07-29 22:00:00+00:00,4054.87,4078.06,4054.87,4076.85
2026-07-29 23:00:00+00:00,4076.86,4087.5,4075.01,4075.01
2026-07-30 00:00:00+00:00,4075.0,4075.27,4056.67,4061.68
2026-07-30 01:00:00+00:00,4061.75,4080.79,4060.95,4074.49
2026-07-30 02:00:00+00:00,4074.49,4078.03,4055.74,4056.31
2026-07-30 03:00:00+00:00,4056.3,4061.49,4045.5,4051.29
2026-07-30 04:00:00+00:00,4051.29,4052.17,4039.59,4040.84
2026-07-30 05:00:00+00:00,4040.84,4045.22,4025.2,4029.5
2026-07-30 06:00:00+00:00,4029.35,4035.17,4026.3,4031.53
2026-07-30 07:00:00+00:00,4031.55,4043.9,4031.54,4034.31
2026-07-30 08:00:00+00:00,4034.31,4064.0,4032.81,4054.42
2026-07-30 09:00:00+00:00,4054.42,4064.54,4053.98,4056.49
2026-07-30 10:00:00+00:00,4056.33,4073.99,4056.33,4068.21
2026-07-30 11:00:00+00:00,4068.21,4071.99,4066.23,4067.79
2026-07-30 12:00:00+00:00,4067.82,4076.68,4060.09,4062.5
2026-07-30 13:00:00+00:00,4062.49,4099.0,4058.87,4098.21
2026-07-30 14:00:00+00:00,4098.21,4105.42,4077.15,4087.69
2026-07-30 15:00:00+00:00,4087.7,4096.47,4073.11,4094.51
2026-07-30 16:00:00+00:00,4094.52,4103.64,4093.83,4095.43
2026-07-30 17:00:00+00:00,4095.44,4099.72,4085.77,4094.74
2026-07-30 18:00:00+00:00,4094.74,4098.82,4092.06,4092.21
2026-07-30 19:00:00+00:00,4092.22,4105.82,4092.21,4102.62
2026-07-30 20:00:00+00:00,4102.62,4106.75,4091.28,4094.93
2026-07-30 21:00:00+00:00,4094.93,4097.94,4093.17,4097.94
2026-07-30 22:00:00+00:00,4097.93,4101.05,4093.71,4100.93
2026-07-30 23:00:00+00:00,4100.93,4102.4,4095.33,4095.84
2026-07-31 00:00:00+00:00,4095.85,4096.14,4083.37,4087.52
2026-07-31 01:00:00+00:00,4087.52,4092.85,4076.17,4078.29
2026-07-31 02:00:00+00:00,4078.21,4082.61,4068.53,4070.28
2026-07-31 03:00:00+00:00,4070.28,4072.35,4066.66,4069.06
2026-07-31 04:00:00+00:00,4069.06,4074.81,4068.26,4073.33
2026-07-31 05:00:00+00:00,4073.44,4076.0,4068.09,4068.45
2026-07-31 06:00:00+00:00,4068.46,4079.81,4067.16,4072.33
2026-07-31 07:00:00+00:00,4072.34,4072.34,4055.04,4055.7
2026-07-31 08:00:00+00:00,4055.55,4058.5,4048.08,4054.81
2026-07-31 09:00:00+00:00,4054.46,4055.99,4046.17,4049.99
2026-07-31 10:00:00+00:00,4049.98,4052.54,4047.93,4049.87
2026-07-31 11:00:00+00:00,4049.88,4054.62,4046.59,4048.77
2026-07-31 12:00:00+00:00,4048.77,4053.69,4038.12,4038.12
2026-07-31 13:00:00+00:00,4038.02,4042.46,4020.33,4023.91
2026-07-31 14:00:00+00:00,4023.89,4044.14,4019.62,4043.49
2026-07-31 15:00:00+00:00,4043.48,4046.82,4032.3,4039.52
2026-07-31 16:00:00+00:00,4039.51,4043.18,4036.67,4038.46
2026-07-31 17:00:00+00:00,4038.47,4049.24,4037.52,4048.61
2026-07-31 18:00:00+00:00,4048.61,4049.86,4042.5,4045.46
2026-07-31 19:00:00+00:00,4045.5,4048.14,4042.2,4044.93
2026-07-31 20:00:00+00:00,4044.93,4045.71,4037.23,4037.23
2026-07-31 21:00:00+00:00,4037.23,4043.56,4037.23,4039.61
2026-07-31 22:00:00+00:00,4039.61,4043.65,4039.56,4043.64
2026-07-31 23:00:00+00:00,4043.65,4043.65,4041.51,4041.71
