time,open,high,low,close
2025-12-11 08:00:00+00:00,4217.0,4300.0,4100.0,4226.84
2025-12-11 09:00:00+00:00,4226.5,4241.0,4219.5,4236.0
2025-12-11 10:00:00+00:00,4234.8,4239.5,4226.2,4232.0
2025-12-11 11:00:00+00:00,4231.98,4235.0,4216.0,4224.0
2025-12-11 12:00:00+00:00,4224.0,4227.2,4218.0,4224.8
2025-12-11 13:00:00+00:00,4224.8,4228.0,4219.8,4223.9
2025-12-11 14:00:00+00:00,4225.89,4236.0,4221.16,4226.2
2025-12-11 15:00:00+00:00,4231.19,4239.0,4226.56,4238.47
2025-12-11 16:00:00+00:00,4238.47,4249.99,4228.97,4248.07
2025-12-11 17:00:00+00:00,4249.99,4285.11,4235.0,4267.6
2025-12-11 18:00:00+00:00,4267.6,4410.0,4100.0,4290.0
2025-12-11 19:00:00+00:00,4281.0,4349.99,4254.89,4280.0
2025-12-11 20:00:00+00:00,4276.0,4287.81,4252.0,4282.0
2025-12-11 21:00:00+00:00,4282.0,4290.22,4252.0,4273.02
2025-12-11 22:00:00+00:00,4273.29,4290.22,4260.0,4283.0
2025-12-11 23:00:00+00:00,4283.0,4288.98,4260.0,4271.2
2025-12-12 00:00:00+00:00,4262.55,4284.08,4250.0,4261.3
2025-12-12 01:00:00+00:00,4261.3,4275.0,4256.0,4263.99
2025-12-12 02:00:00+00:00,4263.98,4275.19,4256.7,4268.0
2025-12-12 03:00:00+00:00,4268.0,4273.51,4262.0,4273.5
2025-12-12 04:00:00+00:00,4270.5,4273.5,4266.0,4267.18
2025-12-12 05:00:00+00:00,4267.18,4271.05,4267.18,4267.83
2025-12-12 06:00:00+00:00,4267.18,4275.0,4264.53,4275.0
2025-12-12 07:00:00+00:00,4272.0,4287.0,4270.47,4284.0
2025-12-12 08:00:00+00:00,4284.4,4388.0,4235.0,4309.66
2025-12-12 09:00:00+00:00,4308.22,4328.88,4302.59,4317.21
2025-12-12 10:00:00+00:00,4317.28,4328.0,4300.0,4323.76
2025-12-12 11:00:00+00:00,4323.95,4354.6,4314.19,4340.0
2025-12-12 12:00:00+00:00,4340.0,4345.0,4322.22,4322.92
2025-12-12 13:00:00+00:00,4322.92,4339.88,4322.41,4335.08
2025-12-12 14:00:00+00:00,4337.01,4340.0,4312.0,4332.84
2025-12-12 15:00:00+00:00,4333.37,4335.56,4266.0,4291.61
2025-12-12 16:00:00+00:00,4291.18,4295.99,4274.01,4281.21
2025-12-12 17:00:00+00:00,4283.66,4300.0,4276.0,4295.55
2025-12-12 18:00:00+00:00,4295.27,4312.0,4280.0,4300.82
2025-12-12 19:00:00+00:00,4303.83,4329.0,4281.2,4302.0
2025-12-12 20:00:00+00:00,4301.25,4338.0,4300.23,4310.0
2025-12-12 21:00:00+00:00,4310.0,4339.98,4280.0,4302.7
2025-12-12 22:00:00+00:00,4302.8,4340.0,4300.0,4307.6
2025-12-12 23:00:00+00:00,4301.2,4309.6,4301.11,4303.3
2025-12-13 00:00:00+00:00,4303.3,4307.5,4300.32,4300.32
2025-12-13 01:00:00+00:00,4300.33,4328.0,4300.32,4305.9
2025-12-13 02:00:00+00:00,4305.9,4311.0,4301.5,4302.0
2025-12-13 03:00:00+00:00,4302.0,4306.0,4300.1,4302.2
2025-12-13 04:00:00+00:00,4300.2,4306.8,4300.11,4300.45
2025-12-13 05:00:00+00:00,4300.2,4306.69,4280.0,4280.0
2025-12-13 06:00:00+00:00,4304.28,4327.0,4270.0,4302.0
2025-12-13 07:00:00+00:00,4302.0,4305.65,4295.0,4298.34
2025-12-13 08:00:00+00:00,4302.8,4303.99,4286.5,4299.6
2025-12-13 09:00:00+00:00,4299.6,4299.7,4290.01,4297.7
2025-12-13 10:00:00+00:00,4297.7,4299.7,4282.0,4295.18
2025-12-13 11:00:00+00:00,4289.0,4295.17,4289.0,4291.19
2025-12-13 12:00:00+00:00,4295.0,4299.0,4291.2,4297.5
2025-12-13 13:00:00+00:00,4292.0,4299.0,4292.0,4297.79
2025-12-13 14:00:00+00:00,4293.61,4297.89,4290.2,4295.4
2025-12-13 15:00:00+00:00,4291.1,4297.99,4290.5,4296.77
2025-12-13 16:00:00+00:00,4296.75,4299.0,4292.2,4295.1
2025-12-13 17:00:00+00:00,4297.87,4298.9,4293.0,4298.2
2025-12-13 18:00:00+00:00,4293.06,4298.2,4293.06,4293.1
2025-12-13 19:00:00+00:00,4296.79,4298.14,4293.16,4293.54
2025-12-13 20:00:00+00:00,4293.55,4298.05,4293.54,4298.04
2025-12-13 21:00:00+00:00,4298.02,4298.02,4293.1,4293.31
2025-12-13 22:00:00+00:00,4297.15,4298.07,4294.04,4297.99
2025-12-13 23:00:00+00:00,4294.06,4297.8,4293.1,4293.44
2025-12-14 00:00:00+00:00,4297.48,4305.0,4293.1,4293.7
2025-12-14 01:00:00+00:00,4302.0,4303.6,4294.2,4300.96
2025-12-14 02:00:00+00:00,4299.0,4303.0,4296.01,4298.5
2025-12-14 03:00:00+00:00,4302.5,4312.0,4296.96,4297.77
2025-12-14 04:00:00+00:00,4297.79,4306.0,4297.67,4302.95
2025-12-14 05:00:00+00:00,4302.5,4302.95,4297.67,4302.91
2025-12-14 06:00:00+00:00,4302.85,4302.85,4297.7,4302.8
2025-12-14 07:00:00+00:00,4298.2,4305.88,4298.2,4305.5
2025-12-14 08:00:00+00:00,4299.05,4305.7,4299.0,4304.49
2025-12-14 09:00:00+00:00,4301.1,4304.49,4298.2,4298.3
2025-12-14 10:00:00+00:00,4298.3,4302.48,4298.0,4302.46
2025-12-14 11:00:00+00:00,4302.46,4305.99,4297.05,4298.1
2025-12-14 12:00:00+00:00,4298.6,4304.8,4297.05,4300.05
2025-12-14 13:00:00+00:00,4300.05,4301.96,4298.8,4298.81
2025-12-14 14:00:00+00:00,4301.0,4301.91,4294.02,4294.03
2025-12-14 15:00:00+00:00,4294.03,4301.88,4294.03,4299.99
2025-12-14 16:00:00+00:00,4295.57,4299.47,4294.45,4295.2
2025-12-14 17:00:00+00:00,4299.23,4299.34,4295.2,4295.26
2025-12-14 18:00:00+00:00,4299.3,4303.55,4295.28,4303.55
2025-12-14 19:00:00+00:00,4303.55,4303.55,4295.31,4303.55
2025-12-14 20:00:00+00:00,4295.85,4303.55,4295.35,4303.55
2025-12-14 21:00:00+00:00,4303.55,4304.04,4293.1,4300.0
2025-12-14 22:00:00+00:00,4293.7,4304.05,4293.1,4300.63
2025-12-14 23:00:00+00:00,4296.7,4304.05,4294.28,4302.09
2025-12-15 00:00:00+00:00,4300.39,4302.42,4290.5,4296.73
2025-12-15 01:00:00+00:00,4296.37,4320.0,4296.18,4318.56
2025-12-15 02:00:00+00:00,4318.25,4332.32,4296.51,4318.53
2025-12-15 03:00:00+00:00,4318.74,4325.75,4311.03,4321.46
2025-12-15 04:00:00+00:00,4320.62,4325.74,4317.7,4321.7
2025-12-15 05:00:00+00:00,4320.3,4333.0,4311.02,4328.61
2025-12-15 06:00:00+00:00,4328.0,4339.0,4317.0,4333.23
2025-12-15 07:00:00+00:00,4334.59,4339.9,4325.0,4332.12
2025-12-15 08:00:00+00:00,4325.22,4338.0,4325.0,4338.0
2025-12-15 09:00:00+00:00,4333.08,4338.0,4328.0,4332.88
2025-12-15 10:00:00+00:00,4330.82,4336.0,4325.58,4326.02
2025-12-15 11:00:00+00:00,4328.38,4330.75,4325.0,4327.6
2025-12-15 12:00:00+00:00,4330.74,4338.88,4327.05,4335.91
2025-12-15 13:00:00+00:00,4330.58,4338.0,4326.0,4326.09
2025-12-15 14:00:00+00:00,4326.04,4336.99,4308.26,4313.41
2025-12-15 15:00:00+00:00,4314.0,4326.98,4300.0,4318.67
2025-12-15 16:00:00+00:00,4315.11,4323.89,4292.0,4306.52
2025-12-15 17:00:00+00:00,4305.18,4308.86,4300.0,4302.49
2025-12-15 18:00:00+00:00,4302.72,4324.59,4300.02,4314.65
2025-12-15 19:00:00+00:00,4316.67,4317.34,4302.9,4314.5
2025-12-15 20:00:00+00:00,4312.68,4313.76,4300.87,4301.06
2025-12-15 21:00:00+00:00,4301.52,4307.42,4300.0,4305.0
2025-12-15 22:00:00+00:00,4304.3,4322.93,4283.0,4300.0
2025-12-15 23:00:00+00:00,4305.88,4314.64,4302.92,4310.49
2025-12-16 00:00:00+00:00,4310.87,4313.0,4283.02,4304.09
2025-12-16 01:00:00+00:00,4304.44,4310.56,4288.53,4304.6
2025-12-16 02:00:00+00:00,4301.4,4317.99,4288.0,4300.0
2025-12-16 03:00:00+00:00,4288.2,4300.0,4288.2,4299.98
2025-12-16 04:00:00+00:00,4293.92,4301.87,4289.21,4293.81
2025-12-16 05:00:00+00:00,4296.12,4299.82,4280.71,4291.0
2025-12-16 06:00:00+00:00,4290.99,4295.0,4287.78,4291.39
2025-12-16 07:00:00+00:00,4292.0,4303.3,4280.0,4290.46
2025-12-16 08:00:00+00:00,4289.83,4292.32,4273.24,4284.39
2025-12-16 09:00:00+00:00,4286.57,4287.67,4276.01,4280.0
2025-12-16 10:00:00+00:00,4282.77,4287.67,4275.21,4279.32
2025-12-16 11:00:00+00:00,4282.03,4285.0,4270.0,4280.88
2025-12-16 12:00:00+00:00,4280.84,4298.33,4279.18,4294.67
2025-12-16 13:00:00+00:00,4295.09,4313.08,4291.39,4306.56
2025-12-16 14:00:00+00:00,4306.44,4335.04,4304.42,4316.67
2025-12-16 15:00:00+00:00,4318.63,4335.0,4306.55,4315.1
2025-12-16 16:00:00+00:00,4315.0,4316.53,4291.0,4305.46
2025-12-16 17:00:00+00:00,4303.6,4307.98,4297.02,4301.31
2025-12-16 18:00:00+00:00,4303.33,4312.0,4294.59,4307.35
2025-12-16 19:00:00+00:00,4308.48,4311.02,4295.0,4307.84
2025-12-16 20:00:00+00:00,4307.85,4310.5,4298.0,4302.01
2025-12-16 21:00:00+00:00,4300.87,4305.33,4291.0,4301.76
2025-12-16 22:00:00+00:00,4301.1,4305.65,4293.77,4305.62
2025-12-16 23:00:00+00:00,4296.16,4314.09,4284.0,4284.0
2025-12-17 00:00:00+00:00,4310.88,4321.55,4292.8,4319.44
2025-12-17 01:00:00+00:00,4318.25,4326.6,4307.6,4320.64
2025-12-17 02:00:00+00:00,4321.88,4325.0,4299.0,4307.51
2025-12-17 03:00:00+00:00,4305.91,4315.0,4305.91,4313.49
2025-12-17 04:00:00+00:00,4314.98,4321.0,4308.72,4319.9
2025-12-17 05:00:00+00:00,4318.67,4330.0,4312.81,4321.81
2025-12-17 06:00:00+00:00,4321.81,4330.0,4318.0,4321.53
2025-12-17 07:00:00+00:00,4318.78,4324.2,4313.08,4317.2
2025-12-17 08:00:00+00:00,4317.2,4318.95,4307.09,4314.82
2025-12-17 09:00:00+00:00,4313.45,4323.98,4313.45,4316.44
2025-12-17 10:00:00+00:00,4316.34,4319.8,4305.02,4314.99
2025-12-17 11:00:00+00:00,4314.88,4319.41,4311.68,4316.82
2025-12-17 12:00:00+00:00,4315.0,4319.99,4311.71,4315.31
2025-12-17 13:00:00+00:00,4315.34,4329.8,4312.3,4329.5
2025-12-17 14:00:00+00:00,4329.5,4335.0,4312.28,4329.81
2025-12-17 15:00:00+00:00,4329.81,4341.38,4318.01,4323.55
2025-12-17 16:00:00+00:00,4324.46,4331.83,4314.0,4326.91
2025-12-17 17:00:00+00:00,4329.62,4334.88,4321.43,4330.99
2025-12-17 18:00:00+00:00,4332.85,4340.0,4320.4,4330.14
2025-12-17 19:00:00+00:00,4323.4,4332.96,4323.4,4325.01
2025-12-17 20:00:00+00:00,4325.53,4337.39,4325.53,4329.87
2025-12-17 21:00:00+00:00,4329.87,4345.0,4326.95,4327.72
2025-12-17 22:00:00+00:00,4334.43,4343.17,4327.21,4331.24
2025-12-17 23:00:00+00:00,4331.62,4337.2,4328.04,4330.82
2025-12-18 00:00:00+00:00,4334.76,4340.0,4331.01,4333.92
2025-12-18 01:00:00+00:00,4329.2,4335.6,4321.08,4326.99
2025-12-18 02:00:00+00:00,4326.98,4334.62,4319.0,4324.96
2025-12-18 03:00:00+00:00,4324.96,4326.52,4319.98,4321.8
2025-12-18 04:00:00+00:00,4321.8,4329.99,4318.0,4320.99
2025-12-18 05:00:00+00:00,4320.71,4327.05,4320.71,4321.93
2025-12-18 06:00:00+00:00,4324.5,4324.5,4318.25,4319.01
2025-12-18 07:00:00+00:00,4319.01,4328.44,4317.13,4320.73
2025-12-18 08:00:00+00:00,4319.47,4321.93,4312.36,4317.59
2025-12-18 09:00:00+00:00,4317.58,4319.0,4312.15,4315.2
2025-12-18 10:00:00+00:00,4315.4,4322.0,4315.2,4320.46
2025-12-18 11:00:00+00:00,4317.37,4321.98,4316.93,4320.0
2025-12-18 12:00:00+00:00,4320.77,4321.5,4312.59,4313.07
2025-12-18 13:00:00+00:00,4318.95,4329.7,4306.0,4326.5
2025-12-18 14:00:00+00:00,4326.39,4328.67,4305.0,4321.0
2025-12-18 15:00:00+00:00,4321.0,4327.1,4314.98,4323.01
2025-12-18 16:00:00+00:00,4323.0,4358.9,4323.0,4347.99
2025-12-18 17:00:00+00:00,4342.88,4347.98,4313.8,4326.89
2025-12-18 18:00:00+00:00,4326.96,4336.05,4323.12,4323.24
2025-12-18 19:00:00+00:00,4324.01,4333.41,4319.2,4322.95
2025-12-18 20:00:00+00:00,4323.05,4336.45,4319.2,4329.06
2025-12-18 21:00:00+00:00,4333.22,4333.22,4324.69,4326.77
2025-12-18 22:00:00+00:00,4330.73,4330.73,4322.04,4322.04
2025-12-18 23:00:00+00:00,4326.0,4329.0,4322.82,4328.99
2025-12-19 00:00:00+00:00,4328.99,4328.99,4319.01,4326.18
2025-12-19 01:00:00+00:00,4320.0,4325.7,4310.0,4321.0
2025-12-19 02:00:00+00:00,4320.01,4324.11,4315.0,4316.01
2025-12-19 03:00:00+00:00,4316.01,4325.0,4313.0,4316.0
2025-12-19 04:00:00+00:00,4319.55,4320.0,4312.6,4320.0
2025-12-19 05:00:00+00:00,4317.53,4322.0,4310.68,4321.9
2025-12-19 06:00:00+00:00,4321.9,4324.0,4316.1,4321.7
2025-12-19 07:00:00+00:00,4318.87,4323.46,4316.73,4318.71
2025-12-19 08:00:00+00:00,4318.71,4323.28,4316.62,4321.21
2025-12-19 09:00:00+00:00,4321.21,4325.0,4320.3,4324.0
2025-12-19 10:00:00+00:00,4323.99,4323.99,4320.4,4323.45
2025-12-19 11:00:00+00:00,4323.45,4325.0,4320.3,4321.32
2025-12-19 12:00:00+00:00,4321.32,4323.8,4317.74,4319.61
2025-12-19 13:00:00+00:00,4319.62,4327.06,4318.61,4324.93
2025-12-19 14:00:00+00:00,4324.37,4329.0,4320.0,4328.0
2025-12-19 15:00:00+00:00,4327.99,4340.93,4324.26,4332.91
2025-12-19 16:00:00+00:00,4334.93,4344.0,4329.19,4341.51
2025-12-19 17:00:00+00:00,4343.12,4349.98,4342.03,4345.87
2025-12-19 18:00:00+00:00,4346.51,4347.89,4341.52,4343.57
2025-12-19 19:00:00+00:00,4343.41,4348.0,4340.01,4341.35
2025-12-19 20:00:00+00:00,4344.99,4346.27,4329.98,4336.24
2025-12-19 21:00:00+00:00,4334.96,4339.1,4327.56,4336.08
2025-12-19 22:00:00+00:00,4338.78,4342.0,4334.94,4342.0
2025-12-19 23:00:00+00:00,4337.97,4341.78,4334.1,4337.04
2025-12-20 00:00:00+00:00,4338.04,4338.29,4334.1,4337.82
2025-12-20 01:00:00+00:00,4337.81,4339.99,4337.81,4339.99
2025-12-20 02:00:00+00:00,4339.99,4342.0,4337.82,4338.21
2025-12-20 03:00:00+00:00,4340.99,4341.91,4338.21,4341.91
2025-12-20 04:00:00+00:00,4341.91,4341.91,4339.62,4341.85
2025-12-20 05:00:00+00:00,4339.72,4341.87,4339.67,4339.74
2025-12-20 06:00:00+00:00,4339.75,4352.8,4332.0,4340.0
2025-12-20 07:00:00+00:00,4339.49,4341.48,4338.22,4341.48
2025-12-20 08:00:00+00:00,4339.01,4342.0,4335.82,4339.29
2025-12-20 09:00:00+00:00,4338.68,4340.81,4337.27,4338.4
2025-12-20 10:00:00+00:00,4338.4,4338.4,4336.01,4336.01
2025-12-20 11:00:00+00:00,4337.27,4337.27,4336.0,4336.0
2025-12-20 12:00:00+00:00,4336.0,4348.99,4336.0,4339.0
2025-12-20 13:00:00+00:00,4337.28,4343.98,4337.28,4343.97
2025-12-20 14:00:00+00:00,4343.89,4343.89,4338.51,4341.67
2025-12-20 15:00:00+00:00,4341.68,4343.99,4339.59,4341.72
2025-12-20 16:00:00+00:00,4340.22,4341.72,4340.14,4340.17
2025-12-20 17:00:00+00:00,4341.72,4341.72,4340.17,4341.72
2025-12-20 18:00:00+00:00,4340.18,4343.04,4340.18,4342.34
2025-12-20 19:00:00+00:00,4340.95,4342.56,4340.18,4340.18
2025-12-20 20:00:00+00:00,4340.18,4340.18,4340.18,4340.18
2025-12-20 21:00:00+00:00,4340.18,4341.52,4340.18,4341.52
2025-12-20 22:00:00+00:00,4341.52,4341.76,4340.19,4341.76
2025-12-20 23:00:00+00:00,4341.75,4341.75,4340.18,4340.18
2025-12-21 00:00:00+00:00,4340.24,4342.91,4340.17,4340.17
2025-12-21 01:00:00+00:00,4341.99,4341.99,4340.86,4340.94
2025-12-21 02:00:00+00:00,4342.4,4343.75,4341.36,4342.74
2025-12-21 03:00:00+00:00,4342.74,4344.5,4334.0,4337.01
2025-12-21 04:00:00+00:00,4343.58,4343.58,4334.02,4337.88
2025-12-21 05:00:00+00:00,4337.77,4343.99,4333.0,4343.99
2025-12-21 06:00:00+00:00,4336.77,4341.19,4336.77,4338.97
2025-12-21 07:00:00+00:00,4341.19,4343.0,4339.01,4342.99
2025-12-21 08:00:00+00:00,4342.99,4342.99,4336.01,4342.07
2025-12-21 09:00:00+00:00,4341.17,4342.49,4339.8,4339.83
2025-12-21 10:00:00+00:00,4341.15,4342.74,4339.65,4342.74
2025-12-21 11:00:00+00:00,4342.73,4342.74,4341.71,4342.74
2025-12-21 12:00:00+00:00,4341.71,4342.74,4340.67,4342.59
2025-12-21 13:00:00+00:00,4342.6,4343.97,4340.13,4343.8
2025-12-21 14:00:00+00:00,4342.49,4343.96,4342.49,4342.98
2025-12-21 15:00:00+00:00,4343.96,4343.99,4342.46,4343.99
2025-12-21 16:00:00+00:00,4342.82,4343.99,4340.02,4342.14
2025-12-21 17:00:00+00:00,4342.15,4342.15,4341.0,4341.01
2025-12-21 18:00:00+00:00,4341.0,4343.32,4340.58,4340.66
2025-12-21 19:00:00+00:00,4342.29,4342.31,4340.68,4342.31
2025-12-21 20:00:00+00:00,4340.72,4342.78,4340.72,4342.78
2025-12-21 21:00:00+00:00,4341.33,4343.58,4341.33,4343.58
2025-12-21 22:00:00+00:00,4343.58,4344.99,4336.54,4339.29
2025-12-21 23:00:00+00:00,4339.24,4342.0,4334.11,4338.72
2025-12-22 00:00:00+00:00,4342.0,4353.31,4338.84,4349.0
2025-12-22 01:00:00+00:00,4353.3,4383.45,4344.98,4377.24
2025-12-22 02:00:00+00:00,4377.87,4387.03,4370.21,4381.09
2025-12-22 03:00:00+00:00,4382.0,4399.99,4375.96,4393.98
2025-12-22 04:00:00+00:00,4394.0,4401.85,4391.02,4395.74
2025-12-22 05:00:00+00:00,4395.75,4410.0,4390.27,4392.85
2025-12-22 06:00:00+00:00,4392.0,4404.99,4389.0,4404.58
2025-12-22 07:00:00+00:00,4404.58,4429.73,4404.26,4415.07
2025-12-22 08:00:00+00:00,4414.0,4419.99,4405.02,4406.61
2025-12-22 09:00:00+00:00,4409.99,4413.58,4401.01,4408.27
2025-12-22 10:00:00+00:00,4408.85,4416.19,4400.23,4405.03
2025-12-22 11:00:00+00:00,4405.03,4413.44,4402.7,4406.62
2025-12-22 12:00:00+00:00,4404.46,4413.02,4404.46,4413.02
2025-12-22 13:00:00+00:00,4411.97,4430.17,4411.97,4423.98
2025-12-22 14:00:00+00:00,4423.97,4428.0,4415.41,4416.7
2025-12-22 15:00:00+00:00,4417.63,4428.0,4413.46,4427.99
2025-12-22 16:00:00+00:00,4425.15,4439.07,4421.8,4430.0
2025-12-22 17:00:00+00:00,4432.61,4445.0,4430.0,4437.77
2025-12-22 18:00:00+00:00,4436.32,4438.0,4430.21,4434.31
2025-12-22 19:00:00+00:00,4433.99,4434.5,4426.0,4434.0
2025-12-22 20:00:00+00:00,4429.7,4447.0,4426.01,4440.25
2025-12-22 21:00:00+00:00,4440.25,4460.0,4434.63,4447.91
2025-12-22 22:00:00+00:00,4447.91,4460.0,4446.0,4450.01
2025-12-22 23:00:00+00:00,4450.01,4466.37,4450.01,4464.33
2025-12-23 00:00:00+00:00,4463.81,4488.0,4463.13,4482.32
2025-12-23 01:00:00+00:00,4485.6,4500.0,4479.84,4494.62
2025-12-23 02:00:00+00:00,4492.17,4500.2,4490.0,4497.03
2025-12-23 03:00:00+00:00,4496.3,4500.67,4490.0,4498.16
2025-12-23 04:00:00+00:00,4498.16,4500.0,4490.2,4490.97
2025-12-23 05:00:00+00:00,4490.21,4493.93,4482.0,4483.0
2025-12-23 06:00:00+00:00,4483.0,4483.01,4466.17,4482.8
2025-12-23 07:00:00+00:00,4482.79,4490.0,4480.36,4487.09
2025-12-23 08:00:00+00:00,4486.59,4493.0,4483.55,4488.17
2025-12-23 09:00:00+00:00,4490.39,4491.0,4476.0,4478.15
2025-12-23 10:00:00+00:00,4479.58,4482.0,4470.0,4475.8
2025-12-23 11:00:00+00:00,4475.79,4490.0,4471.02,4485.01
2025-12-23 12:00:00+00:00,4488.18,4490.0,4480.97,4486.87
2025-12-23 13:00:00+00:00,4486.88,4490.4,4466.18,4476.39
2025-12-23 14:00:00+00:00,4475.23,4477.0,4445.0,4450.71
2025-12-23 15:00:00+00:00,4449.9,4460.82,4433.0,4460.27
2025-12-23 16:00:00+00:00,4459.72,4483.78,4456.51,4481.49
2025-12-23 17:00:00+00:00,4479.31,4488.12,4466.72,4480.33
2025-12-23 18:00:00+00:00,4479.25,4482.42,4474.86,4479.43
2025-12-23 19:00:00+00:00,4479.43,4490.0,4477.14,4487.05
2025-12-23 20:00:00+00:00,4483.46,4488.0,4477.63,4488.0
2025-12-23 21:00:00+00:00,4488.0,4488.0,4478.07,4479.46
2025-12-23 22:00:00+00:00,4480.1,4488.95,4478.01,4486.69
2025-12-23 23:00:00+00:00,4486.69,4520.0,4483.69,4514.46
2025-12-24 00:00:00+00:00,4515.44,4525.0,4504.16,4508.1
2025-12-24 01:00:00+00:00,4510.0,4520.0,4500.0,4517.86
2025-12-24 02:00:00+00:00,4516.46,4519.94,4495.0,4495.04
2025-12-24 03:00:00+00:00,4495.57,4510.3,4490.52,4507.99
2025-12-24 04:00:00+00:00,4507.99,4508.74,4498.4,4500.0
2025-12-24 05:00:00+00:00,4500.0,4506.48,4492.82,4498.19
2025-12-24 06:00:00+00:00,4498.11,4500.65,4491.85,4498.86
2025-12-24 07:00:00+00:00,4498.26,4500.0,4482.0,4488.13
2025-12-24 08:00:00+00:00,4485.89,4502.78,4483.81,4491.05
2025-12-24 09:00:00+00:00,4492.0,4504.99,4490.0,4504.33
2025-12-24 10:00:00+00:00,4502.44,4506.56,4491.5,4498.11
2025-12-24 11:00:00+00:00,4498.11,4499.74,4493.29,4499.09
2025-12-24 12:00:00+00:00,4498.56,4506.19,4494.24,4500.0
2025-12-24 13:00:00+00:00,4500.01,4505.0,4485.0,4494.88
2025-12-24 14:00:00+00:00,4494.89,4497.99,4473.0,4476.93
2025-12-24 15:00:00+00:00,4479.77,4487.43,4454.38,4464.36
2025-12-24 16:00:00+00:00,4463.59,4485.99,4463.01,4478.21
2025-12-24 17:00:00+00:00,4479.98,4480.0,4466.19,4479.36
2025-12-24 18:00:00+00:00,4476.46,4480.0,4475.67,4479.98
2025-12-24 19:00:00+00:00,4480.0,4480.0,4472.11,4474.82
2025-12-24 20:00:00+00:00,4478.91,4479.92,4475.5,4475.55
2025-12-24 21:00:00+00:00,4475.5,4479.99,4473.25,4477.99
2025-12-24 22:00:00+00:00,4474.21,4478.3,4461.96,4471.0
2025-12-24 23:00:00+00:00,4471.01,4475.3,4467.21,4475.3
2025-12-25 00:00:00+00:00,4475.3,4479.96,4475.3,4476.64
2025-12-25 01:00:00+00:00,4479.73,4479.99,4473.68,4479.99
2025-12-25 02:00:00+00:00,4474.81,4479.15,4472.5,4475.99
2025-12-25 03:00:00+00:00,4475.96,4476.0,4472.56,4475.79
2025-12-25 04:00:00+00:00,4475.8,4475.8,4472.56,4473.01
2025-12-25 05:00:00+00:00,4474.99,4475.0,4472.55,4474.01
2025-12-25 06:00:00+00:00,4474.99,4475.0,4472.55,4474.01
2025-12-25 07:00:00+00:00,4475.0,4476.0,4474.0,4476.0
2025-12-25 08:00:00+00:00,4475.99,4479.15,4471.79,4474.9
2025-12-25 09:00:00+00:00,4473.13,4478.92,4473.13,4477.33
2025-12-25 10:00:00+00:00,4477.32,4479.15,4476.01,4476.92
2025-12-25 11:00:00+00:00,4476.92,4479.99,4474.23,4476.15
2025-12-25 12:00:00+00:00,4478.73,4479.91,4473.49,4479.38
2025-12-25 13:00:00+00:00,4478.99,4479.0,4475.08,4478.0
2025-12-25 14:00:00+00:00,4478.0,4493.31,4477.53,4481.03
2025-12-25 15:00:00+00:00,4484.0,4499.69,4481.18,4489.99
2025-12-25 16:00:00+00:00,4490.0,4492.15,4484.9,4486.0
2025-12-25 17:00:00+00:00,4488.7,4492.96,4487.85,4491.99
2025-12-25 18:00:00+00:00,4488.04,4496.24,4485.27,4489.91
2025-12-25 19:00:00+00:00,4489.99,4495.8,4486.91,4490.63
2025-12-25 20:00:00+00:00,4490.63,4495.22,4486.92,4491.18
2025-12-25 21:00:00+00:00,4495.0,4495.0,4485.13,4489.84
2025-12-25 22:00:00+00:00,4485.17,4488.72,4485.13,4487.31
2025-12-25 23:00:00+00:00,4485.13,4507.08,4485.13,4499.8
2025-12-26 00:00:00+00:00,4498.6,4517.83,4495.01,4508.42
2025-12-26 01:00:00+00:00,4508.47,4520.0,4495.68,4506.98
2025-12-26 02:00:00+00:00,4505.49,4524.34,4493.26,4502.08
2025-12-26 03:00:00+00:00,4502.07,4509.32,4496.6,4501.18
2025-12-26 04:00:00+00:00,4500.41,4507.01,4500.15,4507.0
2025-12-26 05:00:00+00:00,4507.0,4513.68,4507.0,4510.29
2025-12-26 06:00:00+00:00,4510.29,4515.99,4504.73,4511.42
2025-12-26 07:00:00+00:00,4512.26,4514.54,4507.43,4511.45
2025-12-26 08:00:00+00:00,4513.52,4515.0,4509.14,4514.99
2025-12-26 09:00:00+00:00,4514.99,4516.0,4509.14,4513.29
2025-12-26 10:00:00+00:00,4513.29,4530.0,4498.51,4514.55
2025-12-26 11:00:00+00:00,4515.99,4516.95,4504.04,4509.55
2025-12-26 12:00:00+00:00,4508.49,4515.0,4500.1,4506.07
2025-12-26 13:00:00+00:00,4504.59,4523.97,4500.17,4518.19
2025-12-26 14:00:00+00:00,4519.98,4528.0,4509.0,4518.7
2025-12-26 15:00:00+00:00,4520.49,4530.0,4514.11,4529.03
2025-12-26 16:00:00+00:00,4528.26,4540.0,4520.55,4530.81
2025-12-26 17:00:00+00:00,4528.21,4535.7,4513.33,4520.01
2025-12-26 18:00:00+00:00,4523.48,4529.98,4520.01,4527.55
2025-12-26 19:00:00+00:00,4525.72,4535.67,4521.46,4523.64
2025-12-26 20:00:00+00:00,4526.93,4530.01,4521.0,4525.91
2025-12-26 21:00:00+00:00,4528.99,4550.0,4524.06,4535.84
2025-12-26 22:00:00+00:00,4536.21,4545.86,4525.7,4540.9
2025-12-26 23:00:00+00:00,4539.47,4544.99,4530.11,4531.11
2025-12-27 00:00:00+00:00,4534.63,4544.23,4520.0,4531.0
2025-12-27 01:00:00+00:00,4524.92,4539.01,4520.23,4525.0
2025-12-27 02:00:00+00:00,4523.01,4528.99,4522.42,4526.04
2025-12-27 03:00:00+00:00,4522.67,4540.0,4522.67,4527.63
2025-12-27 04:00:00+00:00,4529.91,4535.0,4523.0,4535.0
2025-12-27 05:00:00+00:00,4535.0,4537.6,4529.97,4530.71
2025-12-27 06:00:00+00:00,4530.72,4538.0,4528.99,4537.51
2025-12-27 07:00:00+00:00,4533.09,4539.99,4531.0,4536.7
2025-12-27 08:00:00+00:00,4533.56,4538.0,4532.21,4538.0
2025-12-27 09:00:00+00:00,4537.99,4538.99,4532.4,4533.7
2025-12-27 10:00:00+00:00,4533.71,4543.0,4531.75,4534.0
2025-12-27 11:00:00+00:00,4534.01,4540.0,4532.33,4535.0
2025-12-27 12:00:00+00:00,4535.0,4542.61,4533.0,4534.17
2025-12-27 13:00:00+00:00,4537.89,4542.8,4534.17,4537.99
2025-12-27 14:00:00+00:00,4539.99,4544.96,4535.0,4543.0
2025-12-27 15:00:00+00:00,4539.43,4543.96,4538.15,4542.98
2025-12-27 16:00:00+00:00,4539.77,4544.96,4534.3,4538.89
2025-12-27 17:00:00+00:00,4536.53,4542.2,4536.4,4542.2
2025-12-27 18:00:00+00:00,4542.2,4544.0,4539.0,4543.94
2025-12-27 19:00:00+00:00,4540.73,4545.0,4534.61,4540.16
2025-12-27 20:00:00+00:00,4542.25,4544.84,4540.28,4541.5
2025-12-27 21:00:00+00:00,4542.03,4544.0,4540.66,4543.99
2025-12-27 22:00:00+00:00,4540.66,4543.98,4537.28,4537.28
2025-12-27 23:00:00+00:00,4537.34,4543.94,4537.31,4542.79
2025-12-28 00:00:00+00:00,4539.57,4544.0,4537.31,4540.0
2025-12-28 01:00:00+00:00,4540.59,4541.85,4537.41,4540.0
2025-12-28 02:00:00+00:00,4539.98,4539.99,4533.0,4537.68
2025-12-28 03:00:00+00:00,4537.98,4538.2,4532.0,4536.69
2025-12-28 04:00:00+00:00,4533.52,4537.89,4532.23,4534.01
2025-12-28 05:00:00+00:00,4534.01,4537.98,4532.23,4537.97
2025-12-28 06:00:00+00:00,4534.15,4540.0,4532.27,4540.0
2025-12-28 07:00:00+00:00,4539.0,4540.0,4536.01,4539.9
2025-12-28 08:00:00+00:00,4537.01,4545.0,4537.0,4539.01
2025-12-28 09:00:00+00:00,4541.87,4542.9,4539.13,4539.35
2025-12-28 10:00:00+00:00,4542.89,4544.5,4539.0,4539.0
2025-12-28 11:00:00+00:00,4542.98,4545.45,4538.0,4538.0
2025-12-28 12:00:00+00:00,4541.82,4544.8,4538.0,4538.03
2025-12-28 13:00:00+00:00,4538.02,4543.0,4530.0,4539.99
2025-12-28 14:00:00+00:00,4534.66,4545.0,4534.5,4543.67
2025-12-28 15:00:00+00:00,4540.01,4555.55,4539.01,4541.58
2025-12-28 16:00:00+00:00,4540.51,4547.0,4533.53,4539.02
2025-12-28 17:00:00+00:00,4540.0,4544.56,4531.0,4537.87
2025-12-28 18:00:00+00:00,4531.74,4537.97,4531.71,4534.33
2025-12-28 19:00:00+00:00,4534.33,4537.0,4532.01,4536.6
2025-12-28 20:00:00+00:00,4536.6,4541.02,4535.09,4536.01
2025-12-28 21:00:00+00:00,4536.19,4547.0,4536.02,4538.38
2025-12-28 22:00:00+00:00,4536.06,4544.0,4536.01,4540.74
2025-12-28 23:00:00+00:00,4536.08,4547.0,4536.0,4536.59
2025-12-29 00:00:00+00:00,4537.01,4538.23,4480.0,4507.16
2025-12-29 01:00:00+00:00,4504.01,4524.44,4503.0,4510.54
2025-12-29 02:00:00+00:00,4511.99,4520.0,4511.99,4520.0
2025-12-29 03:00:00+00:00,4519.04,4523.5,4516.0,4522.13
2025-12-29 04:00:00+00:00,4520.37,4521.83,4510.0,4517.17
2025-12-29 05:00:00+00:00,4519.08,4519.08,4509.02,4511.36
2025-12-29 06:00:00+00:00,4512.38,4518.0,4480.0,4484.99
2025-12-29 07:00:00+00:00,4480.83,4488.82,4462.85,4482.29
2025-12-29 08:00:00+00:00,4484.99,4495.0,4466.0,4473.54
2025-12-29 09:00:00+00:00,4474.4,4490.8,4472.01,4485.39
2025-12-29 10:00:00+00:00,4484.12,4487.76,4472.01,4475.95
2025-12-29 11:00:00+00:00,4475.95,4480.52,4451.1,4460.26
2025-12-29 12:00:00+00:00,4460.09,4477.54,4460.0,4474.99
2025-12-29 13:00:00+00:00,4474.99,4478.53,4424.43,4439.35
2025-12-29 14:00:00+00:00,4438.49,4438.49,4376.9,4384.65
2025-12-29 15:00:00+00:00,4383.73,4383.73,4327.7,4341.09
2025-12-29 16:00:00+00:00,4342.07,4360.0,4341.1,4352.9
2025-12-29 17:00:00+00:00,4353.42,4355.5,4328.0,4339.56
2025-12-29 18:00:00+00:00,4340.02,4345.87,4336.97,4342.6
2025-12-29 19:00:00+00:00,4342.6,4348.65,4340.27,4348.65
2025-12-29 20:00:00+00:00,4349.99,4355.35,4339.1,4343.85
2025-12-29 21:00:00+00:00,4343.14,4348.23,4337.51,4338.6
2025-12-29 22:00:00+00:00,4338.6,4343.21,4332.01,4333.33
2025-12-29 23:00:00+00:00,4333.34,4352.63,4330.0,4351.72
2025-12-30 00:00:00+00:00,4348.99,4357.66,4343.04,4345.68
2025-12-30 01:00:00+00:00,4347.76,4367.98,4333.46,4366.0
2025-12-30 02:00:00+00:00,4367.15,4375.12,4359.79,4372.0
2025-12-30 03:00:00+00:00,4374.19,4380.77,4366.08,4370.9
2025-12-30 04:00:00+00:00,4371.86,4381.83,4370.01,4375.49
2025-12-30 05:00:00+00:00,4375.5,4392.78,4371.0,4391.1
2025-12-30 06:00:00+00:00,4391.1,4391.1,4370.87,4375.51
2025-12-30 07:00:00+00:00,4375.35,4389.88,4368.52,4378.77
2025-12-30 08:00:00+00:00,4378.0,4381.74,4356.75,4369.46
2025-12-30 09:00:00+00:00,4368.75,4378.38,4368.75,4374.58
2025-12-30 10:00:00+00:00,4373.1,4390.0,4369.14,4383.95
2025-12-30 11:00:00+00:00,4384.77,4388.65,4377.16,4379.99
2025-12-30 12:00:00+00:00,4379.99,4402.02,4379.99,4400.26
2025-12-30 13:00:00+00:00,4401.79,4404.0,4376.41,4389.15
2025-12-30 14:00:00+00:00,4388.61,4393.74,4363.01,4370.25
2025-12-30 15:00:00+00:00,4370.25,4379.6,4365.48,4370.8
2025-12-30 16:00:00+00:00,4369.69,4387.93,4362.0,4387.38
2025-12-30 17:00:00+00:00,4385.45,4391.19,4375.41,4379.84
2025-12-30 18:00:00+00:00,4380.51,4387.56,4372.06,4374.82
2025-12-30 19:00:00+00:00,4373.39,4377.26,4346.27,4355.0
2025-12-30 20:00:00+00:00,4355.0,4363.96,4346.52,4349.94
2025-12-30 21:00:00+00:00,4353.45,4358.27,4343.94,4346.96
2025-12-30 22:00:00+00:00,4348.82,4353.15,4346.07,4348.63
2025-12-30 23:00:00+00:00,4348.62,4349.97,4330.64,4340.17
2025-12-31 00:00:00+00:00,4341.6,4347.17,4333.18,4342.27
2025-12-31 01:00:00+00:00,4341.04,4373.49,4336.89,4367.14
2025-12-31 02:00:00+00:00,4368.19,4371.77,4350.95,4354.63
2025-12-31 03:00:00+00:00,4352.66,4363.17,4346.47,4354.64
2025-12-31 04:00:00+00:00,4353.85,4358.08,4338.0,4339.38
2025-12-31 05:00:00+00:00,4338.0,4347.51,4286.0,4295.33
2025-12-31 06:00:00+00:00,4297.29,4329.5,4280.96,4325.14
2025-12-31 07:00:00+00:00,4325.29,4336.59,4323.06,4332.47
2025-12-31 08:00:00+00:00,4333.0,4333.22,4306.54,4310.89
2025-12-31 09:00:00+00:00,4313.53,4339.66,4311.0,4329.4
2025-12-31 10:00:00+00:00,4329.66,4333.79,4310.0,4312.27
2025-12-31 11:00:00+00:00,4314.38,4323.11,4311.25,4316.62
2025-12-31 12:00:00+00:00,4316.0,4323.63,4309.41,4319.42
2025-12-31 13:00:00+00:00,4320.3,4350.0,4313.29,4345.55
2025-12-31 14:00:00+00:00,4345.56,4352.15,4333.12,4345.67
2025-12-31 15:00:00+00:00,4342.98,4344.98,4327.94,4337.24
2025-12-31 16:00:00+00:00,4338.52,4341.0,4322.0,4326.38
2025-12-31 17:00:00+00:00,4328.93,4334.49,4323.47,4329.96
2025-12-31 18:00:00+00:00,4331.79,4339.6,4324.35,4328.82
2025-12-31 19:00:00+00:00,4329.68,4331.65,4315.07,4317.25
2025-12-31 20:00:00+00:00,4317.23,4328.55,4311.24,4317.57
2025-12-31 21:00:00+00:00,4317.57,4323.91,4315.25,4323.91
2025-12-31 22:00:00+00:00,4324.91,4327.45,4323.74,4325.46
2025-12-31 23:00:00+00:00,4325.39,4325.39,4320.6,4324.29
2026-01-01 00:00:00+00:00,4325.82,4328.49,4325.82,4328.43
2026-01-01 01:00:00+00:00,4328.01,4328.01,4325.04,4325.27
2026-01-01 02:00:00+00:00,4324.33,4326.76,4321.17,4322.02
2026-01-01 03:00:00+00:00,4321.43,4328.44,4321.16,4327.72
2026-01-01 04:00:00+00:00,4328.41,4330.71,4326.37,4329.0
2026-01-01 05:00:00+00:00,4329.3,4333.0,4329.0,4331.96
2026-01-01 06:00:00+00:00,4331.96,4336.77,4329.0,4330.16
2026-01-01 07:00:00+00:00,4329.05,4330.16,4323.1,4324.1
2026-01-01 08:00:00+00:00,4324.73,4327.33,4323.38,4324.04
2026-01-01 09:00:00+00:00,4323.99,4327.33,4323.4,4326.06
2026-01-01 10:00:00+00:00,4326.1,4327.52,4323.35,4327.51
2026-01-01 11:00:00+00:00,4326.25,4329.1,4323.35,4323.35
2026-01-01 12:00:00+00:00,4324.3,4326.09,4322.3,4325.29
2026-01-01 13:00:00+00:00,4325.28,4328.4,4324.16,4324.86
2026-01-01 14:00:00+00:00,4324.86,4329.99,4324.17,4328.51
2026-01-01 15:00:00+00:00,4328.51,4330.0,4328.14,4329.5
2026-01-01 16:00:00+00:00,4328.55,4331.66,4326.59,4328.8
2026-01-01 17:00:00+00:00,4328.12,4332.69,4328.12,4329.48
2026-01-01 18:00:00+00:00,4330.15,4332.0,4329.44,4332.0
2026-01-01 19:00:00+00:00,4331.21,4331.7,4329.95,4330.14
2026-01-01 20:00:00+00:00,4330.31,4330.79,4326.82,4327.97
2026-01-01 21:00:00+00:00,4328.36,4328.57,4326.17,4326.17
2026-01-01 22:00:00+00:00,4325.14,4326.34,4323.42,4325.55
2026-01-01 23:00:00+00:00,4325.96,4356.2,4324.92,4351.87
2026-01-02 00:00:00+00:00,4352.94,4357.88,4344.74,4356.79
2026-01-02 01:00:00+00:00,4357.67,4357.68,4347.01,4351.69
2026-01-02 02:00:00+00:00,4349.68,4362.96,4346.01,4362.96
2026-01-02 03:00:00+00:00,4363.96,4376.66,4362.24,4374.44
2026-01-02 04:00:00+00:00,4374.18,4377.95,4370.62,4371.5
2026-01-02 05:00:00+00:00,4371.5,4380.0,4369.74,4377.5
2026-01-02 06:00:00+00:00,4376.91,4378.84,4371.55,4373.48
2026-01-02 07:00:00+00:00,4373.46,4379.01,4368.91,4379.0
2026-01-02 08:00:00+00:00,4379.0,4394.46,4378.0,4383.57
2026-01-02 09:00:00+00:00,4383.56,4389.31,4382.0,4382.01
2026-01-02 10:00:00+00:00,4382.01,4397.23,4381.71,4393.98
2026-01-02 11:00:00+00:00,4393.98,4396.99,4388.16,4390.46
2026-01-02 12:00:00+00:00,4391.58,4396.0,4383.77,4392.04
2026-01-02 13:00:00+00:00,4390.91,4398.24,4361.1,4365.01
2026-01-02 14:00:00+00:00,4366.3,4371.56,4348.1,4354.52
2026-01-02 15:00:00+00:00,4354.29,4357.53,4331.68,4337.74
2026-01-02 16:00:00+00:00,4337.2,4339.17,4320.0,4332.0
2026-01-02 17:00:00+00:00,4332.21,4339.19,4326.95,4327.5
2026-01-02 18:00:00+00:00,4327.46,4328.25,4314.62,4318.99
2026-01-02 19:00:00+00:00,4321.46,4328.9,4320.33,4323.54
2026-01-02 20:00:00+00:00,4322.29,4334.02,4322.29,4333.89
2026-01-02 21:00:00+00:00,4334.61,4334.79,4329.01,4334.32
2026-01-02 22:00:00+00:00,4334.31,4334.31,4327.55,4327.57
2026-01-02 23:00:00+00:00,4328.45,4334.01,4328.44,4332.07
2026-01-03 00:00:00+00:00,4333.35,4333.74,4328.21,4331.28
2026-01-03 01:00:00+00:00,4331.27,4333.07,4327.27,4331.98
2026-01-03 02:00:00+00:00,4331.53,4333.58,4331.15,4333.58
2026-01-03 03:00:00+00:00,4333.26,4333.55,4331.51,4331.6
2026-01-03 04:00:00+00:00,4331.95,4332.24,4329.7,4331.05
2026-01-03 05:00:00+00:00,4331.04,4334.54,4328.0,4328.06
2026-01-03 06:00:00+00:00,4328.18,4331.52,4327.83,4331.43
2026-01-03 07:00:00+00:00,4331.41,4342.57,4331.41,4341.59
2026-01-03 08:00:00+00:00,4341.59,4353.8,4339.7,4351.97
2026-01-03 09:00:00+00:00,4352.2,4363.66,4347.89,4352.92
2026-01-03 10:00:00+00:00,4352.3,4362.26,4350.99,4351.02
2026-01-03 11:00:00+00:00,4351.03,4361.03,4342.39,4349.41
2026-01-03 12:00:00+00:00,4349.13,4365.0,4348.3,4350.38
2026-01-03 13:00:00+00:00,4352.29,4365.0,4334.4,4343.8
2026-01-03 14:00:00+00:00,4343.04,4347.71,4332.22,4342.9
2026-01-03 15:00:00+00:00,4342.9,4345.0,4336.0,4340.99
2026-01-03 16:00:00+00:00,4340.7,4350.01,4340.2,4345.3
2026-01-03 17:00:00+00:00,4345.03,4350.1,4343.83,4348.7
2026-01-03 18:00:00+00:00,4347.99,4350.22,4347.15,4348.21
2026-01-03 19:00:00+00:00,4348.21,4350.0,4347.29,4348.37
2026-01-03 20:00:00+00:00,4348.3,4352.88,4348.3,4350.5
2026-01-03 21:00:00+00:00,4350.5,4350.83,4346.89,4350.77
2026-01-03 22:00:00+00:00,4350.76,4351.27,4346.01,4348.56
2026-01-03 23:00:00+00:00,4348.86,4349.38,4341.86,4342.02
2026-01-04 00:00:00+00:00,4342.02,4344.38,4339.47,4340.32
2026-01-04 01:00:00+00:00,4340.66,4345.86,4339.33,4345.0
2026-01-04 02:00:00+00:00,4345.0,4346.5,4339.0,4339.81
2026-01-04 03:00:00+00:00,4340.01,4340.01,4334.5,4337.06
2026-01-04 04:00:00+00:00,4336.53,4338.26,4335.41,4335.91
2026-01-04 05:00:00+00:00,4335.91,4336.62,4330.69,4333.36
2026-01-04 06:00:00+00:00,4333.36,4341.71,4333.36,4340.24
2026-01-04 07:00:00+00:00,4340.1,4342.95,4338.07,4341.44
2026-01-04 08:00:00+00:00,4341.44,4342.22,4337.16,4338.14
2026-01-04 09:00:00+00:00,4338.08,4339.56,4336.62,4339.19
2026-01-04 10:00:00+00:00,4339.15,4340.24,4337.86,4339.29
2026-01-04 11:00:00+00:00,4339.29,4339.29,4332.0,4332.0
2026-01-04 12:00:00+00:00,4332.33,4335.02,4332.0,4332.88
2026-01-04 13:00:00+00:00,4332.89,4334.8,4331.21,4334.62
2026-01-04 14:00:00+00:00,4334.62,4337.32,4333.82,4337.32
2026-01-04 15:00:00+00:00,4337.32,4344.0,4337.31,4341.06
2026-01-04 16:00:00+00:00,4341.32,4344.03,4341.31,4343.7
2026-01-04 17:00:00+00:00,4343.65,4346.55,4342.17,4342.17
2026-01-04 18:00:00+00:00,4342.16,4345.0,4342.16,4345.0
2026-01-04 19:00:00+00:00,4346.0,4346.97,4343.57,4344.4
2026-01-04 20:00:00+00:00,4344.74,4353.26,4344.74,4352.67
2026-01-04 21:00:00+00:00,4353.29,4359.65,4346.19,4347.19
2026-01-04 22:00:00+00:00,4346.87,4347.39,4336.24,4339.81
2026-01-04 23:00:00+00:00,4339.81,4365.99,4337.52,4360.72
2026-01-05 00:00:00+00:00,4361.45,4389.45,4361.45,4384.19
2026-01-05 01:00:00+00:00,4385.05,4404.74,4385.05,4399.98
2026-01-05 02:00:00+00:00,4399.87,4404.0,4390.0,4403.29
2026-01-05 03:00:00+00:00,4403.29,4417.01,4392.0,4392.46
2026-01-05 04:00:00+00:00,4392.0,4405.48,4388.62,4401.43
2026-01-05 05:00:00+00:00,4401.43,4407.7,4395.0,4406.81
2026-01-05 06:00:00+00:00,4406.63,4432.82,4404.36,4420.66
2026-01-05 07:00:00+00:00,4420.7,4422.93,4403.0,4416.28
2026-01-05 08:00:00+00:00,4416.28,4430.14,4410.0,4426.53
2026-01-05 09:00:00+00:00,4425.99,4439.22,4421.21,4435.01
2026-01-05 10:00:00+00:00,4435.2,4435.92,4425.67,4432.27
2026-01-05 11:00:00+00:00,4432.28,4433.11,4403.0,4415.69
2026-01-05 12:00:00+00:00,4414.67,4417.44,4399.09,4406.87
2026-01-05 13:00:00+00:00,4406.1,4418.25,4396.17,4416.28
2026-01-05 14:00:00+00:00,4416.83,4439.6,4415.53,4432.9
2026-01-05 15:00:00+00:00,4432.91,4450.0,4428.38,4442.07
2026-01-05 16:00:00+00:00,4442.07,4450.0,4432.0,4437.43
2026-01-05 17:00:00+00:00,4437.75,4446.42,4429.71,4440.75
2026-01-05 18:00:00+00:00,4440.75,4445.84,4437.26,4443.55
2026-01-05 19:00:00+00:00,4444.88,4445.51,4433.0,4438.05
2026-01-05 20:00:00+00:00,4438.05,4443.72,4434.6,4442.28
2026-01-05 21:00:00+00:00,4441.65,4444.94,4439.78,4443.79
2026-01-05 22:00:00+00:00,4443.81,4444.33,4436.68,4438.58
2026-01-05 23:00:00+00:00,4438.58,4453.0,4434.07,4437.77
2026-01-06 00:00:00+00:00,4437.77,4441.0,4426.94,4431.34
2026-01-06 01:00:00+00:00,4431.99,4446.35,4423.31,4444.51
2026-01-06 02:00:00+00:00,4444.26,4456.98,4443.08,4450.35
2026-01-06 03:00:00+00:00,4450.36,4466.09,4449.8,4465.95
2026-01-06 04:00:00+00:00,4465.54,4467.0,4460.11,4465.67
2026-01-06 05:00:00+00:00,4465.67,4472.53,4448.69,4450.22
2026-01-06 06:00:00+00:00,4451.2,4463.69,4450.22,4462.26
2026-01-06 07:00:00+00:00,4462.45,4467.38,4451.65,4454.85
2026-01-06 08:00:00+00:00,4454.84,4472.12,4452.48,4466.75
2026-01-06 09:00:00+00:00,4466.43,4466.43,4442.17,4444.92
2026-01-06 10:00:00+00:00,4445.26,4453.09,4441.41,4450.72
2026-01-06 11:00:00+00:00,4450.72,4460.0,4447.51,4459.98
2026-01-06 12:00:00+00:00,4459.99,4462.02,4454.5,4457.6
2026-01-06 13:00:00+00:00,4458.49,4465.47,4451.0,4462.79
2026-01-06 14:00:00+00:00,4464.54,4487.99,4462.0,4485.6
2026-01-06 15:00:00+00:00,4485.6,4488.86,4463.0,4477.1
2026-01-06 16:00:00+00:00,4477.37,4488.22,4471.14,4486.9
2026-01-06 17:00:00+00:00,4487.24,4492.67,4482.01,4489.0
2026-01-06 18:00:00+00:00,4489.0,4492.33,4480.1,4486.76
2026-01-06 19:00:00+00:00,4486.07,4486.77,4474.45,4478.38
2026-01-06 20:00:00+00:00,4477.22,4492.45,4476.64,4489.04
2026-01-06 21:00:00+00:00,4488.61,4494.24,4486.45,4490.33
2026-01-06 22:00:00+00:00,4490.32,4495.7,4488.8,4493.6
2026-01-06 23:00:00+00:00,4494.45,4499.75,4491.22,4492.26
2026-01-07 00:00:00+00:00,4490.42,4492.59,4479.66,4485.95
2026-01-07 01:00:00+00:00,4487.67,4490.61,4462.56,4465.36
2026-01-07 02:00:00+00:00,4465.49,4479.46,4457.49,4475.29
2026-01-07 03:00:00+00:00,4475.29,4479.99,4472.89,4474.43
2026-01-07 04:00:00+00:00,4475.54,4476.86,4464.01,4465.65
2026-01-07 05:00:00+00:00,4465.51,4471.12,4444.64,4455.87
2026-01-07 06:00:00+00:00,4455.86,4461.86,4442.71,4445.68
2026-01-07 07:00:00+00:00,4445.75,4464.67,4443.08,4461.41
2026-01-07 08:00:00+00:00,4461.13,4473.0,4459.99,4466.52
2026-01-07 09:00:00+00:00,4466.19,4467.89,4459.0,4463.0
2026-01-07 10:00:00+00:00,4463.0,4466.55,4458.41,4463.01
2026-01-07 11:00:00+00:00,4463.01,4463.98,4446.59,4448.01
2026-01-07 12:00:00+00:00,4448.91,4455.63,4440.18,4445.0
2026-01-07 13:00:00+00:00,4445.0,4453.54,4427.5,4452.58
2026-01-07 14:00:00+00:00,4452.58,4454.75,4437.44,4447.41
2026-01-07 15:00:00+00:00,4446.47,4451.77,4424.42,4447.55
2026-01-07 16:00:00+00:00,4449.07,4467.58,4445.5,4464.22
2026-01-07 17:00:00+00:00,4464.75,4464.75,4451.08,4452.37
2026-01-07 18:00:00+00:00,4451.35,4460.55,4448.13,4454.09
2026-01-07 19:00:00+00:00,4453.69,4460.13,4446.57,4458.48
2026-01-07 20:00:00+00:00,4458.48,4464.0,4453.52,4453.53
2026-01-07 21:00:00+00:00,4453.73,4458.84,4452.04,4458.84
2026-01-07 22:00:00+00:00,4458.96,4464.97,4457.09,4458.57
2026-01-07 23:00:00+00:00,4458.58,4466.01,4458.58,4465.97
2026-01-08 00:00:00+00:00,4465.76,4468.73,4448.51,4451.07
2026-01-08 01:00:00+00:00,4450.76,4459.99,4443.24,4448.91
2026-01-08 02:00:00+00:00,4448.22,4449.78,4434.74,4443.86
2026-01-08 03:00:00+00:00,4443.86,4448.36,4439.27,4443.17
2026-01-08 04:00:00+00:00,4442.63,4442.99,4432.9,4434.77
2026-01-08 05:00:00+00:00,4434.0,4435.91,4418.35,4427.51
2026-01-08 06:00:00+00:00,4427.51,4438.6,4418.45,4435.0
2026-01-08 07:00:00+00:00,4435.0,4441.0,4430.01,4432.02
2026-01-08 08:00:00+00:00,4432.04,4434.32,4421.73,4433.3
2026-01-08 09:00:00+00:00,4433.51,4437.0,4427.55,4435.59
2026-01-08 10:00:00+00:00,4435.08,4437.0,4426.22,4435.97
2026-01-08 11:00:00+00:00,4435.97,4435.97,4425.87,4426.26
2026-01-08 12:00:00+00:00,4425.63,4432.56,4410.01,4428.0
2026-01-08 13:00:00+00:00,4427.83,4438.39,4419.12,4425.91
2026-01-08 14:00:00+00:00,4424.89,4439.0,4420.98,4435.27
2026-01-08 15:00:00+00:00,4434.08,4455.47,4429.81,4452.99
2026-01-08 16:00:00+00:00,4453.19,4463.0,4446.97,4460.52
2026-01-08 17:00:00+00:00,4461.11,4462.81,4454.56,4460.55
2026-01-08 18:00:00+00:00,4459.93,4460.54,4446.0,4447.6
2026-01-08 19:00:00+00:00,4447.38,4452.54,4443.44,4452.54
2026-01-08 20:00:00+00:00,4452.54,4477.92,4452.54,4476.26
2026-01-08 21:00:00+00:00,4476.11,4478.98,4471.59,4474.97
2026-01-08 22:00:00+00:00,4475.91,4475.91,4469.39,4469.76
2026-01-08 23:00:00+00:00,4469.75,4477.16,4469.75,4474.33
2026-01-09 00:00:00+00:00,4474.48,4475.72,4460.27,4462.0
2026-01-09 01:00:00+00:00,4462.68,4468.6,4453.0,4468.39
2026-01-09 02:00:00+00:00,4468.25,4477.98,4464.51,4467.8
2026-01-09 03:00:00+00:00,4467.55,4468.25,4458.77,4462.43
2026-01-09 04:00:00+00:00,4461.55,4464.23,4458.82,4462.2
2026-01-09 05:00:00+00:00,4462.19,4470.78,4456.61,4467.11
2026-01-09 06:00:00+00:00,4467.61,4474.0,4464.38,4471.64
2026-01-09 07:00:00+00:00,4471.65,4472.08,4466.35,4467.78
2026-01-09 08:00:00+00:00,4467.72,4472.57,4460.4,4464.01
2026-01-09 09:00:00+00:00,4464.66,4472.93,4464.4,4468.04
2026-01-09 10:00:00+00:00,4468.04,4471.97,4466.0,4470.31
2026-01-09 11:00:00+00:00,4470.49,4472.99,4466.06,4472.5
2026-01-09 12:00:00+00:00,4472.35,4477.0,4458.06,4464.59
2026-01-09 13:00:00+00:00,4464.01,4487.41,4456.68,4478.4
2026-01-09 14:00:00+00:00,4478.86,4491.0,4476.57,4490.99
2026-01-09 15:00:00+00:00,4490.4,4510.54,4487.82,4507.53
2026-01-09 16:00:00+00:00,4507.53,4509.98,4496.49,4503.29
2026-01-09 17:00:00+00:00,4503.22,4506.98,4478.29,4483.16
2026-01-09 18:00:00+00:00,4482.96,4502.66,4480.97,4495.69
2026-01-09 19:00:00+00:00,4496.17,4501.46,4492.56,4498.07
2026-01-09 20:00:00+00:00,4498.42,4506.96,4497.11,4505.61
2026-01-09 21:00:00+00:00,4505.25,4508.0,4502.72,4505.7
2026-01-09 22:00:00+00:00,4505.64,4508.7,4500.0,4503.45
2026-01-09 23:00:00+00:00,4503.06,4505.0,4500.36,4500.62
2026-01-10 00:00:00+00:00,4500.62,4501.5,4498.17,4498.95
2026-01-10 01:00:00+00:00,4498.94,4501.44,4498.31,4501.25
2026-01-10 02:00:00+00:00,4501.25,4504.55,4501.24,4502.49
2026-01-10 03:00:00+00:00,4502.5,4507.45,4502.25,4507.45
2026-01-10 04:00:00+00:00,4506.48,4511.23,4505.63,4511.23
2026-01-10 05:00:00+00:00,4510.78,4511.23,4508.99,4509.43
2026-01-10 06:00:00+00:00,4509.43,4509.9,4508.06,4509.63
2026-01-10 07:00:00+00:00,4509.64,4509.88,4508.33,4509.3
2026-01-10 08:00:00+00:00,4509.1,4511.71,4508.88,4511.07
2026-01-10 09:00:00+00:00,4511.45,4511.75,4509.38,4511.39
2026-01-10 10:00:00+00:00,4511.38,4514.07,4511.0,4512.17
2026-01-10 11:00:00+00:00,4512.17,4513.14,4511.01,4512.82
2026-01-10 12:00:00+00:00,4512.5,4513.0,4510.22,4510.52
2026-01-10 13:00:00+00:00,4510.31,4511.15,4508.88,4508.9
2026-01-10 14:00:00+00:00,4509.06,4510.99,4508.9,4510.68
2026-01-10 15:00:00+00:00,4510.69,4512.66,4506.14,4510.31
2026-01-10 16:00:00+00:00,4510.31,4510.31,4506.0,4508.03
2026-01-10 17:00:00+00:00,4508.03,4508.11,4504.16,4506.0
2026-01-10 18:00:00+00:00,4505.98,4506.39,4504.17,4504.3
2026-01-10 19:00:00+00:00,4504.61,4509.05,4504.18,4508.05
2026-01-10 20:00:00+00:00,4508.44,4510.0,4507.73,4509.94
2026-01-10 21:00:00+00:00,4509.99,4514.88,4508.64,4513.81
2026-01-10 22:00:00+00:00,4513.8,4516.99,4513.55,4516.0
2026-01-10 23:00:00+00:00,4516.04,4521.03,4516.0,4518.77
2026-01-11 00:00:00+00:00,4519.44,4519.45,4512.84,4513.25
2026-01-11 01:00:00+00:00,4513.26,4515.95,4513.23,4515.59
2026-01-11 02:00:00+00:00,4515.58,4516.94,4515.36,4515.66
2026-01-11 03:00:00+00:00,4515.66,4515.87,4513.11,4513.27
2026-01-11 04:00:00+00:00,4513.26,4514.1,4512.08,4513.5
2026-01-11 05:00:00+00:00,4513.49,4513.74,4508.88,4509.36
2026-01-11 06:00:00+00:00,4509.37,4514.82,4507.5,4512.39
2026-01-11 07:00:00+00:00,4512.7,4514.34,4511.53,4512.99
2026-01-11 08:00:00+00:00,4512.83,4512.83,4508.1,4511.53
2026-01-11 09:00:00+00:00,4511.61,4515.0,4511.28,4514.84
2026-01-11 10:00:00+00:00,4514.84,4516.0,4513.83,4516.0
2026-01-11 11:00:00+00:00,4515.99,4516.0,4513.08,4514.95
2026-01-11 12:00:00+00:00,4514.85,4515.24,4514.0,4514.0
2026-01-11 13:00:00+00:00,4514.01,4514.17,4509.0,4509.0
2026-01-11 14:00:00+00:00,4509.0,4511.38,4502.0,4510.26
2026-01-11 15:00:00+00:00,4510.01,4513.78,4509.75,4513.21
2026-01-11 16:00:00+00:00,4513.21,4513.22,4510.0,4511.69
2026-01-11 17:00:00+00:00,4511.68,4512.67,4510.4,4512.67
2026-01-11 18:00:00+00:00,4512.67,4512.8,4511.67,4512.59
2026-01-11 19:00:00+00:00,4512.58,4514.0,4512.51,4513.99
2026-01-11 20:00:00+00:00,4513.99,4516.0,4512.87,4515.47
2026-01-11 21:00:00+00:00,4515.46,4517.0,4515.46,4516.75
2026-01-11 22:00:00+00:00,4516.75,4523.16,4516.75,4518.84
2026-01-11 23:00:00+00:00,4518.84,4543.16,4517.12,4536.82
2026-01-12 00:00:00+00:00,4536.82,4593.92,4532.83,4583.57
2026-01-12 01:00:00+00:00,4583.43,4588.21,4566.0,4566.51
2026-01-12 02:00:00+00:00,4566.29,4580.0,4558.49,4575.3
2026-01-12 03:00:00+00:00,4575.79,4582.0,4568.93,4573.15
2026-01-12 04:00:00+00:00,4572.32,4575.0,4566.44,4570.7
2026-01-12 05:00:00+00:00,4570.38,4586.05,4568.56,4582.49
2026-01-12 06:00:00+00:00,4582.61,4582.61,4571.11,4578.23
2026-01-12 07:00:00+00:00,4578.59,4587.74,4575.72,4585.5
2026-01-12 08:00:00+00:00,4585.5,4594.98,4578.32,4593.23
2026-01-12 09:00:00+00:00,4593.31,4596.98,4586.07,4587.97
2026-01-12 10:00:00+00:00,4587.56,4592.89,4584.22,4591.83
2026-01-12 11:00:00+00:00,4591.76,4591.92,4580.0,4581.99
2026-01-12 12:00:00+00:00,4581.99,4589.38,4576.66,4589.18
2026-01-12 13:00:00+00:00,4589.38,4617.78,4587.05,4612.31
2026-01-12 14:00:00+00:00,4612.25,4613.48,4584.56,4600.4
2026-01-12 15:00:00+00:00,4600.54,4624.99,4600.42,4619.0
2026-01-12 16:00:00+00:00,4618.99,4628.16,4606.01,4614.63
2026-01-12 17:00:00+00:00,4614.63,4618.54,4608.96,4616.76
2026-01-12 18:00:00+00:00,4616.38,4618.0,4601.0,4610.58
2026-01-12 19:00:00+00:00,4610.89,4617.76,4607.44,4609.06
2026-01-12 20:00:00+00:00,4609.34,4609.4,4592.58,4594.52
2026-01-12 21:00:00+00:00,4594.55,4599.85,4591.62,4599.85
2026-01-12 22:00:00+00:00,4600.0,4604.17,4599.61,4602.4
2026-01-12 23:00:00+00:00,4602.4,4605.7,4581.0,4600.86
2026-01-13 00:00:00+00:00,4601.13,4601.37,4585.17,4586.64
2026-01-13 01:00:00+00:00,4587.42,4597.37,4572.41,4579.94
2026-01-13 02:00:00+00:00,4580.01,4598.54,4579.99,4597.49
2026-01-13 03:00:00+00:00,4597.78,4602.0,4596.28,4597.27
2026-01-13 04:00:00+00:00,4597.02,4602.47,4596.0,4599.69
2026-01-13 05:00:00+00:00,4599.79,4604.91,4588.91,4594.66
2026-01-13 06:00:00+00:00,4594.49,4595.34,4578.12,4585.75
2026-01-13 07:00:00+00:00,4585.76,4590.0,4581.61,4585.07
2026-01-13 08:00:00+00:00,4584.88,4600.0,4583.4,4595.92
2026-01-13 09:00:00+00:00,4595.32,4597.88,4588.0,4588.62
2026-01-13 10:00:00+00:00,4588.35,4591.54,4583.62,4588.97
2026-01-13 11:00:00+00:00,4588.97,4594.0,4585.42,4591.9
2026-01-13 12:00:00+00:00,4591.9,4598.79,4582.62,4597.24
2026-01-13 13:00:00+00:00,4597.24,4621.9,4594.81,4612.08
2026-01-13 14:00:00+00:00,4612.08,4634.85,4609.81,4628.78
2026-01-13 15:00:00+00:00,4629.77,4630.04,4603.92,4621.17
2026-01-13 16:00:00+00:00,4621.31,4621.93,4596.0,4614.99
2026-01-13 17:00:00+00:00,4614.69,4617.4,4587.92,4592.86
2026-01-13 18:00:00+00:00,4592.88,4604.37,4584.0,4596.7
2026-01-13 19:00:00+00:00,4596.22,4601.41,4587.55,4598.42
2026-01-13 20:00:00+00:00,4598.92,4598.92,4574.0,4587.1
2026-01-13 21:00:00+00:00,4587.05,4590.55,4583.54,4588.64
2026-01-13 22:00:00+00:00,4588.41,4598.99,4580.05,4590.9
2026-01-13 23:00:00+00:00,4590.9,4603.79,4590.62,4601.74
2026-01-14 00:00:00+00:00,4602.36,4613.76,4601.1,4611.43
2026-01-14 01:00:00+00:00,4611.43,4619.98,4609.24,4619.02
2026-01-14 02:00:00+00:00,4619.01,4623.99,4612.54,4621.8
2026-01-14 03:00:00+00:00,4621.8,4628.33,4613.91,4627.56
2026-01-14 04:00:00+00:00,4627.56,4629.21,4623.55,4627.43
2026-01-14 05:00:00+00:00,4627.43,4637.95,4616.03,4618.02
2026-01-14 06:00:00+00:00,4618.45,4636.0,4617.23,4635.77
2026-01-14 07:00:00+00:00,4635.76,4638.99,4628.63,4632.04
2026-01-14 08:00:00+00:00,4631.49,4635.62,4620.09,4632.66
2026-01-14 09:00:00+00:00,4632.66,4637.17,4625.21,4630.34
2026-01-14 10:00:00+00:00,4630.34,4635.33,4625.0,4630.93
2026-01-14 11:00:00+00:00,4630.59,4635.0,4623.53,4629.37
2026-01-14 12:00:00+00:00,4629.29,4645.15,4629.29,4638.29
2026-01-14 13:00:00+00:00,4638.0,4640.66,4625.0,4633.89
2026-01-14 14:00:00+00:00,4633.22,4636.0,4608.01,4618.39
2026-01-14 15:00:00+00:00,4618.03,4627.33,4602.0,4620.34
2026-01-14 16:00:00+00:00,4620.34,4626.51,4612.0,4619.72
2026-01-14 17:00:00+00:00,4619.73,4621.47,4604.86,4616.77
2026-01-14 18:00:00+00:00,4616.76,4636.9,4615.17,4636.15
2026-01-14 19:00:00+00:00,4636.15,4643.0,4633.7,4639.49
2026-01-14 20:00:00+00:00,4639.49,4640.5,4627.14,4635.11
2026-01-14 21:00:00+00:00,4635.23,4635.71,4623.2,4631.77
2026-01-14 22:00:00+00:00,4631.32,4638.36,4630.8,4636.79
2026-01-14 23:00:00+00:00,4636.79,4636.79,4609.06,4619.36
2026-01-15 00:00:00+00:00,4619.36,4622.36,4613.44,4618.61
2026-01-15 01:00:00+00:00,4618.62,4621.32,4588.0,4605.22
2026-01-15 02:00:00+00:00,4605.23,4618.32,4596.33,4603.97
2026-01-15 03:00:00+00:00,4604.03,4605.1,4585.04,4597.35
2026-01-15 04:00:00+00:00,4597.36,4603.86,4592.99,4598.36
2026-01-15 05:00:00+00:00,4598.78,4605.0,4590.0,4600.7
2026-01-15 06:00:00+00:00,4600.62,4616.29,4600.17,4614.14
2026-01-15 07:00:00+00:00,4614.47,4617.0,4603.1,4604.65
2026-01-15 08:00:00+00:00,4604.65,4610.58,4601.05,4607.8
2026-01-15 09:00:00+00:00,4608.22,4614.73,4603.1,4614.45
2026-01-15 10:00:00+00:00,4614.44,4623.67,4610.64,4622.83
2026-01-15 11:00:00+00:00,4622.74,4624.0,4617.04,4621.88
2026-01-15 12:00:00+00:00,4621.88,4622.67,4616.0,4616.51
2026-01-15 13:00:00+00:00,4616.75,4617.61,4588.0,4594.5
2026-01-15 14:00:00+00:00,4594.5,4617.34,4588.0,4614.28
2026-01-15 15:00:00+00:00,4613.83,4619.31,4606.83,4617.71
2026-01-15 16:00:00+00:00,4617.77,4627.0,4605.02,4611.32
2026-01-15 17:00:00+00:00,4610.56,4621.74,4610.56,4619.37
2026-01-15 18:00:00+00:00,4619.51,4624.84,4616.64,4619.0
2026-01-15 19:00:00+00:00,4619.0,4623.96,4614.42,4617.91
2026-01-15 20:00:00+00:00,4617.9,4617.9,4603.51,4608.33
2026-01-15 21:00:00+00:00,4608.33,4617.56,4607.74,4617.07
2026-01-15 22:00:00+00:00,4617.07,4620.55,4614.06,4620.54
2026-01-15 23:00:00+00:00,4620.55,4623.0,4610.0,4613.95
2026-01-16 00:00:00+00:00,4613.95,4614.99,4603.17,4605.1
2026-01-16 01:00:00+00:00,4605.0,4611.43,4599.16,4603.62
2026-01-16 02:00:00+00:00,4604.01,4608.17,4598.0,4599.98
2026-01-16 03:00:00+00:00,4599.98,4604.98,4599.0,4602.98
2026-01-16 04:00:00+00:00,4602.76,4607.46,4602.72,4606.46
2026-01-16 05:00:00+00:00,4606.38,4616.28,4600.02,4612.08
2026-01-16 06:00:00+00:00,4611.63,4612.14,4599.0,4601.58
2026-01-16 07:00:00+00:00,4601.57,4612.67,4600.01,4608.71
2026-01-16 08:00:00+00:00,4609.12,4611.41,4604.57,4606.0
2026-01-16 09:00:00+00:00,4606.01,4610.0,4603.44,4605.29
2026-01-16 10:00:00+00:00,4605.66,4613.0,4604.01,4604.36
2026-01-16 11:00:00+00:00,4604.36,4617.9,4603.02,4614.19
2026-01-16 12:00:00+00:00,4614.18,4614.35,4602.51,4605.42
2026-01-16 13:00:00+00:00,4605.42,4608.99,4588.0,4604.11
2026-01-16 14:00:00+00:00,4604.33,4615.72,4600.0,4609.47
2026-01-16 15:00:00+00:00,4608.95,4620.0,4540.03,4576.62
2026-01-16 16:00:00+00:00,4576.41,4601.0,4575.35,4593.87
2026-01-16 17:00:00+00:00,4593.81,4594.5,4580.0,4586.0
2026-01-16 18:00:00+00:00,4586.0,4598.98,4584.46,4588.23
2026-01-16 19:00:00+00:00,4587.7,4594.78,4585.45,4592.73
2026-01-16 20:00:00+00:00,4593.49,4596.92,4583.77,4586.55
2026-01-16 21:00:00+00:00,4586.55,4598.97,4585.78,4597.71
2026-01-16 22:00:00+00:00,4597.81,4598.93,4597.23,4598.88
2026-01-16 23:00:00+00:00,4598.88,4599.39,4595.16,4595.4
2026-01-17 00:00:00+00:00,4595.41,4599.0,4595.38,4597.93
2026-01-17 01:00:00+00:00,4597.93,4598.89,4595.93,4596.0
2026-01-17 02:00:00+00:00,4596.13,4599.28,4595.94,4598.81
2026-01-17 03:00:00+00:00,4598.82,4601.72,4598.08,4599.99
2026-01-17 04:00:00+00:00,4599.99,4599.99,4597.0,4599.0
2026-01-17 05:00:00+00:00,4599.0,4599.0,4596.02,4596.06
2026-01-17 06:00:00+00:00,4596.05,4597.72,4596.04,4597.34
2026-01-17 07:00:00+00:00,4597.35,4598.0,4597.01,4597.51
2026-01-17 08:00:00+00:00,4597.51,4598.89,4597.51,4598.49
2026-01-17 09:00:00+00:00,4598.48,4600.0,4596.19,4598.89
2026-01-17 10:00:00+00:00,4598.9,4599.84,4596.4,4599.84
2026-01-17 11:00:00+00:00,4599.84,4600.38,4597.31,4598.6
2026-01-17 12:00:00+00:00,4598.62,4600.46,4598.58,4598.9
2026-01-17 13:00:00+00:00,4598.84,4599.0,4597.26,4597.51
2026-01-17 14:00:00+00:00,4597.34,4599.66,4592.63,4597.13
2026-01-17 15:00:00+00:00,4597.12,4597.76,4594.05,4594.45
2026-01-17 16:00:00+00:00,4594.24,4597.74,4593.65,4596.93
2026-01-17 17:00:00+00:00,4596.93,4596.93,4593.76,4594.04
2026-01-17 18:00:00+00:00,4594.05,4595.43,4591.1,4591.1
2026-01-17 19:00:00+00:00,4591.11,4595.26,4591.1,4594.84
2026-01-17 20:00:00+00:00,4594.84,4595.88,4594.47,4594.98
2026-01-17 21:00:00+00:00,4594.72,4597.82,4594.72,4596.53
2026-01-17 22:00:00+00:00,4596.53,4598.0,4595.57,4597.62
2026-01-17 23:00:00+00:00,4597.62,4599.9,4597.62,4599.78
2026-01-18 00:00:00+00:00,4599.68,4600.97,4599.57,4600.58
2026-01-18 01:00:00+00:00,4600.58,4604.97,4600.58,4603.37
2026-01-18 02:00:00+00:00,4603.37,4606.0,4603.37,4604.97
2026-01-18 03:00:00+00:00,4605.17,4606.33,4603.73,4603.73
2026-01-18 04:00:00+00:00,4603.56,4604.89,4603.4,4603.4
2026-01-18 05:00:00+00:00,4603.41,4604.87,4602.7,4602.71
2026-01-18 06:00:00+00:00,4602.71,4602.71,4600.1,4601.89
2026-01-18 07:00:00+00:00,4601.9,4603.03,4600.39,4602.97
2026-01-18 08:00:00+00:00,4602.98,4603.84,4602.0,4602.01
2026-01-18 09:00:00+00:00,4602.0,4602.91,4601.01,4601.24
2026-01-18 10:00:00+00:00,4601.09,4603.4,4600.33,4603.24
2026-01-18 11:00:00+00:00,4603.24,4603.24,4601.65,4603.0
2026-01-18 12:00:00+00:00,4603.01,4606.5,4603.01,4605.77
2026-01-18 13:00:00+00:00,4606.06,4606.42,4603.72,4603.88
2026-01-18 14:00:00+00:00,4603.74,4606.31,4603.71,4605.24
2026-01-18 15:00:00+00:00,4605.25,4605.32,4603.0,4603.67
2026-01-18 16:00:00+00:00,4603.67,4606.7,4603.67,4606.7
2026-01-18 17:00:00+00:00,4606.7,4610.83,4606.31,4610.39
2026-01-18 18:00:00+00:00,4610.83,4615.73,4610.17,4615.17
2026-01-18 19:00:00+00:00,4615.16,4616.21,4613.05,4613.05
2026-01-18 20:00:00+00:00,4613.05,4617.36,4612.66,4615.62
2026-01-18 21:00:00+00:00,4615.62,4616.73,4613.07,4614.2
2026-01-18 22:00:00+00:00,4614.2,4615.26,4609.65,4609.93
2026-01-18 23:00:00+00:00,4609.94,4690.99,4609.94,4673.21
2026-01-19 00:00:00+00:00,4673.21,4682.82,4662.0,4675.63
2026-01-19 01:00:00+00:00,4675.41,4678.0,4659.45,4661.06
2026-01-19 02:00:00+00:00,4661.0,4667.97,4658.0,4662.77
2026-01-19 03:00:00+00:00,4662.77,4670.0,4660.0,4661.03
2026-01-19 04:00:00+00:00,4661.03,4666.06,4660.44,4663.69
2026-01-19 05:00:00+00:00,4663.69,4671.6,4663.51,4669.99
2026-01-19 06:00:00+00:00,4669.99,4677.81,4667.34,4677.64
2026-01-19 07:00:00+00:00,4677.64,4678.0,4664.21,4667.08
2026-01-19 08:00:00+00:00,4667.07,4674.99,4666.0,4666.6
2026-01-19 09:00:00+00:00,4666.53,4673.0,4666.01,4670.05
2026-01-19 10:00:00+00:00,4670.08,4672.2,4665.0,4666.38
2026-01-19 11:00:00+00:00,4666.38,4669.39,4662.53,4663.98
2026-01-19 12:00:00+00:00,4663.98,4673.7,4663.26,4671.96
2026-01-19 13:00:00+00:00,4671.75,4672.91,4665.96,4666.6
2026-01-19 14:00:00+00:00,4666.6,4672.0,4664.09,4669.45
2026-01-19 15:00:00+00:00,4669.45,4675.0,4667.0,4674.57
2026-01-19 16:00:00+00:00,4674.34,4675.55,4671.43,4675.35
2026-01-19 17:00:00+00:00,4675.23,4680.0,4672.27,4678.55
2026-01-19 18:00:00+00:00,4678.15,4680.5,4674.37,4677.47
2026-01-19 19:00:00+00:00,4677.68,4677.68,4669.0,4671.9
2026-01-19 20:00:00+00:00,4672.12,4674.49,4670.63,4672.14
2026-01-19 21:00:00+00:00,4672.14,4678.97,4672.14,4676.66
2026-01-19 22:00:00+00:00,4676.66,4678.62,4674.0,4677.43
2026-01-19 23:00:00+00:00,4677.42,4677.76,4665.34,4668.34
2026-01-20 00:00:00+00:00,4668.39,4669.99,4661.54,4664.05
2026-01-20 01:00:00+00:00,4663.18,4675.58,4663.18,4669.0
2026-01-20 02:00:00+00:00,4669.7,4674.0,4667.0,4669.49
2026-01-20 03:00:00+00:00,4669.49,4680.49,4668.0,4678.42
2026-01-20 04:00:00+00:00,4678.43,4695.0,4678.3,4694.05
2026-01-20 05:00:00+00:00,4694.49,4717.99,4692.93,4715.95
2026-01-20 06:00:00+00:00,4715.95,4716.95,4704.0,4710.44
2026-01-20 07:00:00+00:00,4710.43,4721.77,4709.08,4714.53
2026-01-20 08:00:00+00:00,4714.53,4731.48,4714.07,4729.28
2026-01-20 09:00:00+00:00,4729.28,4740.99,4722.63,4736.75
2026-01-20 10:00:00+00:00,4736.74,4737.98,4726.67,4729.16
2026-01-20 11:00:00+00:00,4729.38,4739.05,4725.24,4735.0
2026-01-20 12:00:00+00:00,4735.28,4735.28,4724.15,4729.07
2026-01-20 13:00:00+00:00,4728.99,4739.71,4715.25,4739.05
2026-01-20 14:00:00+00:00,4738.3,4755.0,4731.27,4744.18
2026-01-20 15:00:00+00:00,4744.3,4750.97,4727.0,4739.6
2026-01-20 16:00:00+00:00,4739.6,4757.88,4731.16,4752.91
2026-01-20 17:00:00+00:00,4752.91,4762.71,4746.13,4759.01
2026-01-20 18:00:00+00:00,4759.0,4766.46,4751.48,4758.41
2026-01-20 19:00:00+00:00,4758.3,4764.99,4754.9,4758.77
2026-01-20 20:00:00+00:00,4758.64,4759.01,4746.19,4754.34
2026-01-20 21:00:00+00:00,4754.89,4760.99,4753.91,4760.16
2026-01-20 22:00:00+00:00,4760.52,4772.11,4760.14,4769.44
2026-01-20 23:00:00+00:00,4768.87,4790.14,4755.41,4778.92
2026-01-21 00:00:00+00:00,4778.96,4794.4,4774.66,4791.33
2026-01-21 01:00:00+00:00,4791.34,4846.47,4789.54,4836.51
2026-01-21 02:00:00+00:00,4836.28,4841.99,4818.07,4834.26
2026-01-21 03:00:00+00:00,4834.15,4848.59,4827.14,4843.78
2026-01-21 04:00:00+00:00,4843.78,4872.37,4836.61,4870.51
2026-01-21 05:00:00+00:00,4870.22,4879.61,4860.81,4868.69
2026-01-21 06:00:00+00:00,4868.69,4889.61,4848.72,4851.78
2026-01-21 07:00:00+00:00,4851.3,4860.75,4835.39,4858.7
2026-01-21 08:00:00+00:00,4858.71,4869.14,4850.46,4853.38
2026-01-21 09:00:00+00:00,4853.28,4877.4,4851.76,4860.68
2026-01-21 10:00:00+00:00,4860.94,4869.94,4860.39,4863.0
2026-01-21 11:00:00+00:00,4863.0,4870.51,4853.08,4864.83
2026-01-21 12:00:00+00:00,4864.83,4867.87,4853.92,4861.66
2026-01-21 13:00:00+00:00,4861.84,4876.94,4854.64,4874.58
2026-01-21 14:00:00+00:00,4874.58,4876.91,4838.72,4848.22
2026-01-21 15:00:00+00:00,4848.32,4863.91,4808.32,4844.99
2026-01-21 16:00:00+00:00,4844.86,4852.0,4819.1,4832.57
2026-01-21 17:00:00+00:00,4832.17,4832.5,4802.05,4826.47
2026-01-21 18:00:00+00:00,4826.33,4851.16,4818.86,4850.85
2026-01-21 19:00:00+00:00,4850.93,4853.99,4755.59,4780.55
2026-01-21 20:00:00+00:00,4779.94,4825.65,4773.14,4824.73
2026-01-21 21:00:00+00:00,4824.65,4835.85,4810.15,4827.9
2026-01-21 22:00:00+00:00,4827.89,4829.0,4816.29,4820.72
2026-01-21 23:00:00+00:00,4820.73,4826.44,4778.04,4778.28
2026-01-22 00:00:00+00:00,4778.09,4800.24,4778.09,4798.56
2026-01-22 01:00:00+00:00,4798.55,4807.17,4772.98,4795.76
2026-01-22 02:00:00+00:00,4795.57,4796.27,4771.55,4787.01
2026-01-22 03:00:00+00:00,4787.01,4793.67,4782.12,4793.5
2026-01-22 04:00:00+00:00,4793.5,4797.84,4792.55,4796.38
2026-01-22 05:00:00+00:00,4796.38,4820.0,4794.01,4819.67
2026-01-22 06:00:00+00:00,4819.67,4827.9,4815.39,4823.0
2026-01-22 07:00:00+00:00,4823.0,4837.93,4823.0,4832.23
2026-01-22 08:00:00+00:00,4832.23,4834.29,4820.43,4830.18
2026-01-22 09:00:00+00:00,4830.51,4835.8,4812.84,4819.43
2026-01-22 10:00:00+00:00,4819.44,4831.26,4816.51,4827.99
2026-01-22 11:00:00+00:00,4828.0,4834.68,4823.14,4830.6
2026-01-22 12:00:00+00:00,4830.59,4831.87,4818.13,4818.64
2026-01-22 13:00:00+00:00,4818.65,4834.78,4811.33,4821.9
2026-01-22 14:00:00+00:00,4821.89,4848.53,4820.34,4834.72
2026-01-22 15:00:00+00:00,4834.33,4871.65,4828.01,4868.77
2026-01-22 16:00:00+00:00,4869.29,4881.82,4865.0,4875.0
2026-01-22 17:00:00+00:00,4875.0,4905.94,4866.98,4904.89
2026-01-22 18:00:00+00:00,4904.89,4922.43,4901.85,4916.78
2026-01-22 19:00:00+00:00,4916.1,4926.66,4905.31,4911.16
2026-01-22 20:00:00+00:00,4911.17,4929.64,4910.9,4917.44
2026-01-22 21:00:00+00:00,4917.45,4943.92,4915.52,4938.66
2026-01-22 22:00:00+00:00,4938.66,4943.18,4936.46,4938.66
2026-01-22 23:00:00+00:00,4938.67,4959.49,4928.08,4956.35
2026-01-23 00:00:00+00:00,4956.36,4961.63,4944.53,4960.86
2026-01-23 01:00:00+00:00,4960.87,4963.76,4931.0,4949.85
2026-01-23 02:00:00+00:00,4949.66,4961.99,4942.41,4953.84
2026-01-23 03:00:00+00:00,4953.83,4957.78,4938.0,4950.45
2026-01-23 04:00:00+00:00,4950.44,4954.89,4944.12,4953.38
2026-01-23 05:00:00+00:00,4953.37,4961.8,4951.2,4958.42
2026-01-23 06:00:00+00:00,4958.42,4958.45,4945.0,4954.48
2026-01-23 07:00:00+00:00,4953.94,4956.93,4945.38,4945.38
2026-01-23 08:00:00+00:00,4945.38,4946.34,4900.39,4914.98
2026-01-23 09:00:00+00:00,4914.97,4924.82,4904.0,4922.26
2026-01-23 10:00:00+00:00,4922.26,4937.92,4918.89,4934.37
2026-01-23 11:00:00+00:00,4934.38,4934.47,4916.37,4927.7
2026-01-23 12:00:00+00:00,4927.71,4947.93,4924.45,4943.42
2026-01-23 13:00:00+00:00,4943.42,4950.0,4924.84,4943.24
2026-01-23 14:00:00+00:00,4943.07,4960.35,4934.34,4946.47
2026-01-23 15:00:00+00:00,4946.48,4967.45,4942.38,4962.71
2026-01-23 16:00:00+00:00,4963.35,4988.0,4962.04,4979.67
2026-01-23 17:00:00+00:00,4979.68,4987.97,4961.03,4965.72
2026-01-23 18:00:00+00:00,4965.72,4984.9,4957.82,4970.3
2026-01-23 19:00:00+00:00,4970.31,4993.0,4970.31,4986.27
2026-01-23 20:00:00+00:00,4986.27,4987.33,4972.95,4981.77
2026-01-23 21:00:00+00:00,4981.67,4989.48,4979.02,4984.26
2026-01-23 22:00:00+00:00,4984.26,4988.44,4980.0,4981.28
2026-01-23 23:00:00+00:00,4981.29,4991.86,4981.06,4989.88
2026-01-24 00:00:00+00:00,4989.88,5005.0,4987.09,4995.82
2026-01-24 01:00:00+00:00,4995.82,5009.38,4992.01,5005.06
2026-01-24 02:00:00+00:00,5005.06,5005.43,4992.1,4992.91
2026-01-24 03:00:00+00:00,4992.92,4996.89,4987.0,4994.92
2026-01-24 04:00:00+00:00,4994.92,4995.0,4986.49,4992.95
2026-01-24 05:00:00+00:00,4992.95,4994.45,4985.44,4986.05
2026-01-24 06:00:00+00:00,4986.24,4994.69,4985.97,4991.17
2026-01-24 07:00:00+00:00,4990.96,4994.97,4988.0,4990.81
2026-01-24 08:00:00+00:00,4990.82,4996.96,4989.0,4996.8
2026-01-24 09:00:00+00:00,4996.8,5004.97,4996.67,5001.1
2026-01-24 10:00:00+00:00,5001.1,5001.38,4994.0,4995.35
2026-01-24 11:00:00+00:00,4995.0,4998.73,4988.1,4988.22
2026-01-24 12:00:00+00:00,4988.23,4998.6,4988.22,4994.94
2026-01-24 13:00:00+00:00,4994.64,4998.82,4991.59,4998.59
2026-01-24 14:00:00+00:00,4998.58,5001.29,4992.8,4997.15
2026-01-24 15:00:00+00:00,4997.14,5008.0,4993.0,5002.32
2026-01-24 16:00:00+00:00,5002.33,5032.9,4996.44,5018.15
2026-01-24 17:00:00+00:00,5018.78,5028.08,5003.73,5013.55
2026-01-24 18:00:00+00:00,5013.56,5024.96,5005.04,5017.55
2026-01-24 19:00:00+00:00,5018.45,5018.55,5002.03,5002.03
2026-01-24 20:00:00+00:00,5002.03,5018.55,5001.96,5012.99
2026-01-24 21:00:00+00:00,5012.5,5027.45,5010.31,5025.46
2026-01-24 22:00:00+00:00,5025.46,5025.46,5006.01,5006.49
2026-01-24 23:00:00+00:00,5006.49,5009.44,4996.0,4996.0
2026-01-25 00:00:00+00:00,4996.0,5019.77,4995.62,5003.01
2026-01-25 01:00:00+00:00,5003.02,5008.46,5000.01,5002.0
2026-01-25 02:00:00+00:00,5001.99,5011.28,5000.1,5005.31
2026-01-25 03:00:00+00:00,5005.31,5008.54,4995.2,4996.52
2026-01-25 04:00:00+00:00,4996.52,5016.0,4996.21,5006.84
2026-01-25 05:00:00+00:00,5006.95,5007.95,5003.0,5004.19
2026-01-25 06:00:00+00:00,5004.02,5009.7,4999.96,5005.64
2026-01-25 07:00:00+00:00,5005.65,5005.69,4996.01,4996.92
2026-01-25 08:00:00+00:00,4996.91,5009.9,4996.46,5005.23
2026-01-25 09:00:00+00:00,5004.75,5008.1,4999.54,5002.85
2026-01-25 10:00:00+00:00,5002.86,5004.89,4998.0,4998.95
2026-01-25 11:00:00+00:00,4999.15,5004.4,4995.02,4995.9
2026-01-25 12:00:00+00:00,4995.81,5005.99,4995.5,5004.61
2026-01-25 13:00:00+00:00,5004.61,5007.68,5000.0,5007.59
2026-01-25 14:00:00+00:00,5007.59,5012.84,5005.0,5009.99
2026-01-25 15:00:00+00:00,5009.99,5011.59,5002.0,5004.64
2026-01-25 16:00:00+00:00,5004.64,5050.0,5004.04,5038.06
2026-01-25 17:00:00+00:00,5038.05,5059.0,5035.0,5045.62
2026-01-25 18:00:00+00:00,5045.62,5045.62,5030.0,5032.91
2026-01-25 19:00:00+00:00,5032.86,5040.0,5017.17,5019.1
2026-01-25 20:00:00+00:00,5019.09,5060.0,5018.9,5057.45
2026-01-25 21:00:00+00:00,5057.44,5060.0,5037.01,5045.0
2026-01-25 22:00:00+00:00,5045.0,5051.25,5033.0,5045.59
2026-01-25 23:00:00+00:00,5045.58,5045.58,5007.2,5022.15
2026-01-26 00:00:00+00:00,5022.16,5051.37,5022.16,5040.3
2026-01-26 01:00:00+00:00,5040.3,5080.92,5026.0,5066.45
2026-01-26 02:00:00+00:00,5066.55,5093.81,5061.59,5083.35
2026-01-26 03:00:00+00:00,5083.35,5088.54,5070.0,5075.35
2026-01-26 04:00:00+00:00,5074.63,5077.0,5062.1,5075.49
2026-01-26 05:00:00+00:00,5075.48,5079.74,5054.27,5077.0
2026-01-26 06:00:00+00:00,5076.7,5110.47,5070.8,5081.9
2026-01-26 07:00:00+00:00,5081.9,5097.18,5076.66,5088.01
2026-01-26 08:00:00+00:00,5088.0,5097.95,5080.0,5083.66
2026-01-26 09:00:00+00:00,5083.67,5104.0,5081.31,5089.02
2026-01-26 10:00:00+00:00,5089.03,5096.85,5083.0,5095.78
2026-01-26 11:00:00+00:00,5095.78,5096.13,5083.4,5095.03
2026-01-26 12:00:00+00:00,5095.03,5099.86,5083.27,5084.66
2026-01-26 13:00:00+00:00,5084.66,5093.43,5060.59,5074.57
2026-01-26 14:00:00+00:00,5074.67,5097.47,5062.0,5096.99
2026-01-26 15:00:00+00:00,5096.98,5098.64,5078.5,5094.0
2026-01-26 16:00:00+00:00,5094.01,5106.65,5071.11,5092.23
2026-01-26 17:00:00+00:00,5092.23,5106.49,5085.35,5103.89
2026-01-26 18:00:00+00:00,5103.88,5106.85,5065.0,5070.97
2026-01-26 19:00:00+00:00,5070.6,5070.84,5015.99,5036.2
2026-01-26 20:00:00+00:00,5036.2,5064.52,5034.31,5058.99
2026-01-26 21:00:00+00:00,5059.35,5063.38,4994.88,5015.25
2026-01-26 22:00:00+00:00,5015.25,5018.9,4973.39,4994.99
2026-01-26 23:00:00+00:00,4995.1,5060.0,4995.1,5039.15
2026-01-27 00:00:00+00:00,5039.15,5052.58,5014.09,5034.3
2026-01-27 01:00:00+00:00,5034.29,5073.0,5020.62,5058.35
2026-01-27 02:00:00+00:00,5058.05,5077.0,5048.02,5072.23
2026-01-27 03:00:00+00:00,5072.24,5079.71,5060.46,5076.98
2026-01-27 04:00:00+00:00,5076.95,5078.59,5062.31,5067.02
2026-01-27 05:00:00+00:00,5067.16,5082.24,5057.44,5081.75
2026-01-27 06:00:00+00:00,5081.75,5089.93,5076.57,5085.3
2026-01-27 07:00:00+00:00,5085.31,5098.67,5080.0,5085.31
2026-01-27 08:00:00+00:00,5085.31,5087.33,5073.0,5080.04
2026-01-27 09:00:00+00:00,5080.04,5100.95,5080.0,5100.43
2026-01-27 10:00:00+00:00,5100.0,5100.0,5082.41,5088.61
2026-01-27 11:00:00+00:00,5088.6,5092.93,5071.3,5082.43
2026-01-27 12:00:00+00:00,5082.43,5091.81,5075.7,5085.61
2026-01-27 13:00:00+00:00,5085.61,5092.71,5073.61,5081.0
2026-01-27 14:00:00+00:00,5081.0,5081.83,5047.0,5055.12
2026-01-27 15:00:00+00:00,5055.25,5087.15,5048.56,5086.95
2026-01-27 16:00:00+00:00,5087.1,5098.2,5078.18,5082.55
2026-01-27 17:00:00+00:00,5082.89,5090.0,5075.45,5081.28
2026-01-27 18:00:00+00:00,5081.58,5095.87,5075.0,5088.05
2026-01-27 19:00:00+00:00,5088.0,5102.99,5082.59,5098.2
2026-01-27 20:00:00+00:00,5098.2,5185.67,5096.03,5178.9
2026-01-27 21:00:00+00:00,5179.02,5187.99,5166.11,5176.05
2026-01-27 22:00:00+00:00,5175.67,5195.0,5160.15,5185.09
2026-01-27 23:00:00+00:00,5185.09,5188.89,5160.0,5175.05
2026-01-28 00:00:00+00:00,5175.1,5182.48,5161.0,5172.51
2026-01-28 01:00:00+00:00,5172.84,5221.87,5168.23,5204.79
2026-01-28 02:00:00+00:00,5204.79,5237.72,5203.0,5234.6
2026-01-28 03:00:00+00:00,5234.04,5249.62,5227.45,5236.24
2026-01-28 04:00:00+00:00,5236.14,5249.9,5233.25,5248.45
2026-01-28 05:00:00+00:00,5248.44,5272.12,5245.11,5265.6
2026-01-28 06:00:00+00:00,5265.06,5269.05,5255.0,5266.24
2026-01-28 07:00:00+00:00,5266.24,5296.39,5261.01,5293.64
2026-01-28 08:00:00+00:00,5293.64,5316.72,5284.09,5296.6
2026-01-28 09:00:00+00:00,5296.59,5300.54,5268.0,5283.26
2026-01-28 10:00:00+00:00,5283.16,5292.26,5270.31,5272.01
2026-01-28 11:00:00+00:00,5272.01,5272.31,5241.39,5262.8
2026-01-28 12:00:00+00:00,5262.8,5284.18,5253.3,5284.18
2026-01-28 13:00:00+00:00,5284.18,5294.62,5258.26,5271.67
2026-01-28 14:00:00+00:00,5271.68,5289.0,5253.0,5287.38
2026-01-28 15:00:00+00:00,5287.37,5299.0,5240.0,5278.48
2026-01-28 16:00:00+00:00,5278.49,5303.89,5275.01,5300.75
2026-01-28 17:00:00+00:00,5300.74,5309.88,5284.0,5298.2
2026-01-28 18:00:00+00:00,5298.21,5325.72,5273.06,5284.43
2026-01-28 19:00:00+00:00,5284.56,5336.37,5270.26,5324.75
2026-01-28 20:00:00+00:00,5324.76,5394.15,5318.41,5377.22
2026-01-28 21:00:00+00:00,5377.94,5429.55,5377.0,5423.04
2026-01-28 22:00:00+00:00,5423.05,5429.86,5412.01,5425.11
2026-01-28 23:00:00+00:00,5425.11,5625.34,5421.17,5520.0
2026-01-29 00:00:00+00:00,5519.84,5538.83,5456.0,5522.0
2026-01-29 01:00:00+00:00,5521.55,5553.87,5452.69,5550.46
2026-01-29 02:00:00+00:00,5551.21,5551.32,5512.0,5537.57
2026-01-29 03:00:00+00:00,5537.3,5552.0,5513.65,5548.32
2026-01-29 04:00:00+00:00,5548.31,5569.55,5537.57,5565.8
2026-01-29 05:00:00+00:00,5565.8,5569.0,5527.33,5564.22
2026-01-29 06:00:00+00:00,5564.7,5604.31,5561.75,5570.46
2026-01-29 07:00:00+00:00,5570.45,5583.58,5541.05,5556.17
2026-01-29 08:00:00+00:00,5556.18,5563.49,5478.29,5512.0
2026-01-29 09:00:00+00:00,5512.0,5536.0,5499.65,5516.6
2026-01-29 10:00:00+00:00,5516.6,5534.4,5486.69,5491.25
2026-01-29 11:00:00+00:00,5490.63,5533.24,5477.13,5525.34
2026-01-29 12:00:00+00:00,5525.35,5551.21,5521.21,5537.61
2026-01-29 13:00:00+00:00,5537.61,5546.29,5503.32,5517.99
2026-01-29 14:00:00+00:00,5518.42,5558.6,5498.43,5503.75
2026-01-29 15:00:00+00:00,5503.79,5504.06,5112.55,5207.36
2026-01-29 16:00:00+00:00,5207.25,5318.91,5196.72,5272.25
2026-01-29 17:00:00+00:00,5272.25,5378.6,5272.25,5340.75
2026-01-29 18:00:00+00:00,5340.99,5366.25,5310.25,5344.08
2026-01-29 19:00:00+00:00,5344.28,5349.68,5293.68,5312.05
2026-01-29 20:00:00+00:00,5311.9,5413.0,5286.0,5401.44
2026-01-29 21:00:00+00:00,5401.49,5431.44,5371.42,5384.96
2026-01-29 22:00:00+00:00,5384.86,5397.19,5375.24,5397.14
2026-01-29 23:00:00+00:00,5397.13,5454.99,5385.11,5442.89
2026-01-30 00:00:00+00:00,5442.89,5457.92,5387.56,5405.57
2026-01-30 01:00:00+00:00,5405.57,5408.25,5298.38,5306.78
2026-01-30 02:00:00+00:00,5307.07,5317.28,5133.8,5226.57
2026-01-30 03:00:00+00:00,5226.57,5231.77,5160.58,5200.37
2026-01-30 04:00:00+00:00,5200.12,5236.99,5197.02,5221.06
2026-01-30 05:00:00+00:00,5221.06,5249.16,5185.02,5189.79
2026-01-30 06:00:00+00:00,5189.79,5211.65,5148.16,5162.3
2026-01-30 07:00:00+00:00,5162.27,5193.56,5118.0,5186.06
2026-01-30 08:00:00+00:00,5186.06,5186.06,5065.3,5125.2
2026-01-30 09:00:00+00:00,5125.05,5138.73,4956.33,5024.48
2026-01-30 10:00:00+00:00,5024.05,5121.85,5007.45,5118.9
2026-01-30 11:00:00+00:00,5118.64,5153.43,5090.63,5144.86
2026-01-30 12:00:00+00:00,5144.87,5153.6,5063.7,5073.2
2026-01-30 13:00:00+00:00,5073.18,5104.79,5006.41,5030.55
2026-01-30 14:00:00+00:00,5030.81,5116.4,5024.24,5044.25
2026-01-30 15:00:00+00:00,5044.14,5080.0,4995.74,5058.68
2026-01-30 16:00:00+00:00,5058.69,5060.05,4959.43,4997.85
2026-01-30 17:00:00+00:00,4997.85,4997.85,4864.71,4904.15
2026-01-30 18:00:00+00:00,4903.7,4936.79,4740.9,4888.21
2026-01-30 19:00:00+00:00,4888.21,4946.13,4845.0,4927.15
2026-01-30 20:00:00+00:00,4927.45,4943.0,4838.04,4868.25
2026-01-30 21:00:00+00:00,4868.67,4904.2,4850.09,4893.31
2026-01-30 22:00:00+00:00,4893.16,4897.8,4876.46,4890.54
2026-01-30 23:00:00+00:00,4890.54,4909.19,4879.65,4903.03
2026-01-31 00:00:00+00:00,4903.04,4936.75,4897.1,4898.54
2026-01-31 01:00:00+00:00,4898.54,4928.85,4895.42,4901.77
2026-01-31 02:00:00+00:00,4901.78,4906.5,4884.3,4892.12
2026-01-31 03:00:00+00:00,4892.12,4925.72,4882.49,4903.81
2026-01-31 04:00:00+00:00,4903.8,4920.83,4901.1,4903.05
2026-01-31 05:00:00+00:00,4903.05,4913.0,4891.03,4904.85
2026-01-31 06:00:00+00:00,4904.85,4908.0,4895.23,4903.94
2026-01-31 07:00:00+00:00,4903.95,4908.15,4900.0,4906.48
2026-01-31 08:00:00+00:00,4906.47,4909.66,4900.16,4907.97
2026-01-31 09:00:00+00:00,4907.98,4910.38,4886.5,4892.22
2026-01-31 10:00:00+00:00,4892.21,4900.0,4886.45,4896.39
2026-01-31 11:00:00+00:00,4896.4,4898.97,4891.69,4892.87
2026-01-31 12:00:00+00:00,4892.87,4908.97,4892.35,4906.44
2026-01-31 13:00:00+00:00,4906.45,4907.13,4894.56,4900.3
2026-01-31 14:00:00+00:00,4900.31,4905.0,4883.0,4886.57
2026-01-31 15:00:00+00:00,4886.57,4897.06,4884.56,4888.55
2026-01-31 16:00:00+00:00,4888.58,4895.55,4875.34,4879.79
2026-01-31 17:00:00+00:00,4879.79,4887.22,4854.88,4867.95
2026-01-31 18:00:00+00:00,4867.96,4882.3,4844.6,4880.85
2026-01-31 19:00:00+00:00,4880.84,4888.0,4871.49,4888.0
2026-01-31 20:00:00+00:00,4888.0,4888.0,4863.94,4876.43
2026-01-31 21:00:00+00:00,4876.42,4886.54,4874.25,4881.42
2026-01-31 22:00:00+00:00,4881.36,4882.79,4863.92,4869.75
2026-01-31 23:00:00+00:00,4869.7,4888.76,4864.4,4885.06
2026-02-01 00:00:00+00:00,4885.08,4893.01,4878.01,4890.83
2026-02-01 01:00:00+00:00,4890.79,4891.1,4880.24,4883.23
2026-02-01 02:00:00+00:00,4883.23,4887.6,4880.7,4883.07
2026-02-01 03:00:00+00:00,4883.07,4886.54,4879.85,4886.54
2026-02-01 04:00:00+00:00,4886.54,4886.54,4879.65,4881.37
2026-02-01 05:00:00+00:00,4881.38,4889.24,4877.35,4887.69
2026-02-01 06:00:00+00:00,4887.68,4889.92,4882.0,4882.34
2026-02-01 07:00:00+00:00,4882.34,4888.09,4880.8,4888.09
2026-02-01 08:00:00+00:00,4888.09,4888.75,4881.01,4884.6
2026-02-01 09:00:00+00:00,4884.61,4886.78,4882.39,4884.69
2026-02-01 10:00:00+00:00,4884.7,4885.82,4883.0,4884.09
2026-02-01 11:00:00+00:00,4884.08,4885.34,4883.25,4883.99
2026-02-01 12:00:00+00:00,4884.0,4884.0,4877.0,4877.9
2026-02-01 13:00:00+00:00,4877.9,4883.49,4876.5,4876.78
2026-02-01 14:00:00+00:00,4876.79,4876.94,4855.08,4868.01
2026-02-01 15:00:00+00:00,4868.02,4873.8,4850.0,4872.11
2026-02-01 16:00:00+00:00,4872.1,4872.26,4835.49,4847.84
2026-02-01 17:00:00+00:00,4847.85,4868.0,4846.02,4867.2
2026-02-01 18:00:00+00:00,4867.19,4872.35,4852.8,4859.0
2026-02-01 19:00:00+00:00,4859.0,4860.15,4844.57,4852.06
2026-02-01 20:00:00+00:00,4852.05,4852.06,4820.0,4826.69
2026-02-01 21:00:00+00:00,4826.69,4833.33,4813.34,4824.15
2026-02-01 22:00:00+00:00,4824.14,4865.22,4824.01,4849.3
2026-02-01 23:00:00+00:00,4849.3,4868.98,4703.34,4768.5
2026-02-02 00:00:00+00:00,4769.1,4884.61,4757.99,4778.29
2026-02-02 01:00:00+00:00,4778.28,4800.79,4623.05,4747.59
2026-02-02 02:00:00+00:00,4747.76,4775.4,4671.32,4708.05
2026-02-02 03:00:00+00:00,4708.18,4731.01,4635.0,4649.12
2026-02-02 04:00:00+00:00,4649.12,4719.0,4610.0,4682.76
2026-02-02 05:00:00+00:00,4682.73,4698.82,4520.0,4571.29
2026-02-02 06:00:00+00:00,4570.92,4587.48,4444.0,4522.03
2026-02-02 07:00:00+00:00,4521.77,4623.0,4510.32,4588.94
2026-02-02 08:00:00+00:00,4588.95,4657.69,4570.04,4643.1
2026-02-02 09:00:00+00:00,4643.11,4735.97,4604.87,4720.7
2026-02-02 10:00:00+00:00,4720.69,4734.75,4662.0,4710.13
2026-02-02 11:00:00+00:00,4710.13,4783.8,4707.0,4767.86
2026-02-02 12:00:00+00:00,4767.95,4815.36,4748.25,4793.15
2026-02-02 13:00:00+00:00,4793.15,4805.89,4679.04,4715.2
2026-02-02 14:00:00+00:00,4715.25,4799.25,4686.43,4726.73
2026-02-02 15:00:00+00:00,4726.73,4749.75,4622.0,4625.29
2026-02-02 16:00:00+00:00,4625.3,4716.35,4604.5,4670.96
2026-02-02 17:00:00+00:00,4670.95,4718.51,4663.43,4680.02
2026-02-02 18:00:00+00:00,4679.69,4680.09,4624.5,4663.72
2026-02-02 19:00:00+00:00,4663.71,4717.64,4638.4,4690.52
2026-02-02 20:00:00+00:00,4690.52,4705.6,4656.26,4661.54
2026-02-02 21:00:00+00:00,4661.45,4694.19,4652.71,4670.86
2026-02-02 22:00:00+00:00,4670.85,4679.81,4666.01,4672.74
2026-02-02 23:00:00+00:00,4672.73,4774.42,4670.23,4773.15
2026-02-03 00:00:00+00:00,4773.16,4828.69,4767.46,4785.06
2026-02-03 01:00:00+00:00,4785.08,4855.4,4770.81,4841.1
2026-02-03 02:00:00+00:00,4841.08,4841.98,4748.13,4786.46
2026-02-03 03:00:00+00:00,4786.07,4814.72,4756.75,4810.96
2026-02-03 04:00:00+00:00,4811.0,4829.36,4804.33,4812.29
2026-02-03 05:00:00+00:00,4812.13,4844.34,4812.13,4827.55
2026-02-03 06:00:00+00:00,4827.67,4894.0,4820.5,4879.08
2026-02-03 07:00:00+00:00,4879.07,4931.7,4868.89,4914.91
2026-02-03 08:00:00+00:00,4914.92,4949.33,4898.68,4912.58
2026-02-03 09:00:00+00:00,4912.59,4932.0,4885.7,4916.83
2026-02-03 10:00:00+00:00,4916.84,4931.98,4900.4,4901.09
2026-02-03 11:00:00+00:00,4901.22,4920.84,4883.85,4917.9
2026-02-03 12:00:00+00:00,4917.9,4940.88,4895.77,4918.0
2026-02-03 13:00:00+00:00,4918.22,4959.33,4906.45,4935.01
2026-02-03 14:00:00+00:00,4935.31,4938.76,4896.23,4916.16
2026-02-03 15:00:00+00:00,4916.15,4946.33,4905.06,4938.52
2026-02-03 16:00:00+00:00,4938.7,4996.18,4931.0,4956.21
2026-02-03 17:00:00+00:00,4956.2,4971.4,4908.91,4929.34
2026-02-03 18:00:00+00:00,4929.28,4953.47,4884.7,4908.34
2026-02-03 19:00:00+00:00,4908.41,4951.95,4880.0,4929.01
2026-02-03 20:00:00+00:00,4929.0,4963.38,4904.11,4950.89
2026-02-03 21:00:00+00:00,4950.9,4968.99,4938.52,4951.06
2026-02-03 22:00:00+00:00,4950.94,4955.45,4939.05,4943.84
2026-02-03 23:00:00+00:00,4943.85,4974.91,4912.96,4949.56
2026-02-04 00:00:00+00:00,4949.55,5020.98,4948.75,5018.62
2026-02-04 01:00:00+00:00,5018.7,5057.87,4991.0,5049.23
2026-02-04 02:00:00+00:00,5049.24,5068.87,5036.89,5042.3
2026-02-04 03:00:00+00:00,5041.95,5076.94,5036.25,5071.45
2026-02-04 04:00:00+00:00,5071.45,5084.19,5057.25,5082.62
2026-02-04 05:00:00+00:00,5082.62,5092.72,5068.06,5080.05
2026-02-04 06:00:00+00:00,5080.13,5083.2,5052.0,5076.99
2026-02-04 07:00:00+00:00,5076.99,5094.0,5062.25,5086.55
2026-02-04 08:00:00+00:00,5086.58,5094.8,5070.31,5085.56
2026-02-04 09:00:00+00:00,5085.56,5088.6,5045.76,5061.14
2026-02-04 10:00:00+00:00,5061.15,5067.22,5044.01,5051.35
2026-02-04 11:00:00+00:00,5051.35,5055.69,5015.0,5050.14
2026-02-04 12:00:00+00:00,5050.14,5065.0,5039.11,5042.68
2026-02-04 13:00:00+00:00,5043.01,5065.95,5025.17,5055.26
2026-02-04 14:00:00+00:00,5055.27,5060.68,4971.45,4989.91
2026-02-04 15:00:00+00:00,4989.91,5010.89,4889.34,4925.01
2026-02-04 16:00:00+00:00,4924.86,4942.85,4855.01,4906.67
2026-02-04 17:00:00+00:00,4906.66,4931.99,4879.0,4902.58
2026-02-04 18:00:00+00:00,4902.56,4937.77,4875.53,4929.58
2026-02-04 19:00:00+00:00,4929.57,4960.87,4918.52,4946.13
2026-02-04 20:00:00+00:00,4946.13,4954.54,4917.41,4942.77
2026-02-04 21:00:00+00:00,4942.79,4972.68,4941.6,4968.22
2026-02-04 22:00:00+00:00,4968.15,4982.61,4958.4,4966.3
2026-02-04 23:00:00+00:00,4966.13,5027.8,4966.13,5013.95
2026-02-05 00:00:00+00:00,5013.96,5025.46,4998.74,5009.97
2026-02-05 01:00:00+00:00,5009.98,5014.45,4938.3,4959.06
2026-02-05 02:00:00+00:00,4959.07,4962.16,4810.5,4814.4
2026-02-05 03:00:00+00:00,4814.47,4889.87,4793.17,4879.81
2026-02-05 04:00:00+00:00,4879.83,4893.47,4862.71,4865.01
2026-02-05 05:00:00+00:00,4865.0,4905.75,4827.75,4895.11
2026-02-05 06:00:00+00:00,4895.18,4932.83,4877.71,4920.15
2026-02-05 07:00:00+00:00,4920.35,4940.67,4895.99,4915.18
2026-02-05 08:00:00+00:00,4914.98,4943.66,4901.71,4913.6
2026-02-05 09:00:00+00:00,4913.44,4915.84,4851.6,4857.67
2026-02-05 10:00:00+00:00,4857.47,4887.9,4849.0,4876.06
2026-02-05 11:00:00+00:00,4876.2,4896.33,4865.7,4868.33
2026-02-05 12:00:00+00:00,4868.33,4879.49,4812.44,4855.01
2026-02-05 13:00:00+00:00,4855.01,4869.87,4804.5,4836.45
2026-02-05 14:00:00+00:00,4836.46,4872.26,4808.0,4847.22
2026-02-05 15:00:00+00:00,4847.24,4865.77,4800.0,4819.55
2026-02-05 16:00:00+00:00,4819.17,4909.06,4814.85,4889.91
2026-02-05 17:00:00+00:00,4889.92,4892.16,4860.0,4870.19
2026-02-05 18:00:00+00:00,4870.06,4877.44,4851.58,4860.95
2026-02-05 19:00:00+00:00,4860.94,4866.86,4825.0,4832.45
2026-02-05 20:00:00+00:00,4832.46,4844.12,4793.87,4813.78
2026-02-05 21:00:00+00:00,4813.75,4828.91,4759.1,4778.17
2026-02-05 22:00:00+00:00,4778.25,4784.91,4764.0,4778.55
2026-02-05 23:00:00+00:00,4778.54,4793.36,4700.0,4702.29
2026-02-06 00:00:00+00:00,4702.28,4767.77,4650.0,4763.16
2026-02-06 01:00:00+00:00,4763.15,4785.87,4694.0,4774.01
2026-02-06 02:00:00+00:00,4774.12,4846.7,4761.46,4815.68
2026-02-06 03:00:00+00:00,4815.69,4837.2,4801.41,4825.1
2026-02-06 04:00:00+00:00,4825.17,4833.56,4808.71,4813.82
2026-02-06 05:00:00+00:00,4813.82,4897.95,4807.31,4897.64
2026-02-06 06:00:00+00:00,4897.65,4903.41,4826.39,4845.97
2026-02-06 07:00:00+00:00,4845.86,4864.21,4837.53,4843.03
2026-02-06 08:00:00+00:00,4842.74,4881.74,4830.43,4861.77
2026-02-06 09:00:00+00:00,4861.77,4874.96,4840.58,4867.23
2026-02-06 10:00:00+00:00,4867.24,4882.59,4850.11,4879.7
2026-02-06 11:00:00+00:00,4879.69,4896.3,4865.39,4886.86
2026-02-06 12:00:00+00:00,4886.86,4903.46,4871.43,4898.95
2026-02-06 13:00:00+00:00,4898.95,4937.79,4896.27,4928.66
2026-02-06 14:00:00+00:00,4928.66,4948.74,4894.0,4946.64
2026-02-06 15:00:00+00:00,4946.34,4964.42,4925.8,4941.77
2026-02-06 16:00:00+00:00,4941.85,4951.79,4921.0,4949.96
2026-02-06 17:00:00+00:00,4949.73,4967.72,4946.08,4957.95
2026-02-06 18:00:00+00:00,4957.96,4968.46,4940.1,4958.59
2026-02-06 19:00:00+00:00,4958.6,4959.24,4945.0,4951.99
2026-02-06 20:00:00+00:00,4952.04,4953.86,4931.2,4945.65
2026-02-06 21:00:00+00:00,4945.7,4963.89,4937.16,4961.26
2026-02-06 22:00:00+00:00,4961.25,4972.76,4960.38,4970.41
2026-02-06 23:00:00+00:00,4970.24,4973.45,4957.84,4958.95
2026-02-07 00:00:00+00:00,4958.63,4961.0,4950.9,4954.94
2026-02-07 01:00:00+00:00,4954.82,4964.9,4952.67,4963.32
2026-02-07 02:00:00+00:00,4963.31,4967.84,4960.27,4966.1
2026-02-07 03:00:00+00:00,4966.11,4968.6,4959.41,4963.23
2026-02-07 04:00:00+00:00,4963.23,4969.8,4960.55,4961.55
2026-02-07 05:00:00+00:00,4961.55,4963.62,4956.0,4958.86
2026-02-07 06:00:00+00:00,4958.86,4971.35,4956.51,4964.51
2026-02-07 07:00:00+00:00,4964.51,4966.95,4955.9,4963.77
2026-02-07 08:00:00+00:00,4963.78,4966.67,4962.12,4963.58
2026-02-07 09:00:00+00:00,4963.58,4966.87,4962.6,4966.15
2026-02-07 10:00:00+00:00,4966.16,4968.0,4965.25,4967.01
2026-02-07 11:00:00+00:00,4967.01,4969.87,4964.0,4965.35
2026-02-07 12:00:00+00:00,4965.34,4973.0,4965.27,4971.86
2026-02-07 13:00:00+00:00,4971.86,4971.98,4968.7,4968.71
2026-02-07 14:00:00+00:00,4968.7,4970.17,4963.45,4964.02
2026-02-07 15:00:00+00:00,4964.02,4967.95,4963.21,4965.58
2026-02-07 16:00:00+00:00,4965.58,4970.0,4963.82,4966.51
2026-02-07 17:00:00+00:00,4966.51,4968.14,4964.7,4967.45
2026-02-07 18:00:00+00:00,4967.44,4972.6,4966.35,4969.64
2026-02-07 19:00:00+00:00,4969.64,4975.7,4969.64,4975.7
2026-02-07 20:00:00+00:00,4975.7,4980.7,4975.36,4977.72
2026-02-07 21:00:00+00:00,4977.71,4980.67,4976.93,4979.25
2026-02-07 22:00:00+00:00,4979.25,4980.0,4972.23,4975.51
2026-02-07 23:00:00+00:00,4975.65,4977.38,4967.47,4969.69
2026-02-08 00:00:00+00:00,4969.69,4978.63,4969.69,4974.11
2026-02-08 01:00:00+00:00,4974.11,4978.34,4974.07,4976.5
2026-02-08 02:00:00+00:00,4976.5,4976.54,4970.64,4974.0
2026-02-08 03:00:00+00:00,4974.0,4975.0,4969.45,4970.45
2026-02-08 04:00:00+00:00,4970.45,4979.49,4970.45,4979.0
2026-02-08 05:00:00+00:00,4979.0,4990.98,4976.29,4988.63
2026-02-08 06:00:00+00:00,4988.63,4989.3,4978.6,4985.1
2026-02-08 07:00:00+00:00,4985.1,4985.85,4970.51,4971.0
2026-02-08 08:00:00+00:00,4971.0,4985.0,4971.0,4980.05
2026-02-08 09:00:00+00:00,4980.05,4980.05,4975.0,4975.5
2026-02-08 10:00:00+00:00,4975.49,4976.88,4971.55,4972.21
2026-02-08 11:00:00+00:00,4972.21,4980.0,4971.1,4971.75
2026-02-08 12:00:00+00:00,4971.79,4978.97,4971.75,4977.94
2026-02-08 13:00:00+00:00,4977.94,4980.0,4975.16,4975.43
2026-02-08 14:00:00+00:00,4975.42,4977.9,4975.0,4976.41
2026-02-08 15:00:00+00:00,4976.41,4976.94,4972.21,4974.38
2026-02-08 16:00:00+00:00,4974.44,4981.0,4974.38,4978.72
2026-02-08 17:00:00+00:00,4978.73,4981.73,4975.0,4978.2
2026-02-08 18:00:00+00:00,4978.2,4981.43,4975.6,4978.23
2026-02-08 19:00:00+00:00,4978.23,4981.98,4976.4,4978.53
2026-02-08 20:00:00+00:00,4978.54,4999.0,4978.4,4994.44
2026-02-08 21:00:00+00:00,4994.43,4999.0,4992.65,4996.0
2026-02-08 22:00:00+00:00,4996.0,5017.36,4989.1,4990.22
2026-02-08 23:00:00+00:00,4990.22,5038.35,4963.0,5028.31
2026-02-09 00:00:00+00:00,5028.4,5041.94,5010.18,5018.81
2026-02-09 01:00:00+00:00,5018.82,5038.21,4973.0,4981.76
2026-02-09 02:00:00+00:00,4981.75,5014.9,4966.48,5004.71
2026-02-09 03:00:00+00:00,5004.7,5027.85,5003.25,5014.04
2026-02-09 04:00:00+00:00,5013.94,5023.45,5003.92,5008.61
2026-02-09 05:00:00+00:00,5008.61,5038.1,5007.31,5034.9
2026-02-09 06:00:00+00:00,5034.91,5043.73,5013.14,5027.2
2026-02-09 07:00:00+00:00,5027.4,5027.4,4995.9,5004.04
2026-02-09 08:00:00+00:00,5003.85,5033.51,5001.01,5026.58
2026-02-09 09:00:00+00:00,5026.59,5038.81,5002.4,5006.44
2026-02-09 10:00:00+00:00,5006.41,5014.0,4981.89,4990.48
2026-02-09 11:00:00+00:00,4990.47,5015.79,4987.1,5010.22
2026-02-09 12:00:00+00:00,5010.23,5020.81,5006.48,5012.09
2026-02-09 13:00:00+00:00,5012.1,5024.34,4993.58,5005.2
2026-02-09 14:00:00+00:00,5005.11,5039.98,5001.26,5037.0
2026-02-09 15:00:00+00:00,5037.0,5059.71,5022.8,5056.9
2026-02-09 16:00:00+00:00,5056.96,5080.97,5055.39,5071.4
2026-02-09 17:00:00+00:00,5071.4,5074.14,5041.62,5046.53
2026-02-09 18:00:00+00:00,5046.52,5066.62,5046.52,5064.84
2026-02-09 19:00:00+00:00,5064.84,5078.26,5064.46,5073.1
2026-02-09 20:00:00+00:00,5073.1,5086.58,5071.97,5077.97
2026-02-09 21:00:00+00:00,5077.92,5081.4,5049.25,5061.43
2026-02-09 22:00:00+00:00,5061.43,5063.4,5054.21,5055.21
2026-02-09 23:00:00+00:00,5055.22,5071.56,4986.6,5030.5
2026-02-10 00:00:00+00:00,5030.42,5046.27,5007.42,5017.69
2026-02-10 01:00:00+00:00,5017.69,5035.94,5011.81,5031.49
2026-02-10 02:00:00+00:00,5031.49,5053.79,5029.56,5036.56
2026-02-10 03:00:00+00:00,5036.4,5036.63,5015.0,5027.8
2026-02-10 04:00:00+00:00,5027.8,5032.77,5016.87,5030.59
2026-02-10 05:00:00+00:00,5030.59,5038.24,5010.0,5036.82
2026-02-10 06:00:00+00:00,5036.9,5042.51,5018.16,5022.68
2026-02-10 07:00:00+00:00,5022.67,5033.55,5016.84,5031.27
2026-02-10 08:00:00+00:00,5031.26,5052.6,5026.56,5039.8
2026-02-10 09:00:00+00:00,5040.24,5062.42,5039.39,5045.45
2026-02-10 10:00:00+00:00,5045.55,5056.43,5036.4,5046.44
2026-02-10 11:00:00+00:00,5046.45,5055.35,5043.45,5054.26
2026-02-10 12:00:00+00:00,5054.27,5056.37,5018.71,5030.34
2026-02-10 13:00:00+00:00,5030.34,5056.87,5025.29,5049.07
2026-02-10 14:00:00+00:00,5049.07,5076.93,5020.0,5038.39
2026-02-10 15:00:00+00:00,5038.38,5046.88,4997.86,5018.89
2026-02-10 16:00:00+00:00,5018.89,5024.55,5005.45,5022.32
2026-02-10 17:00:00+00:00,5022.35,5040.0,5019.75,5025.54
2026-02-10 18:00:00+00:00,5025.54,5026.95,5003.93,5011.28
2026-02-10 19:00:00+00:00,5011.39,5029.52,5006.91,5026.15
2026-02-10 20:00:00+00:00,5026.15,5044.19,5018.55,5028.5
2026-02-10 21:00:00+00:00,5028.45,5030.83,5018.44,5024.24
2026-02-10 22:00:00+00:00,5024.25,5031.26,5020.8,5028.67
2026-02-10 23:00:00+00:00,5028.67,5052.0,5027.53,5040.2
2026-02-11 00:00:00+00:00,5040.22,5047.34,5025.8,5036.67
2026-02-11 01:00:00+00:00,5036.47,5049.0,5029.42,5048.7
2026-02-11 02:00:00+00:00,5048.7,5055.5,5031.6,5052.67
2026-02-11 03:00:00+00:00,5052.74,5060.1,5043.23,5053.39
2026-02-11 04:00:00+00:00,5053.39,5058.28,5044.98,5045.32
2026-02-11 05:00:00+00:00,5045.41,5061.57,5043.01,5051.9
2026-02-11 06:00:00+00:00,5052.04,5062.8,5048.33,5062.12
2026-02-11 07:00:00+00:00,5062.12,5067.8,5048.63,5054.55
2026-02-11 08:00:00+00:00,5054.54,5059.46,5045.74,5052.09
2026-02-11 09:00:00+00:00,5052.09,5071.13,5046.03,5060.8
2026-02-11 10:00:00+00:00,5060.86,5104.9,5060.85,5094.35
2026-02-11 11:00:00+00:00,5094.41,5119.4,5081.98,5115.73
2026-02-11 12:00:00+00:00,5116.08,5122.69,5053.31,5086.32
2026-02-11 13:00:00+00:00,5085.92,5092.25,5022.0,5067.15
2026-02-11 14:00:00+00:00,5067.0,5083.82,5039.01,5060.88
2026-02-11 15:00:00+00:00,5060.7,5081.74,5041.26,5061.05
2026-02-11 16:00:00+00:00,5060.64,5077.69,5043.21,5075.57
2026-02-11 17:00:00+00:00,5075.56,5099.93,5068.81,5091.83
2026-02-11 18:00:00+00:00,5091.83,5093.38,5068.26,5082.5
2026-02-11 19:00:00+00:00,5082.5,5095.96,5078.18,5082.33
2026-02-11 20:00:00+00:00,5082.48,5089.99,5079.23,5086.08
2026-02-11 21:00:00+00:00,5086.08,5093.6,5070.98,5082.13
2026-02-11 22:00:00+00:00,5082.12,5087.99,5075.28,5081.91
2026-02-11 23:00:00+00:00,5081.91,5097.83,5056.17,5059.48
2026-02-12 00:00:00+00:00,5059.48,5065.54,5049.17,5061.73
2026-02-12 01:00:00+00:00,5061.73,5063.16,5044.28,5062.13
2026-02-12 02:00:00+00:00,5062.13,5071.82,5054.14,5064.84
2026-02-12 03:00:00+00:00,5064.71,5073.48,5054.87,5056.79
2026-02-12 04:00:00+00:00,5056.78,5067.94,5050.0,5067.71
2026-02-12 05:00:00+00:00,5067.71,5076.48,5063.45,5074.16
2026-02-12 06:00:00+00:00,5074.16,5074.99,5048.18,5058.07
2026-02-12 07:00:00+00:00,5058.14,5064.79,5051.28,5062.57
2026-02-12 08:00:00+00:00,5062.21,5071.67,5052.0,5066.42
2026-02-12 09:00:00+00:00,5066.41,5079.1,5064.4,5071.92
2026-02-12 10:00:00+00:00,5071.93,5076.15,5056.04,5060.92
2026-02-12 11:00:00+00:00,5060.92,5067.53,5057.55,5063.3
2026-02-12 12:00:00+00:00,5063.3,5067.12,5049.16,5053.3
2026-02-12 13:00:00+00:00,5053.29,5082.3,5052.08,5073.46
2026-02-12 14:00:00+00:00,5073.47,5076.4,5040.0,5046.27
2026-02-12 15:00:00+00:00,5046.27,5072.87,5041.86,5059.93
2026-02-12 16:00:00+00:00,5059.93,5066.35,4880.15,4953.09
2026-02-12 17:00:00+00:00,4953.09,4979.63,4938.6,4939.1
2026-02-12 18:00:00+00:00,4939.1,4949.25,4905.01,4933.71
2026-02-12 19:00:00+00:00,4933.71,4956.9,4926.01,4943.84
2026-02-12 20:00:00+00:00,4943.85,4947.07,4910.66,4914.39
2026-02-12 21:00:00+00:00,4914.31,4925.99,4911.89,4921.8
2026-02-12 22:00:00+00:00,4921.8,4931.5,4919.72,4929.6
2026-02-12 23:00:00+00:00,4929.6,4930.87,4887.0,4918.87
2026-02-13 00:00:00+00:00,4918.87,4946.55,4911.76,4926.89
2026-02-13 01:00:00+00:00,4926.89,4986.37,4925.6,4978.25
2026-02-13 02:00:00+00:00,4978.25,4988.53,4970.03,4985.49
2026-02-13 03:00:00+00:00,4985.47,4986.22,4971.76,4978.71
2026-02-13 04:00:00+00:00,4978.71,4993.7,4970.1,4973.43
2026-02-13 05:00:00+00:00,4973.43,4983.39,4943.83,4944.74
2026-02-13 06:00:00+00:00,4944.75,4966.34,4944.39,4965.32
2026-02-13 07:00:00+00:00,4965.31,4979.51,4950.45,4973.03
2026-02-13 08:00:00+00:00,4973.04,4986.45,4970.08,4980.43
2026-02-13 09:00:00+00:00,4980.43,4980.71,4960.55,4969.34
2026-02-13 10:00:00+00:00,4969.33,4978.14,4947.88,4950.55
2026-02-13 11:00:00+00:00,4950.52,4954.75,4933.26,4953.32
2026-02-13 12:00:00+00:00,4953.25,4973.49,4952.24,4968.49
2026-02-13 13:00:00+00:00,4968.5,4998.0,4956.77,4986.55
2026-02-13 14:00:00+00:00,4986.54,5010.82,4965.0,4994.61
2026-02-13 15:00:00+00:00,4994.66,5020.5,4974.5,4978.29
2026-02-13 16:00:00+00:00,4978.29,5032.0,4977.22,5007.64
2026-02-13 17:00:00+00:00,5007.65,5027.0,5005.43,5019.8
2026-02-13 18:00:00+00:00,5019.81,5033.52,5015.35,5028.41
2026-02-13 19:00:00+00:00,5028.4,5043.96,5022.9,5022.9
2026-02-13 20:00:00+00:00,5022.81,5032.8,5020.13,5030.4
2026-02-13 21:00:00+00:00,5030.28,5041.34,5026.43,5035.81
2026-02-13 22:00:00+00:00,5035.81,5040.24,5035.1,5036.73
2026-02-13 23:00:00+00:00,5036.73,5040.0,5036.19,5037.59
2026-02-14 00:00:00+00:00,5037.6,5040.71,5036.33,5039.91
2026-02-14 01:00:00+00:00,5039.9,5042.0,5039.0,5040.91
2026-02-14 02:00:00+00:00,5040.92,5041.2,5039.0,5039.7
2026-02-14 03:00:00+00:00,5039.7,5040.42,5038.01,5039.71
2026-02-14 04:00:00+00:00,5039.72,5039.99,5034.0,5034.0
2026-02-14 05:00:00+00:00,5034.0,5037.61,5033.21,5035.37
2026-02-14 06:00:00+00:00,5035.37,5035.56,5033.0,5034.21
2026-02-14 07:00:00+00:00,5034.22,5040.71,5033.16,5039.21
2026-02-14 08:00:00+00:00,5039.22,5039.22,5034.55,5035.43
2026-02-14 09:00:00+00:00,5035.42,5037.61,5035.0,5035.66
2026-02-14 10:00:00+00:00,5035.65,5036.0,5034.53,5035.89
2026-02-14 11:00:00+00:00,5035.9,5039.31,5035.05,5038.28
2026-02-14 12:00:00+00:00,5038.28,5038.28,5035.22,5036.54
2026-02-14 13:00:00+00:00,5036.55,5038.86,5036.0,5036.86
2026-02-14 14:00:00+00:00,5036.87,5037.17,5035.39,5036.88
2026-02-14 15:00:00+00:00,5036.88,5037.98,5036.51,5037.31
2026-02-14 16:00:00+00:00,5037.32,5037.32,5034.31,5034.31
2026-02-14 17:00:00+00:00,5034.31,5036.49,5034.02,5035.31
2026-02-14 18:00:00+00:00,5035.3,5037.06,5034.41,5036.19
2026-02-14 19:00:00+00:00,5036.19,5039.11,5035.99,5038.31
2026-02-14 20:00:00+00:00,5038.31,5038.31,5034.43,5036.01
2026-02-14 21:00:00+00:00,5036.01,5036.97,5034.72,5035.94
2026-02-14 22:00:00+00:00,5035.94,5036.3,5035.03,5036.07
2026-02-14 23:00:00+00:00,5036.08,5037.24,5034.55,5036.92
2026-02-15 00:00:00+00:00,5036.93,5037.5,5035.4,5036.33
2026-02-15 01:00:00+00:00,5036.33,5037.7,5036.0,5037.41
2026-02-15 02:00:00+00:00,5037.42,5037.92,5037.0,5037.91
2026-02-15 03:00:00+00:00,5037.92,5039.78,5037.8,5039.63
2026-02-15 04:00:00+00:00,5039.63,5039.63,5037.9,5038.74
2026-02-15 05:00:00+00:00,5038.71,5039.1,5037.05,5037.06
2026-02-15 06:00:00+00:00,5037.05,5037.89,5037.05,5037.19
2026-02-15 07:00:00+00:00,5037.19,5039.99,5037.12,5038.91
2026-02-15 08:00:00+00:00,5038.91,5042.96,5037.0,5041.84
2026-02-15 09:00:00+00:00,5041.85,5042.99,5037.5,5039.19
2026-02-15 10:00:00+00:00,5039.2,5039.2,5036.8,5038.4
2026-02-15 11:00:00+00:00,5038.39,5039.9,5038.23,5038.79
2026-02-15 12:00:00+00:00,5038.79,5039.49,5037.06,5037.06
2026-02-15 13:00:00+00:00,5037.06,5038.06,5036.0,5036.02
2026-02-15 14:00:00+00:00,5036.02,5037.99,5035.52,5037.29
2026-02-15 15:00:00+00:00,5037.29,5038.51,5036.4,5038.48
2026-02-15 16:00:00+00:00,5038.47,5038.5,5035.52,5038.49
2026-02-15 17:00:00+00:00,5038.5,5040.0,5031.02,5035.11
2026-02-15 18:00:00+00:00,5035.1,5035.52,5030.22,5031.7
2026-02-15 19:00:00+00:00,5031.7,5031.7,5023.73,5030.14
2026-02-15 20:00:00+00:00,5030.13,5034.8,5025.8,5034.78
2026-02-15 21:00:00+00:00,5034.78,5035.65,5033.39,5034.78
2026-02-15 22:00:00+00:00,5034.78,5038.0,5032.6,5037.84
2026-02-15 23:00:00+00:00,5037.84,5040.0,5007.0,5020.8
2026-02-16 00:00:00+00:00,5020.8,5022.36,5002.0,5015.3
2026-02-16 01:00:00+00:00,5015.3,5029.94,5006.96,5026.94
2026-02-16 02:00:00+00:00,5026.94,5030.36,4991.36,4993.67
2026-02-16 03:00:00+00:00,4993.66,4998.59,4973.7,4986.86
2026-02-16 04:00:00+00:00,4986.86,4991.92,4970.0,4978.24
2026-02-16 05:00:00+00:00,4978.25,4990.77,4966.2,4989.58
2026-02-16 06:00:00+00:00,4989.59,5002.84,4985.38,4994.43
2026-02-16 07:00:00+00:00,4994.25,5009.96,4988.37,5008.21
2026-02-16 08:00:00+00:00,5008.21,5013.4,4997.35,5008.53
2026-02-16 09:00:00+00:00,5008.47,5016.85,5008.1,5013.61
2026-02-16 10:00:00+00:00,5013.6,5017.4,5002.47,5007.19
2026-02-16 11:00:00+00:00,5007.19,5008.1,4998.71,5004.96
2026-02-16 12:00:00+00:00,5004.97,5007.89,4993.33,5003.48
2026-02-16 13:00:00+00:00,5003.49,5004.96,4990.22,4997.62
2026-02-16 14:00:00+00:00,4997.62,4999.79,4983.01,4989.03
2026-02-16 15:00:00+00:00,4989.27,4989.28,4971.53,4981.92
2026-02-16 16:00:00+00:00,4981.84,4992.99,4976.24,4990.8
2026-02-16 17:00:00+00:00,4990.81,4997.34,4990.62,4992.84
2026-02-16 18:00:00+00:00,4992.85,4999.78,4990.56,4995.28
2026-02-16 19:00:00+00:00,4995.28,4997.92,4991.23,4991.88
2026-02-16 20:00:00+00:00,4991.88,4996.58,4991.0,4993.78
2026-02-16 21:00:00+00:00,4993.76,4996.48,4990.64,4994.48
2026-02-16 22:00:00+00:00,4994.47,4999.0,4990.87,4993.17
2026-02-16 23:00:00+00:00,4993.18,5000.0,4986.4,4991.49
2026-02-17 00:00:00+00:00,4991.48,4992.84,4934.28,4938.0
2026-02-17 01:00:00+00:00,4937.98,4966.0,4924.44,4959.85
2026-02-17 02:00:00+00:00,4959.84,4973.47,4958.24,4968.64
2026-02-17 03:00:00+00:00,4968.64,4972.22,4952.6,4960.15
2026-02-17 04:00:00+00:00,4960.14,4963.2,4950.04,4954.86
2026-02-17 05:00:00+00:00,4954.85,4955.17,4866.07,4893.15
2026-02-17 06:00:00+00:00,4893.15,4918.12,4890.32,4913.47
2026-02-17 07:00:00+00:00,4913.61,4924.49,4906.4,4920.44
2026-02-17 08:00:00+00:00,4920.44,4932.65,4918.6,4923.18
2026-02-17 09:00:00+00:00,4923.18,4935.0,4913.83,4928.54
2026-02-17 10:00:00+00:00,4928.54,4942.49,4910.81,4915.66
2026-02-17 11:00:00+00:00,4915.67,4933.95,4915.67,4932.02
2026-02-17 12:00:00+00:00,4932.01,4946.22,4930.96,4934.85
2026-02-17 13:00:00+00:00,4934.85,4936.35,4874.89,4875.97
2026-02-17 14:00:00+00:00,4875.96,4908.63,4845.33,4868.21
2026-02-17 15:00:00+00:00,4867.95,4884.48,4853.44,4881.58
2026-02-17 16:00:00+00:00,4881.42,4895.07,4871.25,4871.73
2026-02-17 17:00:00+00:00,4871.73,4874.25,4853.24,4867.95
2026-02-17 18:00:00+00:00,4867.9,4917.5,4866.03,4901.98
2026-02-17 19:00:00+00:00,4902.1,4904.84,4880.0,4884.06
2026-02-17 20:00:00+00:00,4884.05,4885.95,4874.82,4880.55
2026-02-17 21:00:00+00:00,4880.55,4890.2,4877.4,4883.86
2026-02-17 22:00:00+00:00,4883.92,4891.0,4883.29,4889.23
2026-02-17 23:00:00+00:00,4889.25,4890.14,4857.35,4861.25
2026-02-18 00:00:00+00:00,4861.26,4884.54,4860.7,4876.43
2026-02-18 01:00:00+00:00,4876.44,4894.7,4876.2,4891.06
2026-02-18 02:00:00+00:00,4891.06,4908.3,4887.91,4906.03
2026-02-18 03:00:00+00:00,4906.36,4922.39,4905.88,4920.49
2026-02-18 04:00:00+00:00,4920.5,4940.97,4917.98,4934.37
2026-02-18 05:00:00+00:00,4934.37,4939.89,4929.25,4933.3
2026-02-18 06:00:00+00:00,4933.21,4936.8,4925.02,4931.39
2026-02-18 07:00:00+00:00,4931.39,4942.5,4930.44,4931.83
2026-02-18 08:00:00+00:00,4931.84,4934.48,4918.57,4919.13
2026-02-18 09:00:00+00:00,4919.14,4925.86,4914.13,4920.96
2026-02-18 10:00:00+00:00,4920.95,4927.25,4912.19,4917.44
2026-02-18 11:00:00+00:00,4917.43,4920.88,4909.32,4915.86
2026-02-18 12:00:00+00:00,4915.86,4948.4,4914.99,4944.72
2026-02-18 13:00:00+00:00,4944.73,4970.95,4944.72,4954.82
2026-02-18 14:00:00+00:00,4954.83,4995.93,4953.73,4992.94
2026-02-18 15:00:00+00:00,4992.85,5008.75,4992.73,4998.04
2026-02-18 16:00:00+00:00,4998.05,5012.91,4991.15,5002.3
2026-02-18 17:00:00+00:00,5002.31,5003.44,4994.76,4999.46
2026-02-18 18:00:00+00:00,4999.47,5004.22,4982.03,4987.95
2026-02-18 19:00:00+00:00,4987.95,4996.25,4973.7,4981.38
2026-02-18 20:00:00+00:00,4981.16,4989.4,4976.27,4986.35
2026-02-18 21:00:00+00:00,4985.92,4987.38,4977.27,4979.25
2026-02-18 22:00:00+00:00,4979.24,4985.71,4979.24,4983.79
2026-02-18 23:00:00+00:00,4983.79,4989.41,4964.1,4976.85
2026-02-19 00:00:00+00:00,4976.85,4976.85,4962.3,4963.75
2026-02-19 01:00:00+00:00,4963.57,4978.53,4963.1,4976.14
2026-02-19 02:00:00+00:00,4976.28,4979.97,4969.38,4971.16
2026-02-19 03:00:00+00:00,4971.24,4986.75,4969.0,4985.96
2026-02-19 04:00:00+00:00,4985.95,4988.0,4980.39,4986.09
2026-02-19 05:00:00+00:00,4986.09,5000.83,4986.09,4999.34
2026-02-19 06:00:00+00:00,4999.34,5022.38,4999.1,5020.59
2026-02-19 07:00:00+00:00,5020.6,5023.88,5010.7,5012.24
2026-02-19 08:00:00+00:00,5012.15,5023.66,5008.85,5017.99
2026-02-19 09:00:00+00:00,5018.0,5021.66,4995.19,4998.6
2026-02-19 10:00:00+00:00,4998.55,4998.81,4984.38,4996.39
2026-02-19 11:00:00+00:00,4996.38,5000.51,4981.26,4987.48
2026-02-19 12:00:00+00:00,4987.48,4996.38,4983.75,4988.49
2026-02-19 13:00:00+00:00,4988.48,5001.43,4976.16,5000.41
2026-02-19 14:00:00+00:00,5000.41,5011.99,4966.28,5007.74
2026-02-19 15:00:00+00:00,5007.75,5024.54,4998.36,5015.33
2026-02-19 16:00:00+00:00,5015.34,5015.98,4993.38,4998.36
2026-02-19 17:00:00+00:00,4998.3,5004.3,4986.45,4988.21
2026-02-19 18:00:00+00:00,4988.35,4992.25,4978.84,4984.65
2026-02-19 19:00:00+00:00,4984.5,4993.26,4982.15,4990.56
2026-02-19 20:00:00+00:00,4990.57,5005.75,4990.56,5004.45
2026-02-19 21:00:00+00:00,5004.59,5007.0,4995.5,4999.04
2026-02-19 22:00:00+00:00,4999.11,5004.94,4996.0,5003.94
2026-02-19 23:00:00+00:00,5003.95,5010.68,4989.24,4990.75
2026-02-20 00:00:00+00:00,4990.72,5008.79,4989.51,5008.61
2026-02-20 01:00:00+00:00,5008.62,5017.0,4998.91,5000.83
2026-02-20 02:00:00+00:00,5000.82,5009.88,4996.42,4998.88
2026-02-20 03:00:00+00:00,4998.87,5002.0,4985.6,4991.35
2026-02-20 04:00:00+00:00,4991.39,5005.0,4990.18,5002.38
2026-02-20 05:00:00+00:00,5002.38,5013.5,5001.43,5013.4
2026-02-20 06:00:00+00:00,5013.4,5031.77,5013.4,5022.66
2026-02-20 07:00:00+00:00,5022.62,5028.45,5009.09,5010.01
2026-02-20 08:00:00+00:00,5010.01,5033.49,5008.4,5031.32
2026-02-20 09:00:00+00:00,5031.16,5044.78,5029.32,5029.32
2026-02-20 10:00:00+00:00,5029.33,5039.83,5022.53,5037.23
2026-02-20 11:00:00+00:00,5037.45,5038.0,5019.3,5021.21
2026-02-20 12:00:00+00:00,5021.21,5029.24,5011.16,5028.15
2026-02-20 13:00:00+00:00,5028.15,5051.07,5021.94,5045.62
2026-02-20 14:00:00+00:00,5045.7,5064.23,5039.88,5057.71
2026-02-20 15:00:00+00:00,5057.71,5067.68,4994.61,5046.29
2026-02-20 16:00:00+00:00,5046.29,5072.17,5043.17,5068.55
2026-02-20 17:00:00+00:00,5068.5,5079.0,5057.4,5075.54
2026-02-20 18:00:00+00:00,5075.54,5077.2,5058.7,5073.74
2026-02-20 19:00:00+00:00,5073.74,5081.94,5071.79,5081.7
2026-02-20 20:00:00+00:00,5081.69,5101.74,5080.0,5100.35
2026-02-20 21:00:00+00:00,5100.32,5110.98,5095.17,5110.12
2026-02-20 22:00:00+00:00,5110.19,5110.59,5101.47,5103.8
2026-02-20 23:00:00+00:00,5103.8,5106.95,5103.25,5106.95
2026-02-21 00:00:00+00:00,5106.95,5111.57,5106.94,5111.27
2026-02-21 01:00:00+00:00,5111.27,5116.68,5111.01,5112.5
2026-02-21 02:00:00+00:00,5112.5,5114.8,5111.5,5112.19
2026-02-21 03:00:00+00:00,5112.18,5112.18,5108.41,5110.21
2026-02-21 04:00:00+00:00,5110.21,5112.39,5110.2,5110.21
2026-02-21 05:00:00+00:00,5110.21,5112.08,5110.2,5110.7
2026-02-21 06:00:00+00:00,5110.7,5110.9,5110.0,5110.81
2026-02-21 07:00:00+00:00,5110.81,5112.79,5110.68,5112.4
2026-02-21 08:00:00+00:00,5112.39,5113.75,5112.21,5113.41
2026-02-21 09:00:00+00:00,5113.41,5113.57,5112.34,5112.78
2026-02-21 10:00:00+00:00,5112.79,5112.79,5111.8,5112.45
2026-02-21 11:00:00+00:00,5112.44,5113.35,5112.1,5112.62
2026-02-21 12:00:00+00:00,5112.62,5114.19,5112.62,5113.59
2026-02-21 13:00:00+00:00,5113.59,5115.7,5113.58,5115.42
2026-02-21 14:00:00+00:00,5115.41,5119.0,5115.0,5118.04
2026-02-21 15:00:00+00:00,5117.69,5119.0,5110.23,5110.24
2026-02-21 16:00:00+00:00,5110.24,5117.6,5110.24,5116.63
2026-02-21 17:00:00+00:00,5116.63,5118.78,5116.26,5118.4
2026-02-21 18:00:00+00:00,5118.25,5119.93,5117.3,5118.0
2026-02-21 19:00:00+00:00,5118.0,5118.01,5114.15,5114.16
2026-02-21 20:00:00+00:00,5114.16,5118.47,5114.16,5117.99
2026-02-21 21:00:00+00:00,5117.98,5118.5,5117.15,5118.01
2026-02-21 22:00:00+00:00,5118.01,5118.26,5113.81,5114.24
2026-02-21 23:00:00+00:00,5114.24,5114.6,5112.2,5113.4
2026-02-22 00:00:00+00:00,5113.41,5115.89,5113.4,5114.73
2026-02-22 01:00:00+00:00,5114.73,5114.74,5112.75,5114.26
2026-02-22 02:00:00+00:00,5114.26,5115.2,5113.4,5113.4
2026-02-22 03:00:00+00:00,5113.4,5113.41,5110.9,5111.24
2026-02-22 04:00:00+00:00,5111.24,5114.69,5111.05,5113.09
2026-02-22 05:00:00+00:00,5113.08,5116.26,5113.08,5115.7
2026-02-22 06:00:00+00:00,5115.7,5115.85,5115.25,5115.38
2026-02-22 07:00:00+00:00,5115.37,5115.37,5114.0,5114.08
2026-02-22 08:00:00+00:00,5114.09,5115.8,5114.09,5114.31
2026-02-22 09:00:00+00:00,5114.31,5114.39,5112.24,5112.39
2026-02-22 10:00:00+00:00,5112.38,5115.46,5112.31,5114.53
2026-02-22 11:00:00+00:00,5114.53,5115.2,5114.04,5114.91
2026-02-22 12:00:00+00:00,5114.91,5117.2,5114.9,5116.48
2026-02-22 13:00:00+00:00,5116.48,5119.27,5116.48,5118.9
2026-02-22 14:00:00+00:00,5118.9,5139.99,5118.89,5131.64
2026-02-22 15:00:00+00:00,5131.64,5136.0,5117.79,5123.0
2026-02-22 16:00:00+00:00,5123.0,5129.82,5122.99,5127.31
2026-02-22 17:00:00+00:00,5127.31,5133.0,5126.0,5126.08
2026-02-22 18:00:00+00:00,5126.07,5126.4,5122.39,5122.39
2026-02-22 19:00:00+00:00,5122.4,5123.37,5122.0,5122.0
2026-02-22 20:00:00+00:00,5122.01,5137.22,5122.01,5130.49
2026-02-22 21:00:00+00:00,5130.5,5133.6,5129.68,5131.57
2026-02-22 22:00:00+00:00,5131.56,5148.87,5131.56,5144.26
2026-02-22 23:00:00+00:00,5144.26,5168.88,5105.15,5161.71
2026-02-23 00:00:00+00:00,5161.72,5166.93,5132.02,5146.89
2026-02-23 01:00:00+00:00,5146.95,5170.5,5142.4,5160.44
2026-02-23 02:00:00+00:00,5160.45,5178.76,5150.83,5177.09
2026-02-23 03:00:00+00:00,5177.1,5178.65,5157.45,5168.97
2026-02-23 04:00:00+00:00,5168.97,5171.0,5158.35,5162.98
2026-02-23 05:00:00+00:00,5162.98,5163.7,5155.25,5160.64
2026-02-23 06:00:00+00:00,5160.63,5163.94,5147.05,5148.2
2026-02-23 07:00:00+00:00,5148.2,5156.54,5127.45,5140.12
2026-02-23 08:00:00+00:00,5139.89,5145.0,5125.53,5142.9
2026-02-23 09:00:00+00:00,5142.87,5153.78,5141.96,5151.75
2026-02-23 10:00:00+00:00,5151.76,5165.63,5148.64,5165.1
2026-02-23 11:00:00+00:00,5165.1,5165.84,5150.1,5152.95
2026-02-23 12:00:00+00:00,5152.89,5167.67,5147.51,5166.59
2026-02-23 13:00:00+00:00,5166.58,5167.97,5146.1,5148.54
2026-02-23 14:00:00+00:00,5148.45,5201.97,5144.02,5193.99
2026-02-23 15:00:00+00:00,5193.99,5205.7,5183.89,5197.5
2026-02-23 16:00:00+00:00,5197.45,5220.99,5179.0,5212.35
2026-02-23 17:00:00+00:00,5212.36,5215.43,5193.68,5208.59
2026-02-23 18:00:00+00:00,5208.59,5217.38,5203.71,5212.29
2026-02-23 19:00:00+00:00,5212.28,5219.4,5209.16,5215.75
2026-02-23 20:00:00+00:00,5215.75,5239.24,5215.75,5238.03
2026-02-23 21:00:00+00:00,5238.02,5239.32,5228.27,5229.71
2026-02-23 22:00:00+00:00,5229.7,5235.0,5226.3,5234.5
2026-02-23 23:00:00+00:00,5234.51,5253.4,5228.0,5238.39
2026-02-24 00:00:00+00:00,5238.3,5240.0,5221.27,5226.66
2026-02-24 01:00:00+00:00,5226.65,5226.65,5148.46,5179.71
2026-02-24 02:00:00+00:00,5179.72,5193.31,5168.89,5192.3
2026-02-24 03:00:00+00:00,5192.29,5195.34,5173.66,5174.55
2026-02-24 04:00:00+00:00,5174.7,5177.45,5165.3,5170.68
2026-02-24 05:00:00+00:00,5170.68,5187.54,5166.73,5184.58
2026-02-24 06:00:00+00:00,5184.6,5187.45,5158.41,5176.49
2026-02-24 07:00:00+00:00,5176.48,5186.29,5168.0,5181.89
2026-02-24 08:00:00+00:00,5181.89,5183.7,5166.35,5176.19
2026-02-24 09:00:00+00:00,5176.19,5182.36,5169.57,5174.62
2026-02-24 10:00:00+00:00,5174.61,5183.5,5166.67,5175.2
2026-02-24 11:00:00+00:00,5175.19,5180.5,5173.85,5175.0
2026-02-24 12:00:00+00:00,5175.01,5175.6,5146.99,5153.41
2026-02-24 13:00:00+00:00,5153.41,5163.66,5113.09,5117.99
2026-02-24 14:00:00+00:00,5117.99,5143.48,5101.2,5131.51
2026-02-24 15:00:00+00:00,5131.51,5157.95,5122.0,5152.87
2026-02-24 16:00:00+00:00,5152.87,5155.81,5133.95,5144.39
2026-02-24 17:00:00+00:00,5144.39,5165.74,5144.39,5165.74
2026-02-24 18:00:00+00:00,5165.74,5172.36,5156.5,5162.68
2026-02-24 19:00:00+00:00,5162.67,5162.67,5149.12,5155.9
2026-02-24 20:00:00+00:00,5155.9,5175.24,5149.18,5166.45
2026-02-24 21:00:00+00:00,5166.46,5168.4,5142.25,5143.65
2026-02-24 22:00:00+00:00,5143.73,5149.64,5135.01,5139.05
2026-02-24 23:00:00+00:00,5139.0,5153.63,5125.26,5148.45
2026-02-25 00:00:00+00:00,5148.46,5158.55,5139.14,5155.23
2026-02-25 01:00:00+00:00,5155.04,5190.42,5147.74,5176.3
2026-02-25 02:00:00+00:00,5176.3,5193.55,5168.61,5180.44
2026-02-25 03:00:00+00:00,5180.43,5189.5,5177.38,5183.3
2026-02-25 04:00:00+00:00,5183.29,5186.98,5173.63,5184.55
2026-02-25 05:00:00+00:00,5184.55,5211.46,5184.44,5203.2
2026-02-25 06:00:00+00:00,5203.21,5203.21,5186.01,5196.39
2026-02-25 07:00:00+00:00,5196.4,5196.85,5182.2,5186.02
2026-02-25 08:00:00+00:00,5186.02,5199.58,5185.96,5188.14
2026-02-25 09:00:00+00:00,5188.14,5196.27,5179.52,5195.5
2026-02-25 10:00:00+00:00,5195.49,5197.28,5173.5,5178.27
2026-02-25 11:00:00+00:00,5178.27,5185.4,5159.01,5184.19
2026-02-25 12:00:00+00:00,5184.19,5189.6,5180.01,5184.74
2026-02-25 13:00:00+00:00,5184.74,5193.0,5183.85,5186.99
2026-02-25 14:00:00+00:00,5186.99,5195.13,5162.68,5192.32
2026-02-25 15:00:00+00:00,5192.4,5204.22,5175.54,5196.0
2026-02-25 16:00:00+00:00,5196.1,5215.69,5190.95,5213.39
2026-02-25 17:00:00+00:00,5213.39,5218.8,5205.12,5208.35
2026-02-25 18:00:00+00:00,5208.36,5210.07,5201.34,5202.12
2026-02-25 19:00:00+00:00,5202.12,5210.49,5193.33,5206.24
2026-02-25 20:00:00+00:00,5206.39,5208.34,5147.4,5154.57
2026-02-25 21:00:00+00:00,5154.78,5176.18,5152.9,5167.56
2026-02-25 22:00:00+00:00,5167.7,5170.41,5153.36,5167.09
2026-02-25 23:00:00+00:00,5167.09,5183.22,5163.39,5165.29
2026-02-26 00:00:00+00:00,5165.29,5191.51,5157.71,5188.01
2026-02-26 01:00:00+00:00,5188.0,5197.05,5179.52,5190.88
2026-02-26 02:00:00+00:00,5191.03,5194.92,5175.1,5183.12
2026-02-26 03:00:00+00:00,5183.12,5192.96,5182.41,5190.95
2026-02-26 04:00:00+00:00,5190.95,5197.4,5189.5,5191.37
2026-02-26 05:00:00+00:00,5191.37,5203.5,5189.12,5196.22
2026-02-26 06:00:00+00:00,5196.23,5197.97,5190.08,5192.0
2026-02-26 07:00:00+00:00,5192.0,5193.34,5179.25,5186.05
2026-02-26 08:00:00+00:00,5186.05,5189.86,5168.29,5179.2
2026-02-26 09:00:00+00:00,5179.19,5188.6,5173.95,5185.79
2026-02-26 10:00:00+00:00,5185.79,5189.34,5167.36,5171.15
2026-02-26 11:00:00+00:00,5171.14,5179.15,5161.23,5165.26
2026-02-26 12:00:00+00:00,5165.26,5187.16,5159.14,5183.48
2026-02-26 13:00:00+00:00,5183.48,5185.08,5166.08,5168.08
2026-02-26 14:00:00+00:00,5168.0,5175.74,5142.61,5167.67
2026-02-26 15:00:00+00:00,5167.42,5192.96,5133.05,5185.6
2026-02-26 16:00:00+00:00,5185.7,5187.12,5174.35,5180.41
2026-02-26 17:00:00+00:00,5180.42,5190.84,5163.14,5167.71
2026-02-26 18:00:00+00:00,5167.71,5185.27,5161.84,5179.9
2026-02-26 19:00:00+00:00,5179.9,5192.85,5179.38,5187.36
2026-02-26 20:00:00+00:00,5187.36,5199.98,5187.14,5195.58
2026-02-26 21:00:00+00:00,5195.68,5199.79,5184.09,5185.95
2026-02-26 22:00:00+00:00,5185.95,5189.6,5180.69,5186.49
2026-02-26 23:00:00+00:00,5186.5,5190.79,5177.4,5183.72
2026-02-27 00:00:00+00:00,5183.72,5194.0,5172.0,5176.31
2026-02-27 01:00:00+00:00,5176.31,5192.98,5168.07,5192.49
2026-02-27 02:00:00+00:00,5192.5,5198.3,5175.21,5183.79
2026-02-27 03:00:00+00:00,5183.78,5190.71,5181.47,5184.76
2026-02-27 04:00:00+00:00,5184.75,5188.9,5181.33,5182.05
2026-02-27 05:00:00+00:00,5182.05,5198.69,5182.04,5197.0
2026-02-27 06:00:00+00:00,5197.0,5197.7,5186.24,5187.01
2026-02-27 07:00:00+00:00,5186.97,5190.5,5177.49,5179.04
2026-02-27 08:00:00+00:00,5179.04,5184.89,5177.68,5181.8
2026-02-27 09:00:00+00:00,5181.8,5184.0,5175.0,5178.01
2026-02-27 10:00:00+00:00,5178.02,5184.42,5171.47,5180.6
2026-02-27 11:00:00+00:00,5180.6,5189.29,5175.71,5189.29
2026-02-27 12:00:00+00:00,5189.3,5193.2,5184.03,5189.21
2026-02-27 13:00:00+00:00,5189.2,5249.0,5188.75,5226.45
2026-02-27 14:00:00+00:00,5226.45,5238.65,5216.66,5224.59
2026-02-27 15:00:00+00:00,5224.59,5254.63,5217.58,5241.7
2026-02-27 16:00:00+00:00,5241.71,5262.3,5225.55,5230.75
2026-02-27 17:00:00+00:00,5230.76,5237.83,5223.11,5235.2
2026-02-27 18:00:00+00:00,5235.18,5249.0,5225.09,5248.04
2026-02-27 19:00:00+00:00,5248.05,5255.45,5243.21,5254.34
2026-02-27 20:00:00+00:00,5254.26,5269.34,5252.15,5265.26
2026-02-27 21:00:00+00:00,5265.49,5279.0,5259.93,5276.83
2026-02-27 22:00:00+00:00,5276.83,5286.26,5274.67,5278.45
2026-02-27 23:00:00+00:00,5278.46,5278.46,5273.0,5273.01
2026-02-28 00:00:00+00:00,5273.01,5276.69,5271.08,5276.65
2026-02-28 01:00:00+00:00,5276.66,5283.24,5276.65,5280.98
2026-02-28 02:00:00+00:00,5280.98,5281.92,5279.75,5279.84
2026-02-28 03:00:00+00:00,5279.85,5280.6,5279.24,5280.0
2026-02-28 04:00:00+00:00,5280.0,5282.35,5279.88,5281.54
2026-02-28 05:00:00+00:00,5281.54,5285.94,5281.35,5285.94
2026-02-28 06:00:00+00:00,5285.94,5329.8,5282.25,5314.34
2026-02-28 07:00:00+00:00,5314.33,5316.0,5291.58,5300.75
2026-02-28 08:00:00+00:00,5300.76,5326.66,5300.2,5323.11
2026-02-28 09:00:00+00:00,5323.11,5374.2,5317.7,5365.75
2026-02-28 10:00:00+00:00,5365.75,5396.44,5337.0,5340.54
2026-02-28 11:00:00+00:00,5340.53,5352.94,5283.1,5289.74
2026-02-28 12:00:00+00:00,5289.74,5350.0,5289.69,5306.29
2026-02-28 13:00:00+00:00,5306.29,5315.0,5295.0,5298.43
2026-02-28 14:00:00+00:00,5298.44,5305.0,5290.0,5302.7
2026-02-28 15:00:00+00:00,5302.7,5305.47,5290.08,5290.61
2026-02-28 16:00:00+00:00,5290.61,5314.95,5290.61,5308.26
2026-02-28 17:00:00+00:00,5308.25,5308.39,5299.68,5301.01
2026-02-28 18:00:00+00:00,5301.02,5303.0,5288.05,5292.14
2026-02-28 19:00:00+00:00,5292.14,5301.66,5281.9,5283.89
2026-02-28 20:00:00+00:00,5283.81,5295.5,5281.01,5283.26
2026-02-28 21:00:00+00:00,5283.26,5298.0,5283.25,5290.85
2026-02-28 22:00:00+00:00,5290.85,5297.5,5283.13,5293.45
2026-02-28 23:00:00+00:00,5293.45,5294.94,5288.0,5289.76
2026-03-01 00:00:00+00:00,5289.66,5310.0,5289.66,5300.75
2026-03-01 01:00:00+00:00,5300.64,5302.5,5283.6,5284.15
2026-03-01 02:00:00+00:00,5284.16,5291.56,5280.04,5283.0
2026-03-01 03:00:00+00:00,5283.0,5283.97,5275.08,5282.53
2026-03-01 04:00:00+00:00,5282.53,5300.0,5282.49,5291.38
2026-03-01 05:00:00+00:00,5291.38,5295.0,5288.68,5295.0
2026-03-01 06:00:00+00:00,5294.99,5302.6,5288.68,5295.46
2026-03-01 07:00:00+00:00,5295.47,5299.8,5285.0,5288.3
2026-03-01 08:00:00+00:00,5288.3,5298.1,5288.3,5296.55
2026-03-01 09:00:00+00:00,5296.56,5309.0,5296.33,5303.23
2026-03-01 10:00:00+00:00,5303.23,5306.2,5295.14,5298.94
2026-03-01 11:00:00+00:00,5298.93,5302.0,5291.0,5297.76
2026-03-01 12:00:00+00:00,5297.61,5318.54,5297.61,5316.33
2026-03-01 13:00:00+00:00,5316.33,5323.72,5305.0,5305.1
2026-03-01 14:00:00+00:00,5305.1,5317.9,5304.0,5309.84
2026-03-01 15:00:00+00:00,5309.85,5311.83,5303.68,5310.63
2026-03-01 16:00:00+00:00,5310.75,5340.0,5310.75,5327.74
2026-03-01 17:00:00+00:00,5327.74,5334.78,5326.53,5330.85
2026-03-01 18:00:00+00:00,5330.86,5333.23,5324.16,5324.86
2026-03-01 19:00:00+00:00,5324.86,5332.2,5318.0,5325.83
2026-03-01 20:00:00+00:00,5325.82,5380.0,5325.82,5366.07
2026-03-01 21:00:00+00:00,5366.07,5380.0,5361.72,5372.82
2026-03-01 22:00:00+00:00,5372.81,5374.11,5350.0,5368.76
2026-03-01 23:00:00+00:00,5368.77,5373.59,5303.35,5364.82
2026-03-02 00:00:00+00:00,5364.82,5388.0,5342.63,5348.76
2026-03-02 01:00:00+00:00,5348.75,5349.09,5304.0,5325.41
2026-03-02 02:00:00+00:00,5325.4,5351.96,5318.09,5347.43
2026-03-02 03:00:00+00:00,5347.44,5367.99,5345.32,5365.34
2026-03-02 04:00:00+00:00,5365.34,5366.07,5345.0,5353.84
2026-03-02 05:00:00+00:00,5353.91,5365.81,5341.33,5364.5
2026-03-02 06:00:00+00:00,5364.65,5387.2,5362.4,5385.64
2026-03-02 07:00:00+00:00,5385.61,5420.0,5383.33,5405.79
2026-03-02 08:00:00+00:00,5405.78,5414.86,5390.0,5391.18
2026-03-02 09:00:00+00:00,5391.19,5399.93,5385.1,5391.21
2026-03-02 10:00:00+00:00,5391.22,5399.46,5377.67,5387.7
2026-03-02 11:00:00+00:00,5387.59,5397.81,5373.24,5384.17
2026-03-02 12:00:00+00:00,5384.28,5398.02,5378.66,5395.52
2026-03-02 13:00:00+00:00,5395.53,5414.27,5382.25,5393.65
2026-03-02 14:00:00+00:00,5393.65,5394.33,5306.4,5333.13
2026-03-02 15:00:00+00:00,5333.13,5347.44,5308.33,5315.64
2026-03-02 16:00:00+00:00,5315.64,5315.64,5258.0,5291.96
2026-03-02 17:00:00+00:00,5291.95,5322.56,5289.2,5309.14
2026-03-02 18:00:00+00:00,5309.14,5317.27,5290.85,5317.26
2026-03-02 19:00:00+00:00,5317.26,5333.28,5316.06,5328.97
2026-03-02 20:00:00+00:00,5328.97,5344.98,5327.17,5332.15
2026-03-02 21:00:00+00:00,5332.2,5338.7,5319.5,5320.37
2026-03-02 22:00:00+00:00,5320.38,5329.39,5314.66,5318.31
2026-03-02 23:00:00+00:00,5318.32,5346.16,5318.32,5344.15
2026-03-03 00:00:00+00:00,5344.15,5366.0,5336.11,5348.52
2026-03-03 01:00:00+00:00,5348.53,5377.49,5337.82,5338.77
2026-03-03 02:00:00+00:00,5338.78,5367.84,5332.6,5364.88
2026-03-03 03:00:00+00:00,5364.91,5371.42,5355.68,5363.96
2026-03-03 04:00:00+00:00,5363.99,5372.21,5354.58,5359.25
2026-03-03 05:00:00+00:00,5359.24,5366.85,5300.0,5318.21
2026-03-03 06:00:00+00:00,5318.21,5322.62,5278.79,5308.76
2026-03-03 07:00:00+00:00,5308.75,5330.53,5304.55,5326.3
2026-03-03 08:00:00+00:00,5326.3,5333.27,5289.61,5294.58
2026-03-03 09:00:00+00:00,5294.58,5302.52,5223.54,5273.25
2026-03-03 10:00:00+00:00,5273.25,5286.19,5236.8,5247.57
2026-03-03 11:00:00+00:00,5247.25,5262.22,5068.5,5143.9
2026-03-03 12:00:00+00:00,5143.91,5224.17,5138.65,5222.05
2026-03-03 13:00:00+00:00,5222.05,5222.5,5126.82,5155.71
2026-03-03 14:00:00+00:00,5155.7,5174.53,5023.72,5044.42
2026-03-03 15:00:00+00:00,5044.92,5098.98,5004.6,5097.57
2026-03-03 16:00:00+00:00,5097.33,5135.72,5092.49,5108.78
2026-03-03 17:00:00+00:00,5108.83,5111.52,5066.88,5079.87
2026-03-03 18:00:00+00:00,5079.8,5137.97,5079.54,5134.9
2026-03-03 19:00:00+00:00,5134.9,5148.72,5100.01,5112.63
2026-03-03 20:00:00+00:00,5112.64,5129.49,5087.06,5098.39
2026-03-03 21:00:00+00:00,5098.59,5111.41,5083.73,5087.51
2026-03-03 22:00:00+00:00,5087.64,5102.67,5087.64,5099.39
2026-03-03 23:00:00+00:00,5099.4,5130.78,5087.24,5124.99
2026-03-04 00:00:00+00:00,5125.0,5139.76,5105.84,5137.14
2026-03-04 01:00:00+00:00,5137.14,5179.57,5137.14,5173.25
2026-03-04 02:00:00+00:00,5173.24,5189.99,5152.65,5154.69
2026-03-04 03:00:00+00:00,5154.69,5175.8,5139.14,5172.87
2026-03-04 04:00:00+00:00,5172.95,5178.99,5150.14,5155.08
2026-03-04 05:00:00+00:00,5155.08,5165.95,5150.31,5158.5
2026-03-04 06:00:00+00:00,5158.49,5158.76,5123.05,5158.64
2026-03-04 07:00:00+00:00,5158.64,5174.39,5156.93,5166.75
2026-03-04 08:00:00+00:00,5166.76,5182.0,5147.49,5166.76
2026-03-04 09:00:00+00:00,5166.62,5183.85,5158.69,5181.79
2026-03-04 10:00:00+00:00,5181.79,5201.0,5179.05,5188.86
2026-03-04 11:00:00+00:00,5188.86,5199.66,5187.13,5191.37
2026-03-04 12:00:00+00:00,5191.38,5205.6,5156.0,5169.58
2026-03-04 13:00:00+00:00,5169.59,5195.0,5164.06,5166.78
2026-03-04 14:00:00+00:00,5166.77,5184.53,5138.09,5145.15
2026-03-04 15:00:00+00:00,5145.14,5164.9,5130.0,5150.34
2026-03-04 16:00:00+00:00,5150.33,5159.99,5136.3,5148.3
2026-03-04 17:00:00+00:00,5148.31,5151.9,5111.96,5139.09
2026-03-04 18:00:00+00:00,5139.09,5141.19,5107.95,5131.5
2026-03-04 19:00:00+00:00,5131.59,5138.73,5121.98,5137.36
2026-03-04 20:00:00+00:00,5137.37,5145.4,5123.2,5133.44
2026-03-04 21:00:00+00:00,5133.45,5142.42,5128.07,5141.12
2026-03-04 22:00:00+00:00,5141.11,5149.0,5140.33,5148.22
2026-03-04 23:00:00+00:00,5148.22,5164.31,5144.24,5164.01
2026-03-05 00:00:00+00:00,5164.01,5177.8,5157.88,5170.62
2026-03-05 01:00:00+00:00,5170.62,5184.97,5165.68,5170.35
2026-03-05 02:00:00+00:00,5170.35,5188.98,5169.84,5188.96
2026-03-05 03:00:00+00:00,5188.95,5191.56,5177.0,5178.67
2026-03-05 04:00:00+00:00,5178.68,5182.95,5165.15,5170.06
2026-03-05 05:00:00+00:00,5170.09,5174.52,5145.86,5146.03
2026-03-05 06:00:00+00:00,5146.04,5165.84,5120.01,5164.56
2026-03-05 07:00:00+00:00,5164.64,5169.6,5155.34,5158.81
2026-03-05 08:00:00+00:00,5158.8,5167.5,5135.0,5163.29
2026-03-05 09:00:00+00:00,5163.28,5178.8,5150.91,5158.36
2026-03-05 10:00:00+00:00,5158.36,5164.78,5144.7,5161.56
2026-03-05 11:00:00+00:00,5161.57,5164.54,5154.56,5161.19
2026-03-05 12:00:00+00:00,5161.2,5169.22,5158.58,5159.64
2026-03-05 13:00:00+00:00,5159.7,5160.9,5083.14,5116.1
2026-03-05 14:00:00+00:00,5116.09,5126.75,5088.49,5100.43
2026-03-05 15:00:00+00:00,5100.43,5117.26,5059.2,5101.14
2026-03-05 16:00:00+00:00,5101.15,5102.94,5052.08,5075.87
2026-03-05 17:00:00+00:00,5075.88,5087.75,5054.85,5062.2
2026-03-05 18:00:00+00:00,5062.24,5085.62,5050.29,5069.85
2026-03-05 19:00:00+00:00,5069.85,5081.09,5057.5,5066.66
2026-03-05 20:00:00+00:00,5066.66,5095.4,5062.87,5078.14
2026-03-05 21:00:00+00:00,5078.14,5085.26,5073.1,5083.65
2026-03-05 22:00:00+00:00,5083.64,5088.0,5081.37,5087.28
2026-03-05 23:00:00+00:00,5087.29,5102.0,5083.0,5086.6
2026-03-06 00:00:00+00:00,5086.6,5093.35,5075.59,5085.47
2026-03-06 01:00:00+00:00,5085.4,5141.5,5067.91,5131.5
2026-03-06 02:00:00+00:00,5131.46,5135.52,5118.71,5124.29
2026-03-06 03:00:00+00:00,5124.25,5138.89,5122.18,5128.34
2026-03-06 04:00:00+00:00,5128.35,5134.28,5123.95,5124.76
2026-03-06 05:00:00+00:00,5124.75,5127.7,5111.23,5115.3
2026-03-06 06:00:00+00:00,5115.45,5120.85,5107.44,5113.08
2026-03-06 07:00:00+00:00,5113.01,5118.5,5103.2,5117.17
2026-03-06 08:00:00+00:00,5117.27,5121.11,5094.55,5105.67
2026-03-06 09:00:00+00:00,5105.68,5106.07,5081.48,5083.2
2026-03-06 10:00:00+00:00,5083.2,5091.39,5073.81,5088.85
2026-03-06 11:00:00+00:00,5088.85,5097.8,5060.05,5074.44
2026-03-06 12:00:00+00:00,5074.66,5093.78,5070.8,5080.8
2026-03-06 13:00:00+00:00,5080.79,5127.46,5063.75,5083.7
2026-03-06 14:00:00+00:00,5083.7,5128.14,5079.76,5126.67
2026-03-06 15:00:00+00:00,5126.67,5167.24,5124.65,5137.55
2026-03-06 16:00:00+00:00,5137.56,5150.0,5122.0,5135.91
2026-03-06 17:00:00+00:00,5136.04,5148.07,5126.0,5136.3
2026-03-06 18:00:00+00:00,5136.29,5158.73,5134.29,5155.46
2026-03-06 19:00:00+00:00,5155.45,5168.25,5148.61,5155.05
2026-03-06 20:00:00+00:00,5155.05,5157.58,5144.62,5147.44
2026-03-06 21:00:00+00:00,5147.44,5174.58,5145.0,5171.17
2026-03-06 22:00:00+00:00,5171.17,5176.0,5167.0,5168.63
2026-03-06 23:00:00+00:00,5168.62,5170.0,5165.0,5168.38
2026-03-07 00:00:00+00:00,5168.38,5174.31,5166.76,5171.69
2026-03-07 01:00:00+00:00,5171.69,5172.4,5167.33,5169.1
2026-03-07 02:00:00+00:00,5169.1,5170.15,5166.03,5166.5
2026-03-07 03:00:00+00:00,5166.51,5171.8,5165.34,5169.69
2026-03-07 04:00:00+00:00,5169.69,5171.9,5168.37,5169.4
2026-03-07 05:00:00+00:00,5169.4,5172.67,5169.11,5172.31
2026-03-07 06:00:00+00:00,5172.32,5173.5,5169.71,5171.15
2026-03-07 07:00:00+00:00,5171.15,5173.51,5171.02,5172.32
2026-03-07 08:00:00+00:00,5172.32,5172.32,5169.54,5169.91
2026-03-07 09:00:00+00:00,5169.9,5170.4,5168.06,5169.54
2026-03-07 10:00:00+00:00,5169.54,5171.2,5168.1,5170.3
2026-03-07 11:00:00+00:00,5170.3,5171.0,5169.11,5170.64
2026-03-07 12:00:00+00:00,5170.64,5171.98,5169.0,5169.31
2026-03-07 13:00:00+00:00,5169.3,5170.32,5168.28,5169.5
2026-03-07 14:00:00+00:00,5169.49,5171.39,5169.21,5169.79
2026-03-07 15:00:00+00:00,5169.79,5172.05,5169.5,5172.05
2026-03-07 16:00:00+00:00,5172.05,5173.5,5170.91,5173.14
2026-03-07 17:00:00+00:00,5173.14,5175.35,5172.83,5174.26
2026-03-07 18:00:00+00:00,5174.25,5174.26,5170.65,5172.58
2026-03-07 19:00:00+00:00,5172.58,5173.33,5166.3,5166.81
2026-03-07 20:00:00+00:00,5166.81,5170.47,5166.81,5168.65
2026-03-07 21:00:00+00:00,5168.65,5170.94,5168.65,5170.19
2026-03-07 22:00:00+00:00,5170.18,5171.0,5169.0,5169.97
2026-03-07 23:00:00+00:00,5169.97,5171.0,5167.0,5169.8
2026-03-08 00:00:00+00:00,5169.8,5170.5,5167.78,5169.45
2026-03-08 01:00:00+00:00,5169.46,5170.99,5168.55,5169.78
2026-03-08 02:00:00+00:00,5169.78,5170.1,5169.0,5169.99
2026-03-08 03:00:00+00:00,5169.98,5170.13,5169.0,5169.51
2026-03-08 04:00:00+00:00,5169.51,5170.2,5168.5,5168.81
2026-03-08 05:00:00+00:00,5168.8,5169.84,5168.44,5169.71
2026-03-08 06:00:00+00:00,5169.75,5169.85,5168.75,5169.35
2026-03-08 07:00:00+00:00,5169.35,5169.71,5169.28,5169.7
2026-03-08 08:00:00+00:00,5169.71,5170.0,5169.33,5170.0
2026-03-08 09:00:00+00:00,5170.0,5170.1,5168.03,5168.2
2026-03-08 10:00:00+00:00,5168.2,5168.39,5167.0,5167.0
2026-03-08 11:00:00+00:00,5167.01,5168.51,5166.8,5168.47
2026-03-08 12:00:00+00:00,5168.47,5168.88,5166.74,5167.89
2026-03-08 13:00:00+00:00,5167.9,5168.76,5167.76,5168.3
2026-03-08 14:00:00+00:00,5168.3,5168.99,5167.49,5168.3
2026-03-08 15:00:00+00:00,5168.29,5168.96,5167.65,5168.12
2026-03-08 16:00:00+00:00,5168.12,5168.76,5166.0,5166.25
2026-03-08 17:00:00+00:00,5166.25,5166.54,5163.75,5163.89
2026-03-08 18:00:00+00:00,5163.89,5164.87,5162.75,5164.34
2026-03-08 19:00:00+00:00,5164.33,5168.75,5164.25,5168.74
2026-03-08 20:00:00+00:00,5168.75,5168.75,5167.27,5167.9
2026-03-08 21:00:00+00:00,5167.9,5168.86,5152.15,5162.92
2026-03-08 22:00:00+00:00,5162.93,5193.82,5107.21,5132.15
2026-03-08 23:00:00+00:00,5132.16,5136.95,5040.0,5078.19
2026-03-09 00:00:00+00:00,5078.44,5082.25,5032.03,5054.34
2026-03-09 01:00:00+00:00,5054.33,5089.63,5019.7,5072.22
2026-03-09 02:00:00+00:00,5072.23,5100.73,5058.76,5096.56
2026-03-09 03:00:00+00:00,5096.56,5103.41,5083.66,5092.75
2026-03-09 04:00:00+00:00,5092.63,5097.91,5086.2,5090.52
2026-03-09 05:00:00+00:00,5090.53,5140.0,5081.63,5124.2
2026-03-09 06:00:00+00:00,5124.2,5133.55,5098.0,5099.51
2026-03-09 07:00:00+00:00,5099.5,5110.0,5091.16,5100.5
2026-03-09 08:00:00+00:00,5100.52,5111.34,5089.15,5097.15
2026-03-09 09:00:00+00:00,5097.14,5131.98,5096.01,5106.93
2026-03-09 10:00:00+00:00,5106.92,5111.28,5084.18,5089.39
2026-03-09 11:00:00+00:00,5089.39,5097.51,5081.21,5088.77
2026-03-09 12:00:00+00:00,5088.77,5113.29,5088.77,5096.01
2026-03-09 13:00:00+00:00,5096.02,5111.1,5067.14,5075.89
2026-03-09 14:00:00+00:00,5075.9,5117.75,5062.18,5095.65
2026-03-09 15:00:00+00:00,5095.66,5104.19,5081.61,5101.63
2026-03-09 16:00:00+00:00,5101.63,5110.29,5095.0,5104.1
2026-03-09 17:00:00+00:00,5104.11,5105.66,5090.01,5096.86
2026-03-09 18:00:00+00:00,5096.86,5124.49,5092.92,5122.14
2026-03-09 19:00:00+00:00,5122.13,5142.8,5116.32,5139.89
2026-03-09 20:00:00+00:00,5139.9,5147.0,5132.62,5136.87
2026-03-09 21:00:00+00:00,5136.48,5137.75,5134.18,5136.59
2026-03-09 22:00:00+00:00,5136.6,5151.82,5118.52,5151.25
2026-03-09 23:00:00+00:00,5151.36,5153.95,5135.58,5138.48
2026-03-10 00:00:00+00:00,5138.48,5140.15,5123.64,5130.24
2026-03-10 01:00:00+00:00,5130.25,5183.99,5123.77,5181.65
2026-03-10 02:00:00+00:00,5181.65,5184.61,5162.55,5164.04
2026-03-10 03:00:00+00:00,5164.05,5171.39,5154.69,5157.33
2026-03-10 04:00:00+00:00,5157.32,5166.47,5154.06,5162.64
2026-03-10 05:00:00+00:00,5162.73,5177.11,5162.73,5175.99
2026-03-10 06:00:00+00:00,5176.0,5178.0,5170.68,5172.07
2026-03-10 07:00:00+00:00,5172.34,5178.67,5156.4,5178.21
2026-03-10 08:00:00+00:00,5178.23,5192.0,5172.83,5181.5
2026-03-10 09:00:00+00:00,5181.5,5186.96,5178.32,5180.92
2026-03-10 10:00:00+00:00,5180.92,5180.92,5156.04,5176.21
2026-03-10 11:00:00+00:00,5176.21,5189.95,5170.8,5173.73
2026-03-10 12:00:00+00:00,5173.74,5186.6,5161.78,5184.42
2026-03-10 13:00:00+00:00,5184.42,5225.83,5183.46,5203.9
2026-03-10 14:00:00+00:00,5203.9,5211.57,5185.08,5205.24
2026-03-10 15:00:00+00:00,5205.24,5236.74,5202.32,5226.41
2026-03-10 16:00:00+00:00,5226.41,5233.76,5220.04,5225.2
2026-03-10 17:00:00+00:00,5225.19,5232.32,5222.0,5225.3
2026-03-10 18:00:00+00:00,5225.29,5225.3,5159.18,5189.99
2026-03-10 19:00:00+00:00,5190.07,5205.0,5178.85,5197.0
2026-03-10 20:00:00+00:00,5196.99,5197.06,5188.68,5189.11
2026-03-10 21:00:00+00:00,5189.1,5194.73,5186.36,5191.95
2026-03-10 22:00:00+00:00,5191.95,5195.0,5182.3,5187.76
2026-03-10 23:00:00+00:00,5187.76,5195.5,5187.0,5195.31
2026-03-11 00:00:00+00:00,5195.31,5216.73,5185.52,5213.96
2026-03-11 01:00:00+00:00,5213.91,5219.95,5206.64,5206.66
2026-03-11 02:00:00+00:00,5206.7,5218.22,5193.0,5214.81
2026-03-11 03:00:00+00:00,5214.81,5217.54,5198.2,5201.55
2026-03-11 04:00:00+00:00,5201.54,5206.8,5198.2,5202.55
2026-03-11 05:00:00+00:00,5202.61,5206.71,5189.31,5197.45
2026-03-11 06:00:00+00:00,5197.45,5207.99,5190.6,5195.49
2026-03-11 07:00:00+00:00,5195.49,5199.86,5183.02,5193.18
2026-03-11 08:00:00+00:00,5193.17,5196.6,5175.23,5186.51
2026-03-11 09:00:00+00:00,5186.5,5195.28,5178.27,5186.46
2026-03-11 10:00:00+00:00,5186.46,5193.94,5176.68,5184.78
2026-03-11 11:00:00+00:00,5184.76,5191.05,5175.5,5179.71
2026-03-11 12:00:00+00:00,5179.7,5194.85,5165.26,5166.88
2026-03-11 13:00:00+00:00,5166.86,5180.89,5146.27,5174.86
2026-03-11 14:00:00+00:00,5174.86,5194.4,5173.45,5181.57
2026-03-11 15:00:00+00:00,5181.57,5183.73,5163.63,5166.21
2026-03-11 16:00:00+00:00,5166.21,5176.0,5163.77,5174.01
2026-03-11 17:00:00+00:00,5174.0,5179.2,5154.3,5168.87
2026-03-11 18:00:00+00:00,5168.87,5177.15,5168.06,5171.52
2026-03-11 19:00:00+00:00,5171.55,5182.19,5168.7,5182.18
2026-03-11 20:00:00+00:00,5182.19,5182.3,5173.62,5174.93
2026-03-11 21:00:00+00:00,5174.93,5178.06,5172.68,5173.99
2026-03-11 22:00:00+00:00,5174.0,5181.46,5129.34,5140.05
2026-03-11 23:00:00+00:00,5140.05,5155.8,5132.78,5133.74
2026-03-12 00:00:00+00:00,5133.74,5159.43,5123.55,5150.93
2026-03-12 01:00:00+00:00,5151.04,5170.89,5149.77,5166.28
2026-03-12 02:00:00+00:00,5166.28,5172.0,5145.0,5149.3
2026-03-12 03:00:00+00:00,5149.3,5153.13,5146.0,5151.69
2026-03-12 04:00:00+00:00,5151.7,5152.23,5139.01,5141.19
2026-03-12 05:00:00+00:00,5141.2,5154.79,5136.48,5152.79
2026-03-12 06:00:00+00:00,5152.8,5167.39,5146.2,5163.55
2026-03-12 07:00:00+00:00,5163.55,5182.0,5162.16,5179.71
2026-03-12 08:00:00+00:00,5179.72,5187.15,5173.55,5176.04
2026-03-12 09:00:00+00:00,5176.04,5187.25,5173.0,5186.1
2026-03-12 10:00:00+00:00,5186.1,5188.52,5174.48,5179.09
2026-03-12 11:00:00+00:00,5179.1,5180.5,5171.46,5177.12
2026-03-12 12:00:00+00:00,5177.13,5182.73,5162.55,5178.5
2026-03-12 13:00:00+00:00,5178.5,5183.24,5145.5,5150.52
2026-03-12 14:00:00+00:00,5150.52,5161.75,5138.25,5143.72
2026-03-12 15:00:00+00:00,5143.73,5145.17,5110.38,5132.49
2026-03-12 16:00:00+00:00,5132.5,5137.74,5122.87,5125.43
2026-03-12 17:00:00+00:00,5125.43,5131.54,5105.0,5108.2
2026-03-12 18:00:00+00:00,5108.21,5114.84,5093.03,5097.49
2026-03-12 19:00:00+00:00,5097.49,5099.89,5083.03,5088.08
2026-03-12 20:00:00+00:00,5088.08,5094.27,5058.33,5083.23
2026-03-12 21:00:00+00:00,5083.24,5096.71,5083.24,5090.59
2026-03-12 22:00:00+00:00,5090.6,5098.65,5075.65,5098.65
2026-03-12 23:00:00+00:00,5098.64,5103.59,5092.35,5100.79
2026-03-13 00:00:00+00:00,5100.79,5115.52,5099.86,5114.68
2026-03-13 01:00:00+00:00,5114.69,5123.36,5109.23,5123.35
2026-03-13 02:00:00+00:00,5123.09,5126.8,5109.19,5110.08
2026-03-13 03:00:00+00:00,5110.09,5116.05,5105.54,5115.41
2026-03-13 04:00:00+00:00,5115.4,5117.2,5100.79,5103.76
2026-03-13 05:00:00+00:00,5103.77,5109.91,5096.36,5101.53
2026-03-13 06:00:00+00:00,5101.56,5106.51,5083.78,5087.66
2026-03-13 07:00:00+00:00,5087.65,5093.0,5073.78,5085.98
2026-03-13 08:00:00+00:00,5085.98,5089.02,5065.05,5088.71
2026-03-13 09:00:00+00:00,5088.72,5097.49,5084.46,5091.41
2026-03-13 10:00:00+00:00,5091.41,5098.8,5083.39,5095.45
2026-03-13 11:00:00+00:00,5095.45,5108.42,5088.0,5108.41
2026-03-13 12:00:00+00:00,5108.42,5120.46,5104.01,5116.69
2026-03-13 13:00:00+00:00,5116.69,5119.7,5095.69,5101.24
2026-03-13 14:00:00+00:00,5101.2,5106.89,5038.5,5045.66
2026-03-13 15:00:00+00:00,5045.65,5072.65,5034.01,5040.09
2026-03-13 16:00:00+00:00,5040.09,5055.4,5025.2,5050.22
2026-03-13 17:00:00+00:00,5050.12,5068.2,5046.87,5049.86
2026-03-13 18:00:00+00:00,5049.86,5054.92,5041.2,5049.97
2026-03-13 19:00:00+00:00,5050.15,5053.21,5013.91,5023.83
2026-03-13 20:00:00+00:00,5023.82,5029.69,5019.72,5020.78
2026-03-13 21:00:00+00:00,5020.78,5021.51,5013.66,5019.58
2026-03-13 22:00:00+00:00,5019.57,5023.0,5018.35,5022.81
2026-03-13 23:00:00+00:00,5022.8,5025.71,5022.51,5025.71
2026-03-14 00:00:00+00:00,5025.7,5028.59,5025.51,5028.43
2026-03-14 01:00:00+00:00,5028.43,5028.43,5023.05,5023.05
2026-03-14 02:00:00+00:00,5023.05,5023.23,5021.22,5022.81
2026-03-14 03:00:00+00:00,5022.81,5022.9,5021.64,5021.81
2026-03-14 04:00:00+00:00,5021.81,5026.0,5021.81,5023.81
2026-03-14 05:00:00+00:00,5023.81,5023.82,5022.06,5022.6
2026-03-14 06:00:00+00:00,5022.6,5022.9,5021.53,5021.9
2026-03-14 07:00:00+00:00,5021.91,5022.61,5021.31,5022.52
2026-03-14 08:00:00+00:00,5022.53,5023.71,5022.52,5023.5
2026-03-14 09:00:00+00:00,5023.5,5023.5,5022.0,5022.2
2026-03-14 10:00:00+00:00,5022.21,5022.66,5022.01,5022.51
2026-03-14 11:00:00+00:00,5022.52,5022.83,5022.21,5022.35
2026-03-14 12:00:00+00:00,5022.35,5022.81,5021.52,5022.8
2026-03-14 13:00:00+00:00,5022.81,5022.93,5021.84,5022.93
2026-03-14 14:00:00+00:00,5022.92,5023.1,5022.01,5022.01
2026-03-14 15:00:00+00:00,5022.01,5022.95,5022.01,5022.42
2026-03-14 16:00:00+00:00,5022.42,5022.71,5020.25,5020.99
2026-03-14 17:00:00+00:00,5021.0,5021.99,5020.92,5021.99
2026-03-14 18:00:00+00:00,5021.98,5022.1,5021.66,5022.1
2026-03-14 19:00:00+00:00,5022.1,5022.41,5021.35,5022.21
2026-03-14 20:00:00+00:00,5022.21,5022.21,5021.35,5021.61
2026-03-14 21:00:00+00:00,5021.62,5022.02,5021.0,5021.0
2026-03-14 22:00:00+00:00,5021.01,5021.77,5020.77,5021.6
2026-03-14 23:00:00+00:00,5021.6,5021.62,5021.05,5021.18
2026-03-15 00:00:00+00:00,5021.18,5021.52,5021.05,5021.05
2026-03-15 01:00:00+00:00,5021.06,5021.38,5020.88,5021.38
2026-03-15 02:00:00+00:00,5021.38,5023.5,5021.37,5023.41
2026-03-15 03:00:00+00:00,5023.41,5024.56,5023.23,5023.45
2026-03-15 04:00:00+00:00,5023.45,5023.45,5021.8,5022.03
2026-03-15 05:00:00+00:00,5022.03,5022.04,5020.77,5020.85
2026-03-15 06:00:00+00:00,5020.85,5021.35,5020.8,5021.05
2026-03-15 07:00:00+00:00,5021.05,5021.06,5020.12,5020.36
2026-03-15 08:00:00+00:00,5020.35,5021.27,5019.11,5019.14
2026-03-15 09:00:00+00:00,5019.14,5019.14,5011.47,5012.99
2026-03-15 10:00:00+00:00,5012.99,5016.02,5012.27,5016.02
2026-03-15 11:00:00+00:00,5016.02,5019.08,5016.01,5016.78
2026-03-15 12:00:00+00:00,5016.77,5016.78,5014.67,5014.71
2026-03-15 13:00:00+00:00,5014.71,5014.99,5011.34,5013.8
2026-03-15 14:00:00+00:00,5013.79,5015.4,5013.5,5013.5
2026-03-15 15:00:00+00:00,5013.47,5013.72,5011.45,5012.25
2026-03-15 16:00:00+00:00,5012.24,5012.25,5001.49,5003.06
2026-03-15 17:00:00+00:00,5003.07,5007.4,5001.9,5006.15
2026-03-15 18:00:00+00:00,5006.14,5007.39,5003.61,5004.18
2026-03-15 19:00:00+00:00,5004.18,5008.9,5002.82,5008.87
2026-03-15 20:00:00+00:00,5008.86,5008.86,4997.05,5003.6
2026-03-15 21:00:00+00:00,5003.6,5012.99,5002.69,5008.73
2026-03-15 22:00:00+00:00,5008.75,5029.82,4997.29,5026.76
2026-03-15 23:00:00+00:00,5026.76,5028.24,4966.22,4998.21
2026-03-16 00:00:00+00:00,4998.2,5029.94,4995.86,5025.97
2026-03-16 01:00:00+00:00,5026.05,5026.76,4984.74,5015.69
2026-03-16 02:00:00+00:00,5015.78,5019.25,4998.0,5004.3
2026-03-16 03:00:00+00:00,5004.3,5020.39,4999.43,5018.9
2026-03-16 04:00:00+00:00,5018.9,5025.0,5011.41,5012.35
2026-03-16 05:00:00+00:00,5012.35,5018.84,5003.44,5016.75
2026-03-16 06:00:00+00:00,5016.75,5036.62,5006.72,5013.4
2026-03-16 07:00:00+00:00,5013.4,5016.9,4992.0,4997.03
2026-03-16 08:00:00+00:00,4997.0,5003.84,4987.32,4992.24
2026-03-16 09:00:00+00:00,4992.23,4992.35,4973.43,4976.31
2026-03-16 10:00:00+00:00,4976.3,5000.5,4971.81,4999.81
2026-03-16 11:00:00+00:00,4999.82,5022.99,4994.12,4997.69
2026-03-16 12:00:00+00:00,4997.68,5025.75,4995.15,5018.87
2026-03-16 13:00:00+00:00,5018.74,5033.93,5013.66,5028.48
2026-03-16 14:00:00+00:00,5028.48,5037.72,4987.5,4996.8
2026-03-16 15:00:00+00:00,4996.56,5005.99,4983.0,4987.46
2026-03-16 16:00:00+00:00,4987.45,4998.72,4976.06,4990.25
2026-03-16 17:00:00+00:00,4990.26,5003.49,4984.14,4991.4
2026-03-16 18:00:00+00:00,4991.4,5016.77,4991.4,5011.72
2026-03-16 19:00:00+00:00,5011.73,5019.24,5007.5,5012.3
2026-03-16 20:00:00+00:00,5012.29,5023.9,5006.56,5007.24
2026-03-16 21:00:00+00:00,5007.22,5008.61,4996.68,5005.6
2026-03-16 22:00:00+00:00,5005.6,5016.71,5000.09,5002.18
2026-03-16 23:00:00+00:00,5002.17,5015.35,5001.88,5013.59
2026-03-17 00:00:00+00:00,5013.59,5013.59,4998.68,5003.51
2026-03-17 01:00:00+00:00,5003.51,5026.93,4995.9,5026.37
2026-03-17 02:00:00+00:00,5026.39,5027.98,5018.49,5020.78
2026-03-17 03:00:00+00:00,5020.78,5031.4,5019.01,5025.97
2026-03-17 04:00:00+00:00,5025.97,5040.74,5025.1,5036.92
2026-03-17 05:00:00+00:00,5036.92,5043.75,5020.0,5020.09
2026-03-17 06:00:00+00:00,5020.1,5021.99,5005.34,5010.14
2026-03-17 07:00:00+00:00,5010.14,5027.2,5009.75,5020.9
2026-03-17 08:00:00+00:00,5020.91,5029.0,5018.7,5023.87
2026-03-17 09:00:00+00:00,5023.86,5025.04,5011.01,5011.05
2026-03-17 10:00:00+00:00,5011.05,5016.24,4993.88,5001.75
2026-03-17 11:00:00+00:00,5001.65,5011.62,4998.5,5004.52
2026-03-17 12:00:00+00:00,5004.52,5024.5,5001.35,5013.02
2026-03-17 13:00:00+00:00,5013.03,5030.3,5007.5,5016.71
2026-03-17 14:00:00+00:00,5016.74,5021.35,5004.35,5009.11
2026-03-17 15:00:00+00:00,5009.1,5017.99,4978.4,4999.24
2026-03-17 16:00:00+00:00,4999.25,5007.08,4993.43,5002.71
2026-03-17 17:00:00+00:00,5002.71,5010.99,4998.16,5003.7
2026-03-17 18:00:00+00:00,5003.7,5009.94,5001.38,5005.46
2026-03-17 19:00:00+00:00,5005.45,5006.98,4998.52,5002.48
2026-03-17 20:00:00+00:00,5002.47,5008.86,5002.4,5008.7
2026-03-17 21:00:00+00:00,5008.7,5009.32,4999.93,5004.37
2026-03-17 22:00:00+00:00,5004.36,5007.34,4995.77,5001.67
2026-03-17 23:00:00+00:00,5001.67,5004.0,5000.1,5003.54
2026-03-18 00:00:00+00:00,5003.53,5012.98,5000.7,5004.28
2026-03-18 01:00:00+00:00,5004.29,5016.67,4993.0,5000.36
2026-03-18 02:00:00+00:00,5000.37,5007.4,4991.51,4993.44
2026-03-18 03:00:00+00:00,4993.43,4997.86,4987.68,4993.34
2026-03-18 04:00:00+00:00,4993.34,4994.17,4981.55,4988.58
2026-03-18 05:00:00+00:00,4988.58,5002.19,4986.85,4997.1
2026-03-18 06:00:00+00:00,4997.09,5015.15,4996.85,5009.02
2026-03-18 07:00:00+00:00,5009.01,5014.27,4992.6,4996.9
2026-03-18 08:00:00+00:00,4996.9,4998.27,4982.2,4990.05
2026-03-18 09:00:00+00:00,4989.92,4997.2,4988.1,4994.06
2026-03-18 10:00:00+00:00,4994.06,4994.06,4964.1,4971.62
2026-03-18 11:00:00+00:00,4971.6,4976.4,4928.84,4933.32
2026-03-18 12:00:00+00:00,4933.33,4936.18,4874.39,4884.22
2026-03-18 13:00:00+00:00,4884.06,4888.0,4837.49,4882.26
2026-03-18 14:00:00+00:00,4882.25,4898.83,4860.15,4872.74
2026-03-18 15:00:00+00:00,4872.74,4883.16,4865.0,4866.19
2026-03-18 16:00:00+00:00,4866.2,4893.11,4863.65,4890.11
2026-03-18 17:00:00+00:00,4890.1,4901.95,4886.8,4892.28
2026-03-18 18:00:00+00:00,4892.28,4902.61,4855.84,4856.19
2026-03-18 19:00:00+00:00,4856.18,4868.74,4842.73,4847.11
2026-03-18 20:00:00+00:00,4847.1,4852.29,4812.25,4825.31
2026-03-18 21:00:00+00:00,4825.32,4828.09,4818.0,4826.69
2026-03-18 22:00:00+00:00,4826.68,4841.91,4806.45,4837.06
2026-03-18 23:00:00+00:00,4837.05,4845.81,4831.58,4840.06
2026-03-19 00:00:00+00:00,4840.06,4851.85,4838.55,4845.01
2026-03-19 01:00:00+00:00,4845.01,4868.14,4835.84,4853.04
2026-03-19 02:00:00+00:00,4853.03,4863.63,4844.08,4860.52
2026-03-19 03:00:00+00:00,4860.52,4866.89,4852.47,4852.54
2026-03-19 04:00:00+00:00,4852.53,4855.69,4847.38,4851.0
2026-03-19 05:00:00+00:00,4851.01,4856.12,4829.17,4829.68
2026-03-19 06:00:00+00:00,4829.68,4843.44,4751.32,4768.93
2026-03-19 07:00:00+00:00,4768.92,4787.0,4732.0,4732.25
2026-03-19 08:00:00+00:00,4732.26,4745.71,4690.6,4714.2
2026-03-19 09:00:00+00:00,4714.2,4729.7,4692.61,4703.45
2026-03-19 10:00:00+00:00,4703.44,4723.3,4670.7,4682.14
2026-03-19 11:00:00+00:00,4682.15,4702.79,4655.55,4656.49
2026-03-19 12:00:00+00:00,4656.79,4658.52,4540.01,4583.65
2026-03-19 13:00:00+00:00,4582.15,4624.42,4514.11,4623.25
2026-03-19 14:00:00+00:00,4623.29,4651.48,4586.37,4606.67
2026-03-19 15:00:00+00:00,4606.6,4641.33,4568.79,4600.14
2026-03-19 16:00:00+00:00,4600.14,4629.7,4582.0,4591.05
2026-03-19 17:00:00+00:00,4591.08,4634.43,4581.0,4619.61
2026-03-19 18:00:00+00:00,4619.6,4627.51,4600.61,4627.08
2026-03-19 19:00:00+00:00,4627.15,4666.88,4627.15,4648.32
2026-03-19 20:00:00+00:00,4648.11,4665.94,4647.2,4656.15
2026-03-19 21:00:00+00:00,4656.12,4670.25,4655.24,4665.16
2026-03-19 22:00:00+00:00,4665.16,4680.0,4635.0,4639.7
2026-03-19 23:00:00+00:00,4639.71,4650.91,4637.9,4646.0
2026-03-20 00:00:00+00:00,4645.99,4667.05,4645.47,4652.36
2026-03-20 01:00:00+00:00,4652.36,4702.39,4643.75,4681.31
2026-03-20 02:00:00+00:00,4681.31,4704.97,4674.05,4699.79
2026-03-20 03:00:00+00:00,4699.78,4738.35,4695.68,4727.01
2026-03-20 04:00:00+00:00,4727.01,4729.38,4716.28,4722.19
2026-03-20 05:00:00+00:00,4722.19,4724.4,4688.1,4690.89
2026-03-20 06:00:00+00:00,4690.89,4704.3,4664.4,4673.3
2026-03-20 07:00:00+00:00,4673.29,4711.0,4672.07,4709.1
2026-03-20 08:00:00+00:00,4709.1,4736.11,4688.76,4696.82
2026-03-20 09:00:00+00:00,4696.82,4705.11,4665.16,4671.8
2026-03-20 10:00:00+00:00,4671.8,4675.5,4643.81,4650.29
2026-03-20 11:00:00+00:00,4650.29,4678.39,4642.11,4675.32
2026-03-20 12:00:00+00:00,4675.26,4698.76,4665.54,4682.71
2026-03-20 13:00:00+00:00,4682.71,4683.72,4619.14,4622.88
2026-03-20 14:00:00+00:00,4622.88,4629.61,4557.0,4572.7
2026-03-20 15:00:00+00:00,4572.7,4587.92,4550.22,4560.22
2026-03-20 16:00:00+00:00,4559.54,4620.0,4558.46,4590.2
2026-03-20 17:00:00+00:00,4590.27,4608.59,4562.51,4581.35
2026-03-20 18:00:00+00:00,4581.35,4586.54,4486.87,4509.21
2026-03-20 19:00:00+00:00,4509.21,4525.8,4493.77,4512.04
2026-03-20 20:00:00+00:00,4512.0,4527.09,4501.52,4504.83
2026-03-20 21:00:00+00:00,4504.83,4506.48,4496.0,4498.7
2026-03-20 22:00:00+00:00,4498.7,4502.4,4496.1,4501.46
2026-03-20 23:00:00+00:00,4501.45,4501.46,4494.23,4496.14
2026-03-21 00:00:00+00:00,4496.15,4501.46,4496.14,4498.26
2026-03-21 01:00:00+00:00,4498.25,4503.1,4498.25,4500.19
2026-03-21 02:00:00+00:00,4500.18,4500.78,4497.18,4498.3
2026-03-21 03:00:00+00:00,4498.3,4500.0,4496.56,4498.0
2026-03-21 04:00:00+00:00,4498.0,4500.35,4496.09,4497.24
2026-03-21 05:00:00+00:00,4497.24,4499.48,4497.24,4498.41
2026-03-21 06:00:00+00:00,4498.42,4499.46,4497.62,4497.62
2026-03-21 07:00:00+00:00,4497.62,4497.63,4495.8,4496.36
2026-03-21 08:00:00+00:00,4496.36,4498.03,4495.77,4496.51
2026-03-21 09:00:00+00:00,4496.51,4498.7,4495.4,4498.7
2026-03-21 10:00:00+00:00,4498.7,4498.7,4496.51,4496.94
2026-03-21 11:00:00+00:00,4496.94,4498.0,4496.2,4496.2
2026-03-21 12:00:00+00:00,4496.2,4497.43,4496.1,4497.42
2026-03-21 13:00:00+00:00,4497.42,4497.65,4496.86,4497.58
2026-03-21 14:00:00+00:00,4497.59,4497.8,4496.56,4496.8
2026-03-21 15:00:00+00:00,4496.97,4499.39,4496.8,4497.64
2026-03-21 16:00:00+00:00,4497.65,4499.22,4497.64,4499.0
2026-03-21 17:00:00+00:00,4498.99,4499.03,4497.5,4497.51
2026-03-21 18:00:00+00:00,4497.5,4498.92,4497.5,4498.11
2026-03-21 19:00:00+00:00,4498.11,4498.33,4497.29,4497.5
2026-03-21 20:00:00+00:00,4497.5,4497.68,4497.0,4497.02
2026-03-21 21:00:00+00:00,4497.02,4498.17,4497.02,4498.0
2026-03-21 22:00:00+00:00,4498.0,4498.5,4497.46,4498.41
2026-03-21 23:00:00+00:00,4498.4,4498.41,4494.25,4495.14
2026-03-22 00:00:00+00:00,4495.14,4497.87,4493.16,4495.91
2026-03-22 01:00:00+00:00,4495.91,4496.64,4494.72,4494.97
2026-03-22 02:00:00+00:00,4494.97,4498.0,4494.72,4497.45
2026-03-22 03:00:00+00:00,4497.46,4498.8,4497.01,4497.25
2026-03-22 04:00:00+00:00,4497.25,4497.9,4495.92,4497.56
2026-03-22 05:00:00+00:00,4497.56,4497.88,4495.74,4497.78
2026-03-22 06:00:00+00:00,4497.78,4498.23,4496.16,4496.47
2026-03-22 07:00:00+00:00,4496.47,4497.22,4495.03,4495.04
2026-03-22 08:00:00+00:00,4495.04,4496.71,4495.04,4496.7
2026-03-22 09:00:00+00:00,4496.71,4497.5,4482.9,4489.89
2026-03-22 10:00:00+00:00,4489.89,4493.17,4477.61,4484.98
2026-03-22 11:00:00+00:00,4484.99,4490.27,4478.15,4489.33
2026-03-22 12:00:00+00:00,4489.33,4491.12,4477.5,4491.12
2026-03-22 13:00:00+00:00,4491.12,4495.0,4489.45,4492.61
2026-03-22 14:00:00+00:00,4492.6,4492.97,4480.0,4487.45
2026-03-22 15:00:00+00:00,4487.45,4492.13,4486.2,4490.05
2026-03-22 16:00:00+00:00,4490.05,4491.3,4487.8,4488.54
2026-03-22 17:00:00+00:00,4488.54,4495.8,4486.07,4491.9
2026-03-22 18:00:00+00:00,4491.9,4494.18,4489.7,4493.18
2026-03-22 19:00:00+00:00,4493.19,4493.19,4487.85,4487.85
2026-03-22 20:00:00+00:00,4487.86,4492.07,4487.85,4489.82
2026-03-22 21:00:00+00:00,4489.83,4489.83,4481.0,4482.83
2026-03-22 22:00:00+00:00,4482.82,4540.85,4452.57,4501.11
2026-03-22 23:00:00+00:00,4501.12,4514.39,4455.58,4469.11
2026-03-23 00:00:00+00:00,4469.12,4477.44,4327.01,4359.92
2026-03-23 01:00:00+00:00,4359.92,4458.47,4336.58,4391.76
2026-03-23 02:00:00+00:00,4391.76,4425.25,4360.0,4365.24
2026-03-23 03:00:00+00:00,4365.23,4382.21,4340.16,4358.13
2026-03-23 04:00:00+00:00,4357.75,4384.93,4355.51,4371.5
2026-03-23 05:00:00+00:00,4371.5,4383.72,4308.0,4317.49
2026-03-23 06:00:00+00:00,4317.48,4317.61,4175.22,4228.29
2026-03-23 07:00:00+00:00,4228.29,4238.02,4124.1,4209.86
2026-03-23 08:00:00+00:00,4209.87,4274.0,4208.0,4254.86
2026-03-23 09:00:00+00:00,4254.92,4310.74,4231.22,4259.64
2026-03-23 10:00:00+00:00,4259.63,4284.99,4245.5,4271.85
2026-03-23 11:00:00+00:00,4271.81,4468.02,4271.81,4380.75
2026-03-23 12:00:00+00:00,4380.75,4493.89,4340.56,4479.43
2026-03-23 13:00:00+00:00,4479.43,4488.76,4405.74,4456.05
2026-03-23 14:00:00+00:00,4456.05,4512.71,4455.82,4464.08
2026-03-23 15:00:00+00:00,4464.08,4489.67,4354.81,4367.2
2026-03-23 16:00:00+00:00,4367.2,4395.91,4356.72,4380.63
2026-03-23 17:00:00+00:00,4380.53,4441.79,4375.0,4429.29
2026-03-23 18:00:00+00:00,4429.09,4470.75,4406.19,4452.28
2026-03-23 19:00:00+00:00,4452.27,4454.33,4396.95,4401.5
2026-03-23 20:00:00+00:00,4401.51,4419.15,4387.51,4415.16
2026-03-23 21:00:00+00:00,4414.69,4417.15,4408.05,4415.55
2026-03-23 22:00:00+00:00,4415.55,4435.97,4366.78,4429.96
2026-03-23 23:00:00+00:00,4429.95,4451.26,4423.91,4443.38
2026-03-24 00:00:00+00:00,4443.42,4448.89,4335.58,4368.11
2026-03-24 01:00:00+00:00,4367.9,4378.16,4313.37,4326.02
2026-03-24 02:00:00+00:00,4325.85,4380.59,4310.25,4367.24
2026-03-24 03:00:00+00:00,4367.42,4369.76,4338.67,4349.62
2026-03-24 04:00:00+00:00,4350.67,4360.97,4330.78,4337.1
2026-03-24 05:00:00+00:00,4337.1,4375.88,4323.0,4351.48
2026-03-24 06:00:00+00:00,4351.48,4406.99,4347.08,4404.9
2026-03-24 07:00:00+00:00,4404.75,4436.34,4401.92,4419.16
2026-03-24 08:00:00+00:00,4419.17,4423.67,4394.26,4414.28
2026-03-24 09:00:00+00:00,4414.16,4433.23,4398.73,4428.43
2026-03-24 10:00:00+00:00,4428.55,4443.99,4417.38,4440.58
2026-03-24 11:00:00+00:00,4440.59,4444.56,4380.2,4410.78
2026-03-24 12:00:00+00:00,4410.78,4429.35,4366.37,4382.65
2026-03-24 13:00:00+00:00,4382.65,4392.93,4354.08,4383.7
2026-03-24 14:00:00+00:00,4383.69,4434.58,4382.42,4417.46
2026-03-24 15:00:00+00:00,4417.13,4432.38,4399.02,4413.2
2026-03-24 16:00:00+00:00,4413.16,4429.15,4404.39,4423.3
2026-03-24 17:00:00+00:00,4423.3,4428.4,4374.18,4391.69
2026-03-24 18:00:00+00:00,4391.79,4425.89,4386.61,4392.28
2026-03-24 19:00:00+00:00,4392.23,4413.75,4391.05,4403.62
2026-03-24 20:00:00+00:00,4403.61,4485.99,4400.26,4476.61
2026-03-24 21:00:00+00:00,4476.74,4494.0,4469.81,4478.48
2026-03-24 22:00:00+00:00,4478.48,4489.84,4459.32,4486.42
2026-03-24 23:00:00+00:00,4486.65,4554.75,4475.28,4549.04
2026-03-25 00:00:00+00:00,4549.04,4575.32,4540.22,4565.85
2026-03-25 01:00:00+00:00,4565.72,4601.48,4555.0,4594.35
2026-03-25 02:00:00+00:00,4594.35,4601.69,4578.66,4582.44
2026-03-25 03:00:00+00:00,4582.43,4585.77,4565.52,4569.27
2026-03-25 04:00:00+00:00,4569.27,4575.6,4565.04,4573.59
2026-03-25 05:00:00+00:00,4573.62,4574.13,4550.22,4556.88
2026-03-25 06:00:00+00:00,4556.88,4557.66,4534.12,4544.33
2026-03-25 07:00:00+00:00,4544.33,4563.22,4538.0,4540.17
2026-03-25 08:00:00+00:00,4540.17,4568.92,4536.5,4556.85
2026-03-25 09:00:00+00:00,4556.85,4568.97,4528.58,4551.32
2026-03-25 10:00:00+00:00,4551.36,4562.36,4551.15,4559.0
2026-03-25 11:00:00+00:00,4558.99,4585.0,4556.14,4578.79
2026-03-25 12:00:00+00:00,4578.77,4582.97,4522.22,4544.41
2026-03-25 13:00:00+00:00,4544.42,4575.99,4540.0,4544.32
2026-03-25 14:00:00+00:00,4544.35,4577.54,4532.68,4564.99
2026-03-25 15:00:00+00:00,4565.0,4567.45,4524.02,4558.0
2026-03-25 16:00:00+00:00,4558.0,4563.99,4544.6,4554.51
2026-03-25 17:00:00+00:00,4554.51,4562.73,4542.01,4550.1
2026-03-25 18:00:00+00:00,4550.07,4567.96,4531.29,4538.55
2026-03-25 19:00:00+00:00,4538.54,4539.02,4488.88,4530.88
2026-03-25 20:00:00+00:00,4530.88,4541.54,4496.03,4508.57
2026-03-25 21:00:00+00:00,4508.49,4519.79,4506.37,4516.18
2026-03-25 22:00:00+00:00,4516.25,4533.63,4504.45,4517.87
2026-03-25 23:00:00+00:00,4517.91,4519.24,4490.0,4497.79
2026-03-26 00:00:00+00:00,4497.79,4539.47,4497.79,4534.53
2026-03-26 01:00:00+00:00,4534.53,4542.97,4521.55,4535.18
2026-03-26 02:00:00+00:00,4535.19,4535.63,4505.64,4507.81
2026-03-26 03:00:00+00:00,4507.8,4518.02,4499.21,4515.19
2026-03-26 04:00:00+00:00,4515.25,4523.03,4510.84,4519.56
2026-03-26 05:00:00+00:00,4519.56,4520.99,4438.67,4438.99
2026-03-26 06:00:00+00:00,4439.05,4459.95,4416.0,4456.82
2026-03-26 07:00:00+00:00,4456.83,4464.87,4439.21,4452.94
2026-03-26 08:00:00+00:00,4452.93,4459.72,4413.04,4430.01
2026-03-26 09:00:00+00:00,4430.01,4437.86,4416.33,4424.91
2026-03-26 10:00:00+00:00,4424.87,4448.42,4419.04,4445.27
2026-03-26 11:00:00+00:00,4445.27,4456.66,4420.46,4423.99
2026-03-26 12:00:00+00:00,4423.81,4445.85,4417.14,4430.62
2026-03-26 13:00:00+00:00,4430.62,4461.85,4421.33,4453.01
2026-03-26 14:00:00+00:00,4453.06,4479.68,4438.42,4466.28
2026-03-26 15:00:00+00:00,4466.28,4469.73,4436.34,4440.17
2026-03-26 16:00:00+00:00,4440.16,4444.37,4368.72,4391.31
2026-03-26 17:00:00+00:00,4391.3,4404.47,4380.6,4384.28
2026-03-26 18:00:00+00:00,4384.28,4400.26,4371.05,4397.12
2026-03-26 19:00:00+00:00,4397.14,4402.48,4362.47,4367.32
2026-03-26 20:00:00+00:00,4367.41,4423.81,4355.0,4385.4
2026-03-26 21:00:00+00:00,4385.5,4395.78,4384.43,4394.47
2026-03-26 22:00:00+00:00,4394.48,4416.07,4384.2,4412.64
2026-03-26 23:00:00+00:00,4412.61,4415.94,4391.71,4406.46
2026-03-27 00:00:00+00:00,4406.46,4414.19,4378.98,4382.3
2026-03-27 01:00:00+00:00,4382.31,4423.31,4381.31,4419.79
2026-03-27 02:00:00+00:00,4419.8,4443.0,4419.61,4434.05
2026-03-27 03:00:00+00:00,4434.06,4448.0,4423.58,4439.99
2026-03-27 04:00:00+00:00,4440.0,4451.47,4433.05,4448.0
2026-03-27 05:00:00+00:00,4448.0,4476.57,4441.99,4456.5
2026-03-27 06:00:00+00:00,4456.5,4474.41,4454.01,4461.45
2026-03-27 07:00:00+00:00,4461.44,4463.99,4445.55,4448.67
2026-03-27 08:00:00+00:00,4448.67,4453.34,4426.4,4426.99
2026-03-27 09:00:00+00:00,4427.0,4441.0,4422.14,4431.24
2026-03-27 10:00:00+00:00,4431.23,4436.75,4412.33,4416.4
2026-03-27 11:00:00+00:00,4416.58,4428.11,4407.0,4422.0
2026-03-27 12:00:00+00:00,4422.0,4448.0,4415.0,4439.72
2026-03-27 13:00:00+00:00,4439.73,4445.64,4417.28,4433.97
2026-03-27 14:00:00+00:00,4433.94,4516.54,4433.51,4511.03
2026-03-27 15:00:00+00:00,4511.13,4556.63,4503.52,4524.94
2026-03-27 16:00:00+00:00,4524.97,4534.0,4506.82,4516.76
2026-03-27 17:00:00+00:00,4516.75,4523.0,4486.67,4487.06
2026-03-27 18:00:00+00:00,4487.06,4530.0,4487.06,4517.56
2026-03-27 19:00:00+00:00,4517.55,4525.47,4502.0,4515.16
2026-03-27 20:00:00+00:00,4515.14,4520.99,4493.0,4494.43
2026-03-27 21:00:00+00:00,4494.42,4501.04,4492.2,4497.7
2026-03-27 22:00:00+00:00,4497.69,4498.92,4496.16,4498.51
2026-03-27 23:00:00+00:00,4498.51,4498.51,4496.28,4496.93
2026-03-28 00:00:00+00:00,4496.93,4498.55,4496.6,4497.09
2026-03-28 01:00:00+00:00,4497.08,4497.31,4492.6,4493.81
2026-03-28 02:00:00+00:00,4493.8,4495.27,4493.46,4494.09
2026-03-28 03:00:00+00:00,4494.08,4496.73,4494.08,4495.56
2026-03-28 04:00:00+00:00,4495.55,4495.56,4492.87,4495.0
2026-03-28 05:00:00+00:00,4495.0,4502.9,4494.93,4501.55
2026-03-28 06:00:00+00:00,4501.54,4503.17,4499.77,4500.14
2026-03-28 07:00:00+00:00,4500.13,4501.05,4497.23,4497.64
2026-03-28 08:00:00+00:00,4497.64,4499.38,4495.7,4497.37
2026-03-28 09:00:00+00:00,4497.36,4498.56,4497.36,4497.66
2026-03-28 10:00:00+00:00,4497.64,4498.18,4496.72,4497.6
2026-03-28 11:00:00+00:00,4497.6,4498.14,4496.59,4497.21
2026-03-28 12:00:00+00:00,4497.22,4498.92,4496.75,4498.57
2026-03-28 13:00:00+00:00,4498.57,4500.0,4497.33,4497.56
2026-03-28 14:00:00+00:00,4497.56,4498.5,4497.25,4497.5
2026-03-28 15:00:00+00:00,4497.51,4498.52,4496.0,4497.12
2026-03-28 16:00:00+00:00,4497.11,4498.0,4496.85,4497.5
2026-03-28 17:00:00+00:00,4497.49,4498.3,4497.0,4497.15
2026-03-28 18:00:00+00:00,4497.14,4498.24,4497.0,4497.59
2026-03-28 19:00:00+00:00,4497.59,4498.05,4497.24,4497.61
2026-03-28 20:00:00+00:00,4497.61,4498.4,4497.51,4497.59
2026-03-28 21:00:00+00:00,4497.59,4498.5,4497.0,4497.12
2026-03-28 22:00:00+00:00,4497.12,4497.6,4496.66,4496.89
2026-03-28 23:00:00+00:00,4496.89,4497.9,4496.77,4497.75
2026-03-29 00:00:00+00:00,4497.76,4498.08,4497.3,4497.3
2026-03-29 01:00:00+00:00,4497.3,4497.89,4496.66,4497.09
2026-03-29 02:00:00+00:00,4497.08,4497.6,4496.86,4497.48
2026-03-29 03:00:00+00:00,4497.48,4497.8,4497.3,4497.3
2026-03-29 04:00:00+00:00,4497.31,4498.1,4497.3,4497.49
2026-03-29 05:00:00+00:00,4497.49,4497.87,4497.44,4497.87
2026-03-29 06:00:00+00:00,4497.87,4498.13,4497.59,4497.61
2026-03-29 07:00:00+00:00,4497.62,4497.62,4496.81,4497.32
2026-03-29 08:00:00+00:00,4497.33,4498.13,4497.32,4497.61
2026-03-29 09:00:00+00:00,4497.61,4498.0,4496.78,4497.13
2026-03-29 10:00:00+00:00,4497.14,4497.75,4496.6,4497.09
2026-03-29 11:00:00+00:00,4497.1,4498.28,4496.78,4498.27
2026-03-29 12:00:00+00:00,4498.28,4509.57,4498.27,4509.57
2026-03-29 13:00:00+00:00,4509.57,4510.5,4502.41,4502.8
2026-03-29 14:00:00+00:00,4502.8,4505.79,4501.0,4503.18
2026-03-29 15:00:00+00:00,4503.19,4504.77,4501.43,4502.55
2026-03-29 16:00:00+00:00,4502.55,4508.34,4502.55,4505.56
2026-03-29 17:00:00+00:00,4505.56,4506.45,4505.18,4506.0
2026-03-29 18:00:00+00:00,4505.99,4507.8,4505.67,4507.28
2026-03-29 19:00:00+00:00,4507.28,4507.99,4504.21,4504.59
2026-03-29 20:00:00+00:00,4504.59,4511.85,4504.42,4508.34
2026-03-29 21:00:00+00:00,4508.33,4524.13,4508.33,4519.28
2026-03-29 22:00:00+00:00,4519.29,4519.69,4476.73,4485.25
2026-03-29 23:00:00+00:00,4485.24,4492.7,4443.56,4448.82
2026-03-30 00:00:00+00:00,4448.82,4468.35,4419.21,4433.95
2026-03-30 01:00:00+00:00,4433.95,4476.7,4433.66,4471.0
2026-03-30 02:00:00+00:00,4470.98,4503.32,4461.37,4484.42
2026-03-30 03:00:00+00:00,4484.41,4520.88,4482.38,4498.77
2026-03-30 04:00:00+00:00,4498.78,4501.37,4475.0,4499.25
2026-03-30 05:00:00+00:00,4499.18,4531.29,4499.18,4524.51
2026-03-30 06:00:00+00:00,4524.51,4551.79,4520.11,4533.77
2026-03-30 07:00:00+00:00,4533.64,4536.12,4515.9,4529.37
2026-03-30 08:00:00+00:00,4529.31,4544.46,4527.0,4540.14
2026-03-30 09:00:00+00:00,4540.14,4542.43,4516.78,4533.56
2026-03-30 10:00:00+00:00,4533.64,4540.8,4529.68,4533.76
2026-03-30 11:00:00+00:00,4533.77,4582.63,4527.43,4561.48
2026-03-30 12:00:00+00:00,4561.49,4578.61,4547.17,4570.69
2026-03-30 13:00:00+00:00,4570.69,4579.85,4519.0,4524.67
2026-03-30 14:00:00+00:00,4524.67,4543.2,4514.44,4540.57
2026-03-30 15:00:00+00:00,4540.58,4558.64,4526.36,4549.51
2026-03-30 16:00:00+00:00,4549.52,4550.63,4533.27,4541.62
2026-03-30 17:00:00+00:00,4541.62,4543.76,4513.3,4517.13
2026-03-30 18:00:00+00:00,4517.14,4524.31,4501.37,4501.6
2026-03-30 19:00:00+00:00,4501.6,4523.93,4495.12,4516.16
2026-03-30 20:00:00+00:00,4516.14,4519.26,4501.72,4511.76
2026-03-30 21:00:00+00:00,4511.76,4523.3,4509.02,4518.69
2026-03-30 22:00:00+00:00,4518.69,4526.07,4503.85,4512.27
2026-03-30 23:00:00+00:00,4512.22,4522.73,4493.64,4515.13
2026-03-31 00:00:00+00:00,4515.12,4548.82,4482.84,4548.09
2026-03-31 01:00:00+00:00,4548.09,4617.68,4533.32,4604.38
2026-03-31 02:00:00+00:00,4604.27,4606.67,4566.57,4568.76
2026-03-31 03:00:00+00:00,4568.76,4577.69,4551.25,4557.99
2026-03-31 04:00:00+00:00,4558.0,4569.58,4558.0,4565.27
2026-03-31 05:00:00+00:00,4565.23,4580.78,4548.11,4568.8
2026-03-31 06:00:00+00:00,4568.8,4569.07,4555.0,4557.69
2026-03-31 07:00:00+00:00,4557.9,4567.0,4544.0,4566.01
2026-03-31 08:00:00+00:00,4565.9,4575.84,4562.18,4570.23
2026-03-31 09:00:00+00:00,4570.23,4574.01,4552.2,4556.81
2026-03-31 10:00:00+00:00,4556.81,4562.75,4531.63,4548.03
2026-03-31 11:00:00+00:00,4548.04,4593.64,4542.23,4583.0
2026-03-31 12:00:00+00:00,4583.0,4597.99,4570.49,4575.48
2026-03-31 13:00:00+00:00,4575.48,4609.31,4569.0,4607.35
2026-03-31 14:00:00+00:00,4607.28,4631.98,4594.52,4599.46
2026-03-31 15:00:00+00:00,4599.46,4624.56,4599.46,4610.21
2026-03-31 16:00:00+00:00,4610.21,4651.33,4608.0,4638.15
2026-03-31 17:00:00+00:00,4638.16,4666.59,4637.01,4654.89
2026-03-31 18:00:00+00:00,4654.88,4670.0,4653.16,4665.74
2026-03-31 19:00:00+00:00,4665.74,4683.6,4660.32,4680.51
2026-03-31 20:00:00+00:00,4680.51,4684.78,4662.5,4668.57
2026-03-31 21:00:00+00:00,4668.57,4668.57,4660.67,4662.02
2026-03-31 22:00:00+00:00,4662.01,4693.97,4660.33,4677.75
2026-03-31 23:00:00+00:00,4677.78,4699.0,4669.74,4693.91
2026-04-01 00:00:00+00:00,4693.91,4719.5,4691.24,4708.25
2026-04-01 01:00:00+00:00,4708.26,4720.0,4679.0,4689.3
2026-04-01 02:00:00+00:00,4689.33,4696.55,4676.21,4681.81
2026-04-01 03:00:00+00:00,4681.8,4690.95,4677.86,4679.57
2026-04-01 04:00:00+00:00,4679.57,4679.89,4665.43,4674.32
2026-04-01 05:00:00+00:00,4674.32,4701.99,4672.81,4682.71
2026-04-01 06:00:00+00:00,4682.7,4728.99,4681.18,4727.24
2026-04-01 07:00:00+00:00,4727.24,4742.86,4707.27,4709.76
2026-04-01 08:00:00+00:00,4709.76,4735.93,4707.27,4724.67
2026-04-01 09:00:00+00:00,4724.67,4726.56,4710.87,4720.41
2026-04-01 10:00:00+00:00,4720.62,4734.5,4712.36,4728.76
2026-04-01 11:00:00+00:00,4728.76,4759.02,4725.91,4748.03
2026-04-01 12:00:00+00:00,4747.95,4749.8,4721.35,4721.85
2026-04-01 13:00:00+00:00,4721.85,4744.84,4712.5,4735.66
2026-04-01 14:00:00+00:00,4735.65,4764.67,4721.28,4757.14
2026-04-01 15:00:00+00:00,4757.14,4785.0,4755.36,4783.63
2026-04-01 16:00:00+00:00,4783.64,4788.0,4770.07,4783.69
2026-04-01 17:00:00+00:00,4783.54,4790.49,4770.4,4770.81
2026-04-01 18:00:00+00:00,4770.8,4771.92,4739.07,4749.46
2026-04-01 19:00:00+00:00,4749.86,4774.55,4748.21,4763.15
2026-04-01 20:00:00+00:00,4762.9,4767.28,4751.53,4755.61
2026-04-01 21:00:00+00:00,4755.61,4760.84,4754.16,4758.23
2026-04-01 22:00:00+00:00,4758.23,4777.97,4748.01,4772.47
2026-04-01 23:00:00+00:00,4772.47,4794.47,4768.9,4780.54
2026-04-02 00:00:00+00:00,4780.54,4794.27,4771.07,4781.5
2026-04-02 01:00:00+00:00,4781.49,4782.63,4651.59,4694.74
2026-04-02 02:00:00+00:00,4694.7,4702.78,4657.0,4686.48
2026-04-02 03:00:00+00:00,4686.48,4698.47,4674.46,4675.56
2026-04-02 04:00:00+00:00,4675.57,4681.63,4657.23,4670.77
2026-04-02 05:00:00+00:00,4670.77,4677.46,4587.75,4595.88
2026-04-02 06:00:00+00:00,4595.77,4608.12,4557.6,4599.36
2026-04-02 07:00:00+00:00,4599.29,4647.6,4598.01,4639.59
2026-04-02 08:00:00+00:00,4639.59,4645.32,4612.69,4616.76
2026-04-02 09:00:00+00:00,4616.75,4630.0,4608.1,4620.72
2026-04-02 10:00:00+00:00,4620.73,4632.59,4603.48,4619.29
2026-04-02 11:00:00+00:00,4619.3,4628.17,4592.05,4597.59
2026-04-02 12:00:00+00:00,4597.6,4626.31,4593.03,4598.28
2026-04-02 13:00:00+00:00,4598.48,4648.77,4577.29,4643.29
2026-04-02 14:00:00+00:00,4643.34,4694.23,4629.38,4675.71
2026-04-02 15:00:00+00:00,4675.72,4677.79,4648.54,4657.01
2026-04-02 16:00:00+00:00,4657.0,4667.39,4639.73,4657.21
2026-04-02 17:00:00+00:00,4657.17,4664.64,4641.81,4644.06
2026-04-02 18:00:00+00:00,4644.07,4666.98,4642.86,4663.75
2026-04-02 19:00:00+00:00,4663.75,4677.39,4657.58,4666.37
2026-04-02 20:00:00+00:00,4666.37,4671.99,4660.63,4670.55
2026-04-02 21:00:00+00:00,4670.54,4678.51,4668.51,4674.37
2026-04-02 22:00:00+00:00,4674.36,4675.58,4670.0,4671.38
2026-04-02 23:00:00+00:00,4671.37,4676.07,4671.26,4674.81
2026-04-03 00:00:00+00:00,4674.82,4675.0,4671.88,4672.47
2026-04-03 01:00:00+00:00,4672.47,4674.35,4671.4,4672.91
2026-04-03 02:00:00+00:00,4672.92,4674.87,4672.91,4674.25
2026-04-03 03:00:00+00:00,4674.25,4674.57,4672.99,4674.02
2026-04-03 04:00:00+00:00,4674.02,4674.87,4673.5,4673.54
2026-04-03 05:00:00+00:00,4673.53,4676.5,4672.86,4676.49
2026-04-03 06:00:00+00:00,4676.5,4678.57,4673.57,4673.86
2026-04-03 07:00:00+00:00,4673.86,4673.87,4671.86,4672.92
2026-04-03 08:00:00+00:00,4672.92,4674.1,4671.86,4673.54
2026-04-03 09:00:00+00:00,4673.55,4673.99,4672.54,4673.24
2026-04-03 10:00:00+00:00,4673.25,4674.86,4673.0,4674.58
2026-04-03 11:00:00+00:00,4674.58,4674.97,4673.96,4674.49
2026-04-03 12:00:00+00:00,4674.49,4676.07,4667.19,4669.19
2026-04-03 13:00:00+00:00,4669.14,4673.1,4668.91,4672.27
2026-04-03 14:00:00+00:00,4672.27,4674.02,4671.14,4672.69
2026-04-03 15:00:00+00:00,4672.7,4673.84,4671.77,4673.27
2026-04-03 16:00:00+00:00,4673.26,4673.5,4672.28,4672.86
2026-04-03 17:00:00+00:00,4672.87,4673.12,4671.7,4672.34
2026-04-03 18:00:00+00:00,4672.34,4673.22,4671.7,4672.51
2026-04-03 19:00:00+00:00,4672.5,4673.5,4671.6,4673.05
2026-04-03 20:00:00+00:00,4673.06,4673.8,4671.8,4672.56
2026-04-03 21:00:00+00:00,4672.65,4674.3,4672.6,4673.1
2026-04-03 22:00:00+00:00,4673.09,4673.1,4672.01,4672.69
2026-04-03 23:00:00+00:00,4672.7,4673.88,4672.69,4673.61
2026-04-04 00:00:00+00:00,4673.61,4674.3,4672.01,4672.8
2026-04-04 01:00:00+00:00,4672.81,4673.57,4672.18,4673.55
2026-04-04 02:00:00+00:00,4673.55,4673.59,4673.24,4673.5
2026-04-04 03:00:00+00:00,4673.51,4674.0,4673.42,4673.89
2026-04-04 04:00:00+00:00,4673.89,4673.97,4673.69,4673.75
2026-04-04 05:00:00+00:00,4673.75,4673.8,4673.54,4673.54
2026-04-04 06:00:00+00:00,4673.54,4673.89,4672.34,4673.41
2026-04-04 07:00:00+00:00,4673.41,4673.55,4673.0,4673.0
2026-04-04 08:00:00+00:00,4673.01,4673.01,4672.35,4672.92
2026-04-04 09:00:00+00:00,4672.91,4673.55,4672.91,4673.53
2026-04-04 10:00:00+00:00,4673.53,4673.87,4672.62,4673.86
2026-04-04 11:00:00+00:00,4673.87,4673.93,4672.61,4672.92
2026-04-04 12:00:00+00:00,4672.92,4673.29,4672.79,4672.83
2026-04-04 13:00:00+00:00,4672.83,4672.98,4672.5,4672.97
2026-04-04 14:00:00+00:00,4672.98,4673.5,4672.6,4672.88
2026-04-04 15:00:00+00:00,4672.89,4673.8,4672.51,4673.65
2026-04-04 16:00:00+00:00,4673.66,4673.66,4672.71,4672.77
2026-04-04 17:00:00+00:00,4672.77,4673.43,4672.65,4672.65
2026-04-04 18:00:00+00:00,4672.65,4673.86,4672.65,4672.74
2026-04-04 19:00:00+00:00,4672.71,4673.99,4672.59,4673.3
2026-04-04 20:00:00+00:00,4673.29,4673.32,4672.51,4673.21
2026-04-04 21:00:00+00:00,4673.22,4673.75,4672.79,4673.4
2026-04-04 22:00:00+00:00,4673.4,4673.45,4672.62,4672.81
2026-04-04 23:00:00+00:00,4672.81,4672.99,4672.16,4672.34
2026-04-05 00:00:00+00:00,4672.34,4672.71,4671.99,4672.25
2026-04-05 01:00:00+00:00,4672.24,4672.65,4672.09,4672.43
2026-04-05 02:00:00+00:00,4672.42,4672.43,4671.61,4671.7
2026-04-05 03:00:00+00:00,4671.7,4672.0,4671.69,4672.0
2026-04-05 04:00:00+00:00,4671.99,4672.0,4670.77,4670.77
2026-04-05 05:00:00+00:00,4670.78,4670.78,4669.61,4670.09
2026-04-05 06:00:00+00:00,4670.08,4670.57,4670.01,4670.57
2026-04-05 07:00:00+00:00,4670.57,4671.16,4670.16,4670.88
2026-04-05 08:00:00+00:00,4670.88,4670.88,4668.8,4668.99
2026-04-05 09:00:00+00:00,4669.0,4669.54,4668.99,4669.09
2026-04-05 10:00:00+00:00,4669.09,4669.1,4666.35,4666.72
2026-04-05 11:00:00+00:00,4666.73,4667.3,4663.9,4666.69
2026-04-05 12:00:00+00:00,4666.68,4666.68,4652.35,4659.47
2026-04-05 13:00:00+00:00,4659.48,4663.21,4658.99,4660.73
2026-04-05 14:00:00+00:00,4660.73,4664.24,4660.53,4663.11
2026-04-05 15:00:00+00:00,4663.1,4665.7,4661.29,4664.01
2026-04-05 16:00:00+00:00,4664.01,4664.01,4652.42,4656.27
2026-04-05 17:00:00+00:00,4656.26,4656.26,4651.61,4652.0
2026-04-05 18:00:00+00:00,4651.99,4656.5,4651.93,4654.85
2026-04-05 19:00:00+00:00,4654.85,4658.22,4654.84,4655.0
2026-04-05 20:00:00+00:00,4655.47,4655.47,4625.11,4638.65
2026-04-05 21:00:00+00:00,4638.65,4648.65,4632.6,4647.09
2026-04-05 22:00:00+00:00,4647.1,4664.38,4616.25,4647.85
2026-04-05 23:00:00+00:00,4647.86,4652.55,4610.04,4616.62
2026-04-06 00:00:00+00:00,4616.62,4632.18,4601.5,4624.31
2026-04-06 01:00:00+00:00,4624.32,4643.99,4622.71,4627.73
2026-04-06 02:00:00+00:00,4627.74,4669.74,4625.38,4647.2
2026-04-06 03:00:00+00:00,4647.21,4647.21,4625.6,4641.3
2026-04-06 04:00:00+00:00,4641.29,4659.43,4640.76,4658.64
2026-04-06 05:00:00+00:00,4658.65,4676.09,4651.66,4652.74
2026-04-06 06:00:00+00:00,4652.73,4667.59,4643.23,4665.07
2026-04-06 07:00:00+00:00,4665.07,4686.34,4645.26,4682.16
2026-04-06 08:00:00+00:00,4682.16,4696.13,4677.84,4693.51
2026-04-06 09:00:00+00:00,4693.51,4703.87,4687.32,4690.05
2026-04-06 10:00:00+00:00,4690.04,4694.36,4681.15,4687.23
2026-04-06 11:00:00+00:00,4687.23,4693.97,4676.12,4677.01
2026-04-06 12:00:00+00:00,4677.02,4684.0,4660.44,4675.19
2026-04-06 13:00:00+00:00,4675.2,4681.55,4660.0,4681.54
2026-04-06 14:00:00+00:00,4681.54,4694.8,4661.72,4682.33
2026-04-06 15:00:00+00:00,4682.4,4683.37,4652.6,4667.77
2026-04-06 16:00:00+00:00,4667.52,4671.59,4658.09,4659.81
2026-04-06 17:00:00+00:00,4659.82,4661.4,4646.01,4654.58
2026-04-06 18:00:00+00:00,4654.64,4667.71,4650.36,4659.39
2026-04-06 19:00:00+00:00,4659.39,4660.76,4648.0,4656.35
2026-04-06 20:00:00+00:00,4656.35,4660.22,4651.5,4652.4
2026-04-06 21:00:00+00:00,4652.4,4655.95,4651.5,4653.76
2026-04-06 22:00:00+00:00,4653.76,4668.44,4652.07,4657.54
2026-04-06 23:00:00+00:00,4657.54,4660.55,4651.3,4658.26
2026-04-07 00:00:00+00:00,4658.26,4663.34,4650.3,4656.72
2026-04-07 01:00:00+00:00,4656.54,4665.93,4618.14,4628.39
2026-04-07 02:00:00+00:00,4628.64,4652.62,4621.68,4650.28
2026-04-07 03:00:00+00:00,4650.24,4653.62,4639.9,4650.72
2026-04-07 04:00:00+00:00,4650.8,4664.4,4645.92,4659.62
2026-04-07 05:00:00+00:00,4659.64,4661.59,4626.73,4644.01
2026-04-07 06:00:00+00:00,4644.0,4655.9,4638.8,4653.39
2026-04-07 07:00:00+00:00,4653.36,4657.05,4640.33,4648.05
2026-04-07 08:00:00+00:00,4648.06,4689.88,4646.7,4681.36
2026-04-07 09:00:00+00:00,4681.35,4694.03,4660.05,4672.82
2026-04-07 10:00:00+00:00,4672.83,4680.5,4651.55,4654.81
2026-04-07 11:00:00+00:00,4654.8,4664.85,4634.07,4660.0
2026-04-07 12:00:00+00:00,4660.01,4670.24,4647.61,4652.55
2026-04-07 13:00:00+00:00,4652.46,4663.8,4638.64,4645.81
2026-04-07 14:00:00+00:00,4645.84,4660.34,4612.13,4634.85
2026-04-07 15:00:00+00:00,4634.85,4661.13,4628.08,4657.63
2026-04-07 16:00:00+00:00,4657.61,4669.52,4654.59,4657.68
2026-04-07 17:00:00+00:00,4657.56,4685.12,4655.03,4674.48
2026-04-07 18:00:00+00:00,4674.5,4685.0,4657.8,4662.45
2026-04-07 19:00:00+00:00,4662.45,4718.01,4661.64,4700.86
2026-04-07 20:00:00+00:00,4700.86,4714.56,4697.93,4705.24
2026-04-07 21:00:00+00:00,4704.83,4721.99,4702.8,4714.28
2026-04-07 22:00:00+00:00,4714.28,4818.63,4713.64,4816.96
2026-04-07 23:00:00+00:00,4816.96,4833.73,4800.57,4829.17
2026-04-08 00:00:00+00:00,4829.37,4854.98,4810.65,4817.54
2026-04-08 01:00:00+00:00,4817.64,4824.76,4790.13,4809.91
2026-04-08 02:00:00+00:00,4809.91,4822.78,4798.88,4803.82
2026-04-08 03:00:00+00:00,4803.88,4805.62,4794.45,4796.96
2026-04-08 04:00:00+00:00,4796.97,4804.44,4788.15,4802.06
2026-04-08 05:00:00+00:00,4802.06,4839.37,4798.85,4823.6
2026-04-08 06:00:00+00:00,4823.55,4834.68,4816.24,4816.24
2026-04-08 07:00:00+00:00,4816.22,4818.3,4803.17,4810.49
2026-04-08 08:00:00+00:00,4810.41,4816.59,4790.0,4794.06
2026-04-08 09:00:00+00:00,4794.05,4805.45,4776.39,4783.67
2026-04-08 10:00:00+00:00,4783.68,4794.65,4771.43,4782.89
2026-04-08 11:00:00+00:00,4782.89,4801.32,4778.57,4797.49
2026-04-08 12:00:00+00:00,4797.49,4806.03,4767.09,4800.05
2026-04-08 13:00:00+00:00,4800.05,4806.91,4767.41,4777.5
2026-04-08 14:00:00+00:00,4777.49,4790.75,4733.0,4737.24
2026-04-08 15:00:00+00:00,4737.24,4762.88,4735.04,4755.87
2026-04-08 16:00:00+00:00,4755.87,4764.56,4744.06,4759.34
2026-04-08 17:00:00+00:00,4759.35,4763.32,4732.26,4734.36
2026-04-08 18:00:00+00:00,4734.4,4744.56,4705.33,4706.68
2026-04-08 19:00:00+00:00,4706.67,4732.99,4699.13,4731.36
2026-04-08 20:00:00+00:00,4731.31,4732.56,4718.07,4721.9
2026-04-08 21:00:00+00:00,4721.91,4729.9,4720.89,4726.12
2026-04-08 22:00:00+00:00,4726.12,4732.58,4704.56,4718.01
2026-04-08 23:00:00+00:00,4718.02,4719.99,4705.46,4716.08
2026-04-09 00:00:00+00:00,4716.08,4719.37,4692.37,4706.73
2026-04-09 01:00:00+00:00,4706.74,4728.77,4700.21,4727.88
2026-04-09 02:00:00+00:00,4727.89,4732.66,4718.59,4720.2
2026-04-09 03:00:00+00:00,4720.2,4721.12,4707.24,4712.51
2026-04-09 04:00:00+00:00,4712.51,4725.31,4711.32,4720.53
2026-04-09 05:00:00+00:00,4720.54,4726.44,4708.12,4715.35
2026-04-09 06:00:00+00:00,4715.28,4725.85,4706.56,4714.44
2026-04-09 07:00:00+00:00,4714.44,4730.0,4708.81,4725.44
2026-04-09 08:00:00+00:00,4725.45,4733.17,4721.21,4726.42
2026-04-09 09:00:00+00:00,4726.41,4734.63,4724.2,4730.8
2026-04-09 10:00:00+00:00,4730.8,4745.7,4724.17,4741.32
2026-04-09 11:00:00+00:00,4741.2,4756.74,4738.24,4755.64
2026-04-09 12:00:00+00:00,4755.65,4758.68,4735.1,4745.7
2026-04-09 13:00:00+00:00,4745.74,4775.4,4738.7,4763.33
2026-04-09 14:00:00+00:00,4763.33,4774.9,4747.49,4767.37
2026-04-09 15:00:00+00:00,4767.38,4795.0,4759.33,4791.07
2026-04-09 16:00:00+00:00,4790.93,4799.0,4780.22,4785.2
2026-04-09 17:00:00+00:00,4785.21,4797.45,4783.21,4794.64
2026-04-09 18:00:00+00:00,4794.64,4794.65,4766.88,4771.3
2026-04-09 19:00:00+00:00,4771.3,4780.64,4765.1,4767.0
2026-04-09 20:00:00+00:00,4767.01,4771.8,4760.4,4765.55
2026-04-09 21:00:00+00:00,4765.54,4770.58,4763.46,4770.01
2026-04-09 22:00:00+00:00,4770.01,4778.95,4758.38,4763.56
2026-04-09 23:00:00+00:00,4763.56,4764.21,4756.95,4763.76
2026-04-10 00:00:00+00:00,4763.75,4763.75,4751.06,4762.92
2026-04-10 01:00:00+00:00,4762.91,4775.54,4758.35,4763.27
2026-04-10 02:00:00+00:00,4763.27,4763.98,4738.33,4751.07
2026-04-10 03:00:00+00:00,4751.15,4767.0,4751.15,4763.73
2026-04-10 04:00:00+00:00,4763.74,4768.53,4757.08,4757.71
2026-04-10 05:00:00+00:00,4757.73,4767.6,4757.0,4764.06
2026-04-10 06:00:00+00:00,4764.05,4764.05,4743.53,4746.21
2026-04-10 07:00:00+00:00,4746.2,4756.78,4742.0,4748.99
2026-04-10 08:00:00+00:00,4748.98,4752.96,4731.76,4741.65
2026-04-10 09:00:00+00:00,4741.66,4759.71,4741.66,4751.16
2026-04-10 10:00:00+00:00,4751.16,4759.0,4742.37,4756.07
2026-04-10 11:00:00+00:00,4756.07,4767.25,4752.85,4766.89
2026-04-10 12:00:00+00:00,4766.89,4780.67,4758.81,4770.56
2026-04-10 13:00:00+00:00,4770.56,4778.61,4764.17,4773.26
2026-04-10 14:00:00+00:00,4773.26,4794.24,4767.01,4773.36
2026-04-10 15:00:00+00:00,4773.36,4784.5,4754.13,4760.68
2026-04-10 16:00:00+00:00,4760.68,4764.71,4747.44,4763.02
2026-04-10 17:00:00+00:00,4763.16,4767.75,4757.54,4760.76
2026-04-10 18:00:00+00:00,4760.77,4772.34,4752.17,4765.79
2026-04-10 19:00:00+00:00,4765.72,4769.63,4757.84,4758.83
2026-04-10 20:00:00+00:00,4759.17,4759.32,4744.0,4750.56
2026-04-10 21:00:00+00:00,4750.52,4753.59,4748.04,4751.2
2026-04-10 22:00:00+00:00,4751.15,4751.64,4748.28,4749.29
2026-04-10 23:00:00+00:00,4749.29,4749.49,4747.56,4747.68
2026-04-11 00:00:00+00:00,4747.69,4747.82,4745.88,4747.82
2026-04-11 01:00:00+00:00,4747.82,4748.8,4746.4,4748.8
2026-04-11 02:00:00+00:00,4748.8,4749.2,4747.0,4748.0
2026-04-11 03:00:00+00:00,4747.99,4748.52,4747.52,4747.53
2026-04-11 04:00:00+00:00,4747.53,4748.38,4746.0,4747.71
2026-04-11 05:00:00+00:00,4747.71,4748.07,4746.05,4747.81
2026-04-11 06:00:00+00:00,4747.81,4748.25,4746.77,4747.55
2026-04-11 07:00:00+00:00,4747.55,4747.83,4747.32,4747.66
2026-04-11 08:00:00+00:00,4747.66,4749.45,4747.65,4749.24
2026-04-11 09:00:00+00:00,4749.23,4750.36,4749.08,4749.49
2026-04-11 10:00:00+00:00,4749.5,4749.5,4748.74,4748.74
2026-04-11 11:00:00+00:00,4748.74,4748.74,4747.92,4747.92
2026-04-11 12:00:00+00:00,4747.93,4747.93,4747.68,4747.68
2026-04-11 13:00:00+00:00,4747.68,4747.69,4747.2,4747.2
2026-04-11 14:00:00+00:00,4747.2,4751.15,4747.2,4748.6
2026-04-11 15:00:00+00:00,4748.6,4749.72,4748.16,4749.71
2026-04-11 16:00:00+00:00,4749.72,4751.32,4749.25,4749.35
2026-04-11 17:00:00+00:00,4749.35,4749.65,4747.63,4747.64
2026-04-11 18:00:00+00:00,4747.63,4753.4,4747.63,4752.36
2026-04-11 19:00:00+00:00,4752.37,4753.59,4751.62,4752.12
2026-04-11 20:00:00+00:00,4752.13,4752.82,4751.32,4751.46
2026-04-11 21:00:00+00:00,4751.46,4753.59,4750.4,4750.95
2026-04-11 22:00:00+00:00,4750.96,4751.76,4749.53,4750.17
2026-04-11 23:00:00+00:00,4750.17,4750.8,4749.6,4750.8
2026-04-12 00:00:00+00:00,4750.8,4752.16,4750.79,4752.16
2026-04-12 01:00:00+00:00,4752.16,4752.5,4740.79,4741.45
2026-04-12 02:00:00+00:00,4741.45,4742.39,4736.66,4740.19
2026-04-12 03:00:00+00:00,4740.19,4748.03,4740.08,4747.25
2026-04-12 04:00:00+00:00,4747.25,4747.26,4742.12,4743.18
2026-04-12 05:00:00+00:00,4743.18,4745.03,4742.1,4744.88
2026-04-12 06:00:00+00:00,4744.88,4744.89,4742.32,4742.33
2026-04-12 07:00:00+00:00,4742.33,4746.19,4741.74,4744.67
2026-04-12 08:00:00+00:00,4744.68,4744.68,4741.06,4743.31
2026-04-12 09:00:00+00:00,4743.31,4744.26,4741.12,4742.0
2026-04-12 10:00:00+00:00,4742.01,4743.26,4741.1,4741.83
2026-04-12 11:00:00+00:00,4741.83,4743.0,4741.5,4742.31
2026-04-12 12:00:00+00:00,4742.32,4742.32,4732.79,4732.79
2026-04-12 13:00:00+00:00,4732.79,4733.59,4724.54,4726.41
2026-04-12 14:00:00+00:00,4726.41,4732.52,4723.84,4731.47
2026-04-12 15:00:00+00:00,4731.48,4736.29,4731.47,4733.76
2026-04-12 16:00:00+00:00,4733.76,4733.76,4723.82,4726.68
2026-04-12 17:00:00+00:00,4726.67,4731.12,4726.67,4730.22
2026-04-12 18:00:00+00:00,4730.21,4730.22,4726.08,4728.17
2026-04-12 19:00:00+00:00,4728.18,4730.5,4726.9,4727.0
2026-04-12 20:00:00+00:00,4727.81,4727.81,4714.99,4714.99
2026-04-12 21:00:00+00:00,4715.0,4717.4,4710.0,4711.89
2026-04-12 22:00:00+00:00,4711.89,4711.89,4647.18,4661.39
2026-04-12 23:00:00+00:00,4661.39,4676.98,4648.81,4676.04
2026-04-13 00:00:00+00:00,4676.04,4699.27,4668.63,4696.46
2026-04-13 01:00:00+00:00,4696.46,4726.51,4695.07,4720.16
2026-04-13 02:00:00+00:00,4720.1,4725.71,4709.58,4719.6
2026-04-13 03:00:00+00:00,4719.59,4722.18,4711.0,4717.05
2026-04-13 04:00:00+00:00,4717.06,4723.11,4708.09,4721.56
2026-04-13 05:00:00+00:00,4721.55,4728.74,4715.13,4727.51
2026-04-13 06:00:00+00:00,4727.51,4731.6,4721.21,4724.62
2026-04-13 07:00:00+00:00,4724.62,4738.0,4724.56,4732.93
2026-04-13 08:00:00+00:00,4732.92,4737.56,4720.21,4722.78
2026-04-13 09:00:00+00:00,4722.78,4727.36,4711.0,4714.25
2026-04-13 10:00:00+00:00,4714.26,4723.77,4709.04,4722.83
2026-04-13 11:00:00+00:00,4722.84,4728.98,4703.76,4707.72
2026-04-13 12:00:00+00:00,4707.73,4723.85,4705.0,4722.48
2026-04-13 13:00:00+00:00,4722.48,4744.47,4721.44,4730.84
2026-04-13 14:00:00+00:00,4730.83,4731.59,4709.07,4718.38
2026-04-13 15:00:00+00:00,4718.38,4718.88,4700.69,4714.68
2026-04-13 16:00:00+00:00,4714.68,4746.08,4710.02,4732.55
2026-04-13 17:00:00+00:00,4732.56,4748.51,4725.57,4730.52
2026-04-13 18:00:00+00:00,4730.53,4739.98,4724.17,4737.27
2026-04-13 19:00:00+00:00,4737.27,4746.01,4730.27,4741.22
2026-04-13 20:00:00+00:00,4741.22,4743.16,4736.52,4740.34
2026-04-13 21:00:00+00:00,4740.35,4744.36,4739.35,4742.95
2026-04-13 22:00:00+00:00,4743.16,4759.4,4743.14,4758.63
2026-04-13 23:00:00+00:00,4758.63,4767.21,4752.66,4757.05
2026-04-14 00:00:00+00:00,4757.05,4773.88,4750.0,4767.81
2026-04-14 01:00:00+00:00,4767.83,4778.0,4760.75,4764.61
2026-04-14 02:00:00+00:00,4764.39,4774.77,4761.33,4773.08
2026-04-14 03:00:00+00:00,4773.08,4773.48,4765.02,4766.25
2026-04-14 04:00:00+00:00,4766.25,4773.99,4765.29,4771.56
2026-04-14 05:00:00+00:00,4771.56,4771.56,4756.93,4759.08
2026-04-14 06:00:00+00:00,4759.08,4780.66,4759.08,4779.34
2026-04-14 07:00:00+00:00,4779.6,4795.0,4768.69,4776.86
2026-04-14 08:00:00+00:00,4776.85,4789.0,4774.28,4785.75
2026-04-14 09:00:00+00:00,4785.83,4788.58,4772.82,4778.0
2026-04-14 10:00:00+00:00,4778.1,4786.4,4755.0,4767.76
2026-04-14 11:00:00+00:00,4767.75,4782.0,4766.31,4774.04
2026-04-14 12:00:00+00:00,4774.08,4776.84,4762.34,4771.16
2026-04-14 13:00:00+00:00,4771.16,4802.17,4770.78,4793.91
2026-04-14 14:00:00+00:00,4793.91,4818.11,4792.71,4801.92
2026-04-14 15:00:00+00:00,4801.91,4814.64,4790.72,4807.54
2026-04-14 16:00:00+00:00,4807.37,4817.89,4804.95,4808.08
2026-04-14 17:00:00+00:00,4808.08,4839.65,4807.68,4832.56
2026-04-14 18:00:00+00:00,4832.56,4840.2,4828.15,4835.09
2026-04-14 19:00:00+00:00,4835.1,4844.21,4835.1,4843.15
2026-04-14 20:00:00+00:00,4843.25,4844.28,4836.62,4838.34
2026-04-14 21:00:00+00:00,4838.35,4839.44,4826.24,4835.28
2026-04-14 22:00:00+00:00,4835.29,4849.97,4830.88,4833.13
2026-04-14 23:00:00+00:00,4833.14,4842.32,4831.99,4835.52
2026-04-15 00:00:00+00:00,4835.51,4838.59,4824.52,4833.24
2026-04-15 01:00:00+00:00,4833.23,4873.03,4826.88,4845.4
2026-04-15 02:00:00+00:00,4845.4,4851.34,4819.01,4822.82
2026-04-15 03:00:00+00:00,4822.83,4829.18,4816.51,4823.97
2026-04-15 04:00:00+00:00,4823.98,4827.11,4820.4,4825.54
2026-04-15 05:00:00+00:00,4825.54,4829.16,4812.4,4819.13
2026-04-15 06:00:00+00:00,4819.24,4823.95,4811.09,4811.22
2026-04-15 07:00:00+00:00,4811.23,4816.31,4804.01,4811.88
2026-04-15 08:00:00+00:00,4811.87,4821.16,4806.0,4818.7
2026-04-15 09:00:00+00:00,4818.71,4819.49,4788.0,4798.57
2026-04-15 10:00:00+00:00,4798.56,4805.63,4790.9,4801.14
2026-04-15 11:00:00+00:00,4801.15,4814.99,4796.91,4812.98
2026-04-15 12:00:00+00:00,4812.97,4816.59,4807.52,4812.34
2026-04-15 13:00:00+00:00,4812.33,4831.23,4809.73,4830.66
2026-04-15 14:00:00+00:00,4830.65,4831.99,4813.96,4816.5
2026-04-15 15:00:00+00:00,4816.51,4817.23,4789.0,4803.06
2026-04-15 16:00:00+00:00,4803.05,4813.2,4802.09,4805.64
2026-04-15 17:00:00+00:00,4805.64,4809.98,4793.56,4794.67
2026-04-15 18:00:00+00:00,4794.71,4803.96,4792.29,4801.68
2026-04-15 19:00:00+00:00,4801.69,4805.16,4796.43,4797.17
2026-04-15 20:00:00+00:00,4797.04,4797.75,4789.0,4792.44
2026-04-15 21:00:00+00:00,4792.44,4801.2,4790.36,4795.9
2026-04-15 22:00:00+00:00,4795.91,4812.6,4792.14,4809.13
2026-04-15 23:00:00+00:00,4809.13,4826.7,4809.0,4822.41
2026-04-16 00:00:00+00:00,4822.4,4836.37,4819.08,4831.28
2026-04-16 01:00:00+00:00,4831.29,4834.44,4811.05,4816.68
2026-04-16 02:00:00+00:00,4816.69,4824.23,4813.11,4820.38
2026-04-16 03:00:00+00:00,4820.38,4826.8,4819.06,4823.29
2026-04-16 04:00:00+00:00,4823.29,4832.59,4822.06,4832.05
2026-04-16 05:00:00+00:00,4832.06,4837.49,4821.65,4821.66
2026-04-16 06:00:00+00:00,4821.66,4828.82,4814.3,4825.33
2026-04-16 07:00:00+00:00,4825.33,4828.85,4817.8,4820.88
2026-04-16 08:00:00+00:00,4820.88,4821.44,4807.42,4814.53
2026-04-16 09:00:00+00:00,4814.53,4818.27,4807.26,4813.6
2026-04-16 10:00:00+00:00,4813.65,4817.89,4806.36,4817.76
2026-04-16 11:00:00+00:00,4817.76,4822.26,4816.03,4821.91
2026-04-16 12:00:00+00:00,4821.92,4823.59,4812.31,4816.86
2026-04-16 13:00:00+00:00,4816.86,4824.45,4787.28,4796.54
2026-04-16 14:00:00+00:00,4796.54,4806.82,4775.67,4790.21
2026-04-16 15:00:00+00:00,4790.2,4812.9,4789.56,4807.37
2026-04-16 16:00:00+00:00,4807.38,4809.82,4786.9,4793.17
2026-04-16 17:00:00+00:00,4793.17,4797.18,4782.6,4790.75
2026-04-16 18:00:00+00:00,4790.75,4795.29,4787.76,4791.82
2026-04-16 19:00:00+00:00,4791.82,4801.2,4791.69,4796.28
2026-04-16 20:00:00+00:00,4796.2,4796.4,4788.51,4792.86
2026-04-16 21:00:00+00:00,4792.87,4793.9,4784.67,4789.41
2026-04-16 22:00:00+00:00,4789.41,4799.02,4789.41,4797.2
2026-04-16 23:00:00+00:00,4797.19,4797.29,4790.76,4791.09
2026-04-17 00:00:00+00:00,4791.07,4801.23,4785.59,4795.99
2026-04-17 01:00:00+00:00,4795.98,4796.39,4769.86,4789.81
2026-04-17 02:00:00+00:00,4789.81,4794.6,4784.88,4785.07
2026-04-17 03:00:00+00:00,4785.07,4797.83,4785.07,4792.93
2026-04-17 04:00:00+00:00,4792.92,4804.65,4792.69,4803.5
2026-04-17 05:00:00+00:00,4803.49,4805.72,4794.37,4794.91
2026-04-17 06:00:00+00:00,4794.74,4795.26,4780.23,4786.08
2026-04-17 07:00:00+00:00,4786.08,4794.17,4781.0,4785.73
2026-04-17 08:00:00+00:00,4785.73,4797.16,4782.72,4796.6
2026-04-17 09:00:00+00:00,4796.6,4800.78,4791.56,4792.09
2026-04-17 10:00:00+00:00,4792.1,4794.31,4784.81,4789.12
2026-04-17 11:00:00+00:00,4789.11,4811.51,4785.48,4800.37
2026-04-17 12:00:00+00:00,4800.37,4847.74,4799.12,4846.49
2026-04-17 13:00:00+00:00,4846.5,4889.97,4835.16,4879.38
2026-04-17 14:00:00+00:00,4879.48,4884.34,4860.88,4872.37
2026-04-17 15:00:00+00:00,4872.48,4879.08,4855.4,4866.03
2026-04-17 16:00:00+00:00,4866.04,4872.48,4862.88,4866.56
2026-04-17 17:00:00+00:00,4866.75,4869.33,4850.18,4861.56
2026-04-17 18:00:00+00:00,4861.6,4866.59,4853.68,4857.13
2026-04-17 19:00:00+00:00,4857.12,4859.27,4851.48,4853.49
2026-04-17 20:00:00+00:00,4853.66,4853.67,4831.11,4832.53
2026-04-17 21:00:00+00:00,4832.52,4836.96,4832.22,4833.91
2026-04-17 22:00:00+00:00,4833.92,4835.75,4833.12,4833.74
2026-04-17 23:00:00+00:00,4833.75,4835.75,4833.74,4835.2
2026-04-18 00:00:00+00:00,4835.21,4835.75,4835.2,4835.59
2026-04-18 01:00:00+00:00,4835.6,4835.67,4834.02,4834.33
2026-04-18 02:00:00+00:00,4834.34,4834.73,4833.64,4833.65
2026-04-18 03:00:00+00:00,4833.64,4833.65,4828.98,4829.64
2026-04-18 04:00:00+00:00,4829.64,4831.56,4829.04,4830.72
2026-04-18 05:00:00+00:00,4830.73,4831.21,4830.36,4831.07
2026-04-18 06:00:00+00:00,4831.07,4832.11,4831.07,4832.1
2026-04-18 07:00:00+00:00,4832.11,4832.11,4830.0,4830.0
2026-04-18 08:00:00+00:00,4830.01,4831.08,4824.4,4827.79
2026-04-18 09:00:00+00:00,4827.79,4827.95,4823.36,4824.26
2026-04-18 10:00:00+00:00,4824.26,4826.63,4822.2,4824.13
2026-04-18 11:00:00+00:00,4824.14,4825.52,4822.54,4824.2
2026-04-18 12:00:00+00:00,4824.2,4824.2,4817.72,4820.24
2026-04-18 13:00:00+00:00,4820.23,4822.0,4820.0,4821.99
2026-04-18 14:00:00+00:00,4822.0,4825.31,4822.0,4825.01
2026-04-18 15:00:00+00:00,4825.01,4827.11,4825.0,4826.14
2026-04-18 16:00:00+00:00,4826.13,4826.95,4824.23,4825.2
2026-04-18 17:00:00+00:00,4825.2,4826.38,4823.88,4824.28
2026-04-18 18:00:00+00:00,4824.28,4825.2,4818.88,4820.52
2026-04-18 19:00:00+00:00,4820.52,4825.73,4817.31,4824.49
2026-04-18 20:00:00+00:00,4824.49,4826.64,4823.73,4825.05
2026-04-18 21:00:00+00:00,4825.05,4826.24,4820.53,4823.55
2026-04-18 22:00:00+00:00,4823.55,4824.95,4821.75,4824.57
2026-04-18 23:00:00+00:00,4824.57,4825.72,4820.03,4820.04
2026-04-19 00:00:00+00:00,4820.03,4820.03,4813.58,4819.73
2026-04-19 01:00:00+00:00,4819.73,4823.52,4818.32,4820.22
2026-04-19 02:00:00+00:00,4820.28,4822.04,4820.08,4821.9
2026-04-19 03:00:00+00:00,4821.91,4827.94,4819.25,4825.99
2026-04-19 04:00:00+00:00,4825.98,4827.07,4821.5,4822.5
2026-04-19 05:00:00+00:00,4822.5,4823.27,4821.18,4821.74
2026-04-19 06:00:00+00:00,4821.74,4822.99,4817.3,4820.46
2026-04-19 07:00:00+00:00,4820.46,4821.44,4815.6,4820.33
2026-04-19 08:00:00+00:00,4820.32,4820.32,4815.49,4818.8
2026-04-19 09:00:00+00:00,4818.85,4819.29,4815.1,4817.78
2026-04-19 10:00:00+00:00,4817.77,4822.0,4817.14,4821.19
2026-04-19 11:00:00+00:00,4821.19,4825.88,4821.18,4823.58
2026-04-19 12:00:00+00:00,4823.58,4823.58,4817.31,4819.13
2026-04-19 13:00:00+00:00,4819.12,4825.0,4819.12,4821.74
2026-04-19 14:00:00+00:00,4821.74,4822.0,4817.28,4820.7
2026-04-19 15:00:00+00:00,4820.7,4821.9,4820.01,4820.26
2026-04-19 16:00:00+00:00,4820.26,4820.26,4811.59,4813.73
2026-04-19 17:00:00+00:00,4813.73,4813.73,4806.5,4809.05
2026-04-19 18:00:00+00:00,4809.05,4811.24,4804.18,4804.19
2026-04-19 19:00:00+00:00,4804.18,4813.6,4802.3,4813.6
2026-04-19 20:00:00+00:00,4813.59,4813.59,4785.0,4786.0
2026-04-19 21:00:00+00:00,4786.0,4786.0,4782.36,4782.36
2026-04-19 22:00:00+00:00,4782.36,4798.56,4768.25,4784.08
2026-04-19 23:00:00+00:00,4784.09,4785.67,4744.78,4761.26
2026-04-20 00:00:00+00:00,4761.04,4775.44,4749.06,4773.6
2026-04-20 01:00:00+00:00,4773.61,4814.5,4772.23,4808.6
2026-04-20 02:00:00+00:00,4808.61,4809.83,4794.85,4798.32
2026-04-20 03:00:00+00:00,4798.31,4799.67,4791.12,4793.31
2026-04-20 04:00:00+00:00,4793.31,4797.28,4789.46,4790.63
2026-04-20 05:00:00+00:00,4790.64,4797.17,4781.28,4791.31
2026-04-20 06:00:00+00:00,4791.38,4796.81,4785.4,4796.8
2026-04-20 07:00:00+00:00,4796.8,4807.0,4788.36,4790.92
2026-04-20 08:00:00+00:00,4790.99,4797.69,4788.0,4796.64
2026-04-20 09:00:00+00:00,4796.64,4798.48,4786.0,4792.63
2026-04-20 10:00:00+00:00,4792.63,4801.36,4791.35,4796.43
2026-04-20 11:00:00+00:00,4796.44,4811.88,4788.0,4811.41
2026-04-20 12:00:00+00:00,4811.41,4822.28,4800.31,4804.67
2026-04-20 13:00:00+00:00,4804.67,4826.09,4801.7,4818.37
2026-04-20 14:00:00+00:00,4818.37,4827.23,4795.23,4805.31
2026-04-20 15:00:00+00:00,4805.31,4810.94,4794.88,4801.27
2026-04-20 16:00:00+00:00,4801.27,4807.89,4795.62,4807.67
2026-04-20 17:00:00+00:00,4807.67,4812.62,4805.88,4807.5
2026-04-20 18:00:00+00:00,4807.51,4817.95,4807.51,4815.42
2026-04-20 19:00:00+00:00,4815.42,4821.85,4811.28,4814.88
2026-04-20 20:00:00+00:00,4814.9,4821.72,4812.81,4820.49
2026-04-20 21:00:00+00:00,4820.48,4826.16,4818.6,4825.18
2026-04-20 22:00:00+00:00,4825.18,4832.36,4823.06,4827.67
2026-04-20 23:00:00+00:00,4827.67,4830.98,4819.09,4820.98
2026-04-21 00:00:00+00:00,4820.99,4829.66,4816.01,4823.16
2026-04-21 01:00:00+00:00,4823.16,4823.78,4807.63,4811.35
2026-04-21 02:00:00+00:00,4811.34,4811.35,4803.33,4807.31
2026-04-21 03:00:00+00:00,4807.31,4808.46,4794.25,4799.07
2026-04-21 04:00:00+00:00,4799.06,4799.14,4791.11,4791.84
2026-04-21 05:00:00+00:00,4791.85,4798.17,4786.09,4787.1
2026-04-21 06:00:00+00:00,4787.1,4790.64,4777.18,4780.84
2026-04-21 07:00:00+00:00,4780.83,4793.36,4776.0,4788.09
2026-04-21 08:00:00+00:00,4788.08,4794.5,4778.0,4788.51
2026-04-21 09:00:00+00:00,4788.5,4790.73,4783.1,4785.5
2026-04-21 10:00:00+00:00,4785.5,4792.16,4782.84,4791.12
2026-04-21 11:00:00+00:00,4791.12,4798.6,4780.0,4795.52
2026-04-21 12:00:00+00:00,4795.53,4797.74,4768.47,4780.81
2026-04-21 13:00:00+00:00,4780.81,4794.71,4763.46,4781.03
2026-04-21 14:00:00+00:00,4781.03,4784.0,4728.08,4741.68
2026-04-21 15:00:00+00:00,4741.68,4758.8,4731.06,4744.75
2026-04-21 16:00:00+00:00,4744.75,4750.05,4713.4,4715.7
2026-04-21 17:00:00+00:00,4715.64,4726.87,4702.02,4714.88
2026-04-21 18:00:00+00:00,4714.88,4717.8,4696.03,4711.9
2026-04-21 19:00:00+00:00,4711.89,4717.44,4672.33,4683.7
2026-04-21 20:00:00+00:00,4683.57,4722.78,4674.24,4722.35
2026-04-21 21:00:00+00:00,4722.32,4729.0,4720.25,4729.0
2026-04-21 22:00:00+00:00,4728.99,4731.5,4717.5,4721.8
2026-04-21 23:00:00+00:00,4721.79,4742.1,4720.68,4739.91
2026-04-22 00:00:00+00:00,4739.92,4748.15,4739.92,4741.62
2026-04-22 01:00:00+00:00,4741.55,4755.86,4736.67,4754.16
2026-04-22 02:00:00+00:00,4754.16,4759.39,4752.0,4757.04
2026-04-22 03:00:00+00:00,4757.03,4766.4,4754.8,4759.37
2026-04-22 04:00:00+00:00,4759.37,4760.57,4753.52,4755.57
2026-04-22 05:00:00+00:00,4755.56,4773.59,4753.57,4768.58
2026-04-22 06:00:00+00:00,4768.59,4769.12,4761.39,4768.88
2026-04-22 07:00:00+00:00,4768.87,4772.69,4761.72,4762.5
2026-04-22 08:00:00+00:00,4762.51,4763.16,4754.0,4758.22
2026-04-22 09:00:00+00:00,4758.22,4762.92,4754.58,4756.38
2026-04-22 10:00:00+00:00,4756.38,4760.86,4747.7,4759.87
2026-04-22 11:00:00+00:00,4759.87,4761.94,4750.34,4752.44
2026-04-22 12:00:00+00:00,4752.45,4760.95,4744.36,4745.39
2026-04-22 13:00:00+00:00,4745.39,4761.96,4739.0,4755.3
2026-04-22 14:00:00+00:00,4755.29,4759.03,4732.42,4738.27
2026-04-22 15:00:00+00:00,4738.28,4741.9,4728.44,4730.95
2026-04-22 16:00:00+00:00,4730.96,4738.0,4727.53,4731.64
2026-04-22 17:00:00+00:00,4731.63,4742.16,4731.63,4740.85
2026-04-22 18:00:00+00:00,4740.85,4752.72,4734.0,4745.31
2026-04-22 19:00:00+00:00,4745.49,4747.28,4740.45,4742.54
2026-04-22 20:00:00+00:00,4742.55,4743.86,4738.48,4742.63
2026-04-22 21:00:00+00:00,4742.6,4751.5,4742.59,4746.66
2026-04-22 22:00:00+00:00,4746.66,4747.65,4729.31,4729.56
2026-04-22 23:00:00+00:00,4729.56,4731.0,4725.74,4729.52
2026-04-23 00:00:00+00:00,4729.53,4754.83,4696.68,4749.2
2026-04-23 01:00:00+00:00,4749.19,4751.01,4725.0,4725.72
2026-04-23 02:00:00+00:00,4725.72,4726.37,4701.9,4702.65
2026-04-23 03:00:00+00:00,4702.65,4711.0,4702.2,4707.28
2026-04-23 04:00:00+00:00,4707.27,4709.87,4702.56,4706.89
2026-04-23 05:00:00+00:00,4706.85,4717.23,4695.51,4715.83
2026-04-23 06:00:00+00:00,4715.86,4723.87,4712.13,4716.76
2026-04-23 07:00:00+00:00,4716.76,4721.99,4707.01,4720.51
2026-04-23 08:00:00+00:00,4720.51,4726.41,4704.66,4706.52
2026-04-23 09:00:00+00:00,4706.52,4706.52,4697.82,4699.67
2026-04-23 10:00:00+00:00,4699.66,4703.65,4686.5,4698.49
2026-04-23 11:00:00+00:00,4698.49,4722.68,4698.12,4722.38
2026-04-23 12:00:00+00:00,4722.37,4744.52,4721.84,4741.69
2026-04-23 13:00:00+00:00,4741.7,4742.65,4725.88,4727.02
2026-04-23 14:00:00+00:00,4727.02,4739.04,4719.76,4736.25
2026-04-23 15:00:00+00:00,4736.25,4742.99,4719.03,4723.55
2026-04-23 16:00:00+00:00,4723.56,4738.7,4719.18,4734.7
2026-04-23 17:00:00+00:00,4734.7,4735.86,4669.33,4711.44
2026-04-23 18:00:00+00:00,4711.45,4723.95,4702.14,4703.3
2026-04-23 19:00:00+00:00,4703.3,4706.54,4693.16,4699.07
2026-04-23 20:00:00+00:00,4699.19,4701.69,4690.44,4697.97
2026-04-23 21:00:00+00:00,4697.97,4709.63,4697.97,4706.29
2026-04-23 22:00:00+00:00,4706.3,4707.57,4693.08,4695.99
2026-04-23 23:00:00+00:00,4696.0,4702.79,4690.01,4697.38
2026-04-24 00:00:00+00:00,4697.38,4710.2,4694.0,4706.28
2026-04-24 01:00:00+00:00,4706.29,4712.74,4693.2,4701.12
2026-04-24 02:00:00+00:00,4701.13,4701.84,4675.51,4678.81
2026-04-24 03:00:00+00:00,4678.81,4680.88,4670.84,4675.66
2026-04-24 04:00:00+00:00,4675.66,4678.6,4661.01,4676.5
2026-04-24 05:00:00+00:00,4676.5,4688.94,4672.0,4688.32
2026-04-24 06:00:00+00:00,4688.32,4689.6,4670.22,4674.87
2026-04-24 07:00:00+00:00,4675.0,4696.61,4673.97,4696.27
2026-04-24 08:00:00+00:00,4696.27,4698.81,4688.05,4693.12
2026-04-24 09:00:00+00:00,4693.12,4698.21,4682.45,4685.04
2026-04-24 10:00:00+00:00,4685.0,4688.04,4678.0,4679.8
2026-04-24 11:00:00+00:00,4679.88,4719.03,4679.88,4708.44
2026-04-24 12:00:00+00:00,4708.44,4713.37,4692.72,4702.8
2026-04-24 13:00:00+00:00,4702.81,4719.18,4692.59,4713.65
2026-04-24 14:00:00+00:00,4713.66,4740.23,4709.4,4728.45
2026-04-24 15:00:00+00:00,4728.45,4736.52,4718.6,4729.3
2026-04-24 16:00:00+00:00,4729.3,4731.5,4721.88,4728.96
2026-04-24 17:00:00+00:00,4728.96,4731.57,4722.24,4726.05
2026-04-24 18:00:00+00:00,4726.06,4727.27,4720.02,4726.22
2026-04-24 19:00:00+00:00,4726.22,4729.2,4716.53,4718.95
2026-04-24 20:00:00+00:00,4718.95,4719.95,4709.5,4715.64
2026-04-24 21:00:00+00:00,4715.65,4716.42,4711.99,4712.02
2026-04-24 22:00:00+00:00,4712.03,4714.23,4708.14,4708.86
2026-04-24 23:00:00+00:00,4708.86,4709.63,4708.85,4709.63
2026-04-25 00:00:00+00:00,4709.62,4711.0,4709.62,4710.98
2026-04-25 01:00:00+00:00,4710.99,4712.3,4710.98,4712.3
2026-04-25 02:00:00+00:00,4712.3,4712.64,4712.29,4712.63
2026-04-25 03:00:00+00:00,4712.64,4712.64,4711.8,4711.8
2026-04-25 04:00:00+00:00,4711.8,4711.82,4711.2,4711.68
2026-04-25 05:00:00+00:00,4711.68,4711.68,4711.67,4711.68
2026-04-25 06:00:00+00:00,4711.68,4711.68,4711.67,4711.67
2026-04-25 07:00:00+00:00,4711.68,4712.76,4711.67,4712.14
2026-04-25 08:00:00+00:00,4712.14,4712.77,4712.14,4712.76
2026-04-25 09:00:00+00:00,4712.77,4712.77,4712.76,4712.77
2026-04-25 10:00:00+00:00,4712.77,4712.77,4712.52,4712.53
2026-04-25 11:00:00+00:00,4712.53,4712.53,4711.46,4711.46
2026-04-25 12:00:00+00:00,4711.46,4711.53,4711.35,4711.53
2026-04-25 13:00:00+00:00,4711.53,4712.77,4711.52,4712.77
2026-04-25 14:00:00+00:00,4712.76,4712.77,4711.78,4711.78
2026-04-25 15:00:00+00:00,4711.79,4712.16,4711.52,4711.53
2026-04-25 16:00:00+00:00,4711.52,4711.53,4709.92,4710.38
2026-04-25 17:00:00+00:00,4710.39,4710.39,4710.38,4710.39
2026-04-25 18:00:00+00:00,4710.39,4710.39,4710.38,4710.38
2026-04-25 19:00:00+00:00,4710.39,4711.93,4710.38,4711.7
2026-04-25 20:00:00+00:00,4711.7,4712.71,4711.69,4712.71
2026-04-25 21:00:00+00:00,4712.71,4712.77,4712.41,4712.76
2026-04-25 22:00:00+00:00,4712.77,4714.57,4712.16,4714.56
2026-04-25 23:00:00+00:00,4714.57,4714.57,4710.05,4710.27
2026-04-26 00:00:00+00:00,4710.27,4711.17,4709.2,4711.16
2026-04-26 01:00:00+00:00,4711.17,4713.0,4711.08,4712.86
2026-04-26 02:00:00+00:00,4712.87,4713.0,4712.47,4712.76
2026-04-26 03:00:00+00:00,4712.75,4712.76,4711.61,4711.62
2026-04-26 04:00:00+00:00,4711.61,4713.0,4711.61,4712.99
2026-04-26 05:00:00+00:00,4712.99,4712.99,4712.97,4712.99
2026-04-26 06:00:00+00:00,4712.99,4712.99,4712.56,4712.57
2026-04-26 07:00:00+00:00,4712.57,4712.57,4712.04,4712.23
2026-04-26 08:00:00+00:00,4712.24,4713.6,4712.23,4713.59
2026-04-26 09:00:00+00:00,4713.6,4713.6,4712.29,4712.6
2026-04-26 10:00:00+00:00,4712.61,4713.02,4712.49,4713.02
2026-04-26 11:00:00+00:00,4713.02,4713.69,4712.91,4712.92
2026-04-26 12:00:00+00:00,4712.91,4713.51,4712.91,4713.25
2026-04-26 13:00:00+00:00,4713.25,4713.25,4712.91,4713.22
2026-04-26 14:00:00+00:00,4713.22,4714.36,4712.99,4713.03
2026-04-26 15:00:00+00:00,4713.04,4713.04,4711.44,4711.45
2026-04-26 16:00:00+00:00,4711.44,4714.5,4711.44,4714.49
2026-04-26 17:00:00+00:00,4714.49,4720.95,4714.49,4717.89
2026-04-26 18:00:00+00:00,4717.89,4723.41,4716.8,4716.8
2026-04-26 19:00:00+00:00,4716.8,4718.25,4713.85,4714.91
2026-04-26 20:00:00+00:00,4714.89,4718.99,4714.89,4717.39
2026-04-26 21:00:00+00:00,4717.39,4717.66,4709.32,4712.51
2026-04-26 22:00:00+00:00,4712.5,4712.51,4683.13,4687.38
2026-04-26 23:00:00+00:00,4687.32,4688.28,4677.14,4683.2
2026-04-27 00:00:00+00:00,4683.21,4700.88,4676.16,4700.76
2026-04-27 01:00:00+00:00,4700.76,4711.35,4693.68,4704.84
2026-04-27 02:00:00+00:00,4704.83,4725.25,4698.36,4720.68
2026-04-27 03:00:00+00:00,4720.67,4730.93,4716.5,4726.19
2026-04-27 04:00:00+00:00,4726.19,4731.55,4724.35,4726.56
2026-04-27 05:00:00+00:00,4726.56,4727.0,4711.28,4712.56
2026-04-27 06:00:00+00:00,4712.56,4717.62,4711.13,4714.79
2026-04-27 07:00:00+00:00,4714.8,4719.9,4713.18,4715.9
2026-04-27 08:00:00+00:00,4715.9,4717.2,4708.0,4709.76
2026-04-27 09:00:00+00:00,4709.76,4710.9,4702.4,4706.64
2026-04-27 10:00:00+00:00,4706.65,4713.0,4702.23,4710.64
2026-04-27 11:00:00+00:00,4710.65,4710.99,4703.0,4706.87
2026-04-27 12:00:00+00:00,4706.88,4715.21,4700.13,4702.05
2026-04-27 13:00:00+00:00,4702.05,4705.2,4692.05,4698.97
2026-04-27 14:00:00+00:00,4698.97,4699.69,4680.21,4681.9
2026-04-27 15:00:00+00:00,4681.9,4685.3,4670.92,4673.55
2026-04-27 16:00:00+00:00,4673.56,4682.0,4670.4,4679.53
2026-04-27 17:00:00+00:00,4679.53,4688.4,4671.89,4685.93
2026-04-27 18:00:00+00:00,4685.93,4688.94,4682.8,4685.15
2026-04-27 19:00:00+00:00,4685.15,4686.6,4680.66,4684.45
2026-04-27 20:00:00+00:00,4684.46,4686.33,4681.38,4686.32
2026-04-27 21:00:00+00:00,4686.32,4690.0,4686.29,4687.9
2026-04-27 22:00:00+00:00,4687.91,4692.93,4685.62,4690.55
2026-04-27 23:00:00+00:00,4690.55,4697.91,4689.68,4693.94
2026-04-28 00:00:00+00:00,4693.94,4703.12,4692.31,4692.39
2026-04-28 01:00:00+00:00,4692.39,4693.92,4670.89,4673.48
2026-04-28 02:00:00+00:00,4673.47,4683.07,4669.18,4671.55
2026-04-28 03:00:00+00:00,4671.55,4678.44,4671.36,4673.18
2026-04-28 04:00:00+00:00,4673.18,4673.72,4668.54,4670.0
2026-04-28 05:00:00+00:00,4670.01,4670.47,4627.54,4635.85
2026-04-28 06:00:00+00:00,4635.85,4645.0,4625.01,4632.32
2026-04-28 07:00:00+00:00,4632.32,4642.18,4623.49,4635.68
2026-04-28 08:00:00+00:00,4635.68,4638.12,4618.0,4632.91
2026-04-28 09:00:00+00:00,4632.91,4632.96,4608.55,4608.77
2026-04-28 10:00:00+00:00,4608.77,4619.6,4606.75,4606.91
2026-04-28 11:00:00+00:00,4606.9,4611.47,4558.4,4566.73
2026-04-28 12:00:00+00:00,4566.73,4602.24,4558.92,4596.52
2026-04-28 13:00:00+00:00,4596.52,4596.76,4574.0,4583.75
2026-04-28 14:00:00+00:00,4583.74,4583.74,4561.8,4578.17
2026-04-28 15:00:00+00:00,4578.27,4589.2,4570.51,4589.2
2026-04-28 16:00:00+00:00,4589.21,4597.3,4581.45,4595.18
2026-04-28 17:00:00+00:00,4595.19,4604.63,4590.09,4597.61
2026-04-28 18:00:00+00:00,4597.61,4603.07,4595.17,4597.11
2026-04-28 19:00:00+00:00,4597.12,4602.74,4596.8,4599.43
2026-04-28 20:00:00+00:00,4599.44,4602.28,4593.85,4600.03
2026-04-28 21:00:00+00:00,4600.03,4603.22,4598.22,4603.21
2026-04-28 22:00:00+00:00,4603.21,4603.21,4595.28,4596.79
2026-04-28 23:00:00+00:00,4596.79,4598.21,4590.28,4597.88
2026-04-29 00:00:00+00:00,4597.87,4613.5,4597.24,4602.71
2026-04-29 01:00:00+00:00,4602.72,4602.72,4578.25,4587.59
2026-04-29 02:00:00+00:00,4587.59,4606.41,4587.59,4595.9
2026-04-29 03:00:00+00:00,4595.89,4606.25,4595.26,4598.55
2026-04-29 04:00:00+00:00,4598.56,4609.01,4598.56,4608.05
2026-04-29 05:00:00+00:00,4608.04,4610.95,4594.66,4594.66
2026-04-29 06:00:00+00:00,4594.66,4601.49,4584.37,4588.14
2026-04-29 07:00:00+00:00,4588.14,4592.25,4571.62,4571.9
2026-04-29 08:00:00+00:00,4571.91,4580.69,4562.0,4577.44
2026-04-29 09:00:00+00:00,4577.44,4584.3,4556.63,4560.94
2026-04-29 10:00:00+00:00,4560.77,4580.6,4560.23,4573.03
2026-04-29 11:00:00+00:00,4573.03,4575.83,4563.08,4565.53
2026-04-29 12:00:00+00:00,4565.53,4572.4,4544.17,4548.32
2026-04-29 13:00:00+00:00,4548.32,4557.44,4515.12,4526.31
2026-04-29 14:00:00+00:00,4526.31,4546.52,4522.65,4542.47
2026-04-29 15:00:00+00:00,4542.48,4561.0,4539.05,4550.26
2026-04-29 16:00:00+00:00,4550.26,4567.53,4547.43,4548.67
2026-04-29 17:00:00+00:00,4548.73,4558.2,4546.38,4551.8
2026-04-29 18:00:00+00:00,4551.79,4556.46,4523.2,4542.42
2026-04-29 19:00:00+00:00,4542.42,4554.76,4537.33,4550.12
2026-04-29 20:00:00+00:00,4550.13,4556.92,4545.0,4549.23
2026-04-29 21:00:00+00:00,4549.23,4554.36,4548.61,4551.16
2026-04-29 22:00:00+00:00,4551.16,4554.53,4542.56,4554.38
2026-04-29 23:00:00+00:00,4554.39,4564.2,4553.1,4564.15
2026-04-30 00:00:00+00:00,4564.15,4577.0,4559.34,4572.45
2026-04-30 01:00:00+00:00,4572.44,4584.52,4567.63,4581.49
2026-04-30 02:00:00+00:00,4581.49,4583.81,4563.09,4568.19
2026-04-30 03:00:00+00:00,4568.18,4572.3,4558.64,4558.74
2026-04-30 04:00:00+00:00,4558.73,4559.12,4544.17,4544.95
2026-04-30 05:00:00+00:00,4544.95,4572.67,4544.87,4565.0
2026-04-30 06:00:00+00:00,4565.0,4593.71,4562.37,4591.51
2026-04-30 07:00:00+00:00,4591.62,4607.43,4586.97,4600.75
2026-04-30 08:00:00+00:00,4600.75,4630.97,4599.66,4619.67
2026-04-30 09:00:00+00:00,4619.67,4634.48,4617.24,4627.83
2026-04-30 10:00:00+00:00,4627.84,4648.45,4626.41,4642.0
2026-04-30 11:00:00+00:00,4642.0,4647.99,4630.0,4633.12
2026-04-30 12:00:00+00:00,4633.12,4642.55,4628.14,4641.92
2026-04-30 13:00:00+00:00,4641.92,4648.62,4613.8,4614.1
2026-04-30 14:00:00+00:00,4614.04,4627.84,4612.53,4622.16
2026-04-30 15:00:00+00:00,4622.16,4628.04,4614.64,4618.21
2026-04-30 16:00:00+00:00,4618.21,4620.76,4608.72,4611.03
2026-04-30 17:00:00+00:00,4611.04,4624.4,4611.04,4619.38
2026-04-30 18:00:00+00:00,4619.38,4627.9,4619.38,4625.53
2026-04-30 19:00:00+00:00,4625.52,4631.73,4617.85,4619.45
2026-04-30 20:00:00+00:00,4619.45,4625.2,4618.44,4625.2
2026-04-30 21:00:00+00:00,4625.22,4626.0,4622.67,4623.26
2026-04-30 22:00:00+00:00,4623.26,4636.53,4623.23,4632.96
2026-04-30 23:00:00+00:00,4632.95,4636.64,4629.1,4629.11
2026-05-01 00:00:00+00:00,4629.11,4633.39,4621.42,4622.88
2026-05-01 01:00:00+00:00,4622.87,4624.42,4616.75,4622.95
2026-05-01 02:00:00+00:00,4622.94,4637.88,4619.58,4621.6
2026-05-01 03:00:00+00:00,4621.59,4634.21,4620.6,4629.12
2026-05-01 04:00:00+00:00,4629.13,4630.88,4612.6,4612.62
2026-05-01 05:00:00+00:00,4612.63,4619.39,4606.12,4608.01
2026-05-01 06:00:00+00:00,4608.06,4610.72,4593.47,4598.24
2026-05-01 07:00:00+00:00,4598.24,4601.19,4580.65,4582.69
2026-05-01 08:00:00+00:00,4582.68,4586.86,4570.26,4573.2
2026-05-01 09:00:00+00:00,4573.21,4577.37,4565.04,4567.85
2026-05-01 10:00:00+00:00,4567.84,4581.68,4566.72,4571.71
2026-05-01 11:00:00+00:00,4571.71,4583.7,4568.3,4583.26
2026-05-01 12:00:00+00:00,4583.26,4611.34,4580.0,4593.75
2026-05-01 13:00:00+00:00,4593.75,4631.66,4589.12,4629.8
2026-05-01 14:00:00+00:00,4629.79,4661.28,4628.67,4634.35
2026-05-01 15:00:00+00:00,4634.47,4649.25,4621.56,4644.11
2026-05-01 16:00:00+00:00,4644.11,4650.66,4633.01,4639.87
2026-05-01 17:00:00+00:00,4639.87,4643.44,4626.65,4631.09
2026-05-01 18:00:00+00:00,4631.09,4631.96,4615.61,4626.24
2026-05-01 19:00:00+00:00,4626.24,4629.51,4612.08,4614.0
2026-05-01 20:00:00+00:00,4613.99,4619.46,4610.5,4616.01
2026-05-01 21:00:00+00:00,4616.01,4617.99,4613.76,4616.91
2026-05-01 22:00:00+00:00,4616.92,4617.17,4616.01,4616.24
2026-05-01 23:00:00+00:00,4616.23,4617.35,4616.23,4616.9
2026-05-02 00:00:00+00:00,4616.9,4617.2,4616.41,4616.7
2026-05-02 01:00:00+00:00,4616.71,4616.71,4614.61,4614.62
2026-05-02 02:00:00+00:00,4614.62,4616.88,4614.51,4616.88
2026-05-02 03:00:00+00:00,4616.88,4616.88,4616.12,4616.71
2026-05-02 04:00:00+00:00,4616.72,4617.07,4616.14,4616.15
2026-05-02 05:00:00+00:00,4616.14,4616.16,4616.14,4616.16
2026-05-02 06:00:00+00:00,4616.16,4616.16,4616.12,4616.12
2026-05-02 07:00:00+00:00,4616.13,4616.19,4615.56,4615.56
2026-05-02 08:00:00+00:00,4615.57,4616.13,4615.56,4616.12
2026-05-02 09:00:00+00:00,4616.12,4616.85,4616.12,4616.82
2026-05-02 10:00:00+00:00,4616.81,4616.82,4616.81,4616.81
2026-05-02 11:00:00+00:00,4616.82,4616.82,4616.5,4616.51
2026-05-02 12:00:00+00:00,4616.5,4616.51,4616.5,4616.5
2026-05-02 13:00:00+00:00,4616.5,4616.82,4616.5,4616.82
2026-05-02 14:00:00+00:00,4616.82,4616.82,4616.52,4616.52
2026-05-02 15:00:00+00:00,4616.53,4616.53,4616.52,4616.53
2026-05-02 16:00:00+00:00,4616.52,4616.96,4616.52,4616.96
2026-05-02 17:00:00+00:00,4616.95,4617.08,4616.95,4617.01
2026-05-02 18:00:00+00:00,4617.0,4617.01,4616.99,4616.99
2026-05-02 19:00:00+00:00,4616.99,4617.0,4616.52,4616.53
2026-05-02 20:00:00+00:00,4616.52,4616.53,4616.52,4616.53
2026-05-02 21:00:00+00:00,4616.53,4617.03,4616.12,4616.12
2026-05-02 22:00:00+00:00,4616.13,4616.15,4615.21,4616.15
2026-05-02 23:00:00+00:00,4616.15,4616.89,4616.14,4616.5
2026-05-03 00:00:00+00:00,4616.51,4617.96,4616.5,4617.45
2026-05-03 01:00:00+00:00,4617.45,4617.45,4617.07,4617.08
2026-05-03 02:00:00+00:00,4617.07,4617.08,4616.68,4616.69
2026-05-03 03:00:00+00:00,4616.69,4616.69,4616.64,4616.65
2026-05-03 04:00:00+00:00,4616.64,4616.65,4616.64,4616.65
2026-05-03 05:00:00+00:00,4616.65,4616.65,4616.02,4616.02
2026-05-03 06:00:00+00:00,4616.03,4616.19,4615.58,4616.19
2026-05-03 07:00:00+00:00,4616.19,4616.65,4616.18,4616.65
2026-05-03 08:00:00+00:00,4616.65,4617.72,4616.64,4616.69
2026-05-03 09:00:00+00:00,4616.69,4617.29,4616.68,4617.29
2026-05-03 10:00:00+00:00,4617.29,4618.51,4617.29,4618.51
2026-05-03 11:00:00+00:00,4618.51,4620.66,4617.72,4620.49
2026-05-03 12:00:00+00:00,4620.48,4624.96,4620.17,4623.82
2026-05-03 13:00:00+00:00,4623.82,4623.83,4621.0,4622.1
2026-05-03 14:00:00+00:00,4622.09,4624.82,4622.09,4623.76
2026-05-03 15:00:00+00:00,4623.76,4624.8,4623.26,4623.3
2026-05-03 16:00:00+00:00,4623.31,4628.87,4623.31,4624.9
2026-05-03 17:00:00+00:00,4624.91,4624.91,4620.16,4621.63
2026-05-03 18:00:00+00:00,4621.62,4625.0,4620.72,4621.92
2026-05-03 19:00:00+00:00,4621.93,4628.5,4620.84,4624.85
2026-05-03 20:00:00+00:00,4624.86,4633.61,4624.86,4633.41
2026-05-03 21:00:00+00:00,4633.41,4652.74,4633.4,4643.59
2026-05-03 22:00:00+00:00,4643.52,4643.52,4613.01,4617.61
2026-05-03 23:00:00+00:00,4617.6,4619.64,4609.64,4611.39
2026-05-04 00:00:00+00:00,4611.4,4618.66,4603.79,4615.75
2026-05-04 01:00:00+00:00,4615.75,4617.17,4595.73,4616.74
2026-05-04 02:00:00+00:00,4616.74,4621.31,4594.73,4608.42
2026-05-04 03:00:00+00:00,4608.43,4619.72,4601.7,4617.87
2026-05-04 04:00:00+00:00,4617.86,4618.09,4607.6,4607.9
2026-05-04 05:00:00+00:00,4607.9,4615.75,4596.0,4602.5
2026-05-04 06:00:00+00:00,4602.47,4603.85,4587.0,4591.37
2026-05-04 07:00:00+00:00,4591.38,4596.0,4580.8,4581.64
2026-05-04 08:00:00+00:00,4581.69,4584.23,4577.06,4579.29
2026-05-04 09:00:00+00:00,4579.46,4587.49,4574.02,4577.74
2026-05-04 10:00:00+00:00,4577.75,4578.13,4527.71,4564.8
2026-05-04 11:00:00+00:00,4564.8,4572.9,4553.97,4563.15
2026-05-04 12:00:00+00:00,4563.15,4582.05,4562.46,4571.23
2026-05-04 13:00:00+00:00,4571.22,4578.81,4558.8,4566.77
2026-05-04 14:00:00+00:00,4566.78,4584.89,4556.96,4563.8
2026-05-04 15:00:00+00:00,4563.81,4568.55,4515.49,4524.47
2026-05-04 16:00:00+00:00,4524.56,4530.4,4505.0,4514.61
2026-05-04 17:00:00+00:00,4514.61,4535.36,4514.61,4525.25
2026-05-04 18:00:00+00:00,4525.25,4528.49,4513.11,4520.26
2026-05-04 19:00:00+00:00,4520.26,4529.99,4514.9,4520.95
2026-05-04 20:00:00+00:00,4521.0,4525.94,4515.54,4524.63
2026-05-04 21:00:00+00:00,4524.63,4528.57,4524.12,4525.15
2026-05-04 22:00:00+00:00,4525.14,4526.39,4519.05,4520.97
2026-05-04 23:00:00+00:00,4520.96,4524.52,4519.17,4521.66
2026-05-05 00:00:00+00:00,4521.67,4533.33,4516.65,4532.94
2026-05-05 01:00:00+00:00,4532.93,4544.79,4528.39,4543.85
2026-05-05 02:00:00+00:00,4543.85,4548.77,4537.27,4542.21
2026-05-05 03:00:00+00:00,4542.21,4545.24,4535.27,4536.9
2026-05-05 04:00:00+00:00,4536.9,4539.91,4530.4,4537.04
2026-05-05 05:00:00+00:00,4537.04,4554.08,4534.5,4548.23
2026-05-05 06:00:00+00:00,4548.23,4554.19,4537.06,4550.27
2026-05-05 07:00:00+00:00,4550.27,4561.39,4546.4,4548.44
2026-05-05 08:00:00+00:00,4548.45,4561.36,4548.39,4560.58
2026-05-05 09:00:00+00:00,4560.58,4562.95,4553.39,4558.56
2026-05-05 10:00:00+00:00,4558.57,4558.85,4542.75,4546.49
2026-05-05 11:00:00+00:00,4546.49,4567.0,4542.39,4564.75
2026-05-05 12:00:00+00:00,4564.76,4576.96,4556.69,4567.4
2026-05-05 13:00:00+00:00,4567.4,4587.15,4567.13,4581.77
2026-05-05 14:00:00+00:00,4581.78,4588.64,4568.34,4584.49
2026-05-05 15:00:00+00:00,4584.49,4585.98,4571.05,4571.11
2026-05-05 16:00:00+00:00,4571.11,4571.47,4556.73,4563.99
2026-05-05 17:00:00+00:00,4563.98,4565.13,4555.82,4562.09
2026-05-05 18:00:00+00:00,4562.01,4568.52,4560.72,4563.56
2026-05-05 19:00:00+00:00,4563.56,4563.87,4554.27,4557.55
2026-05-05 20:00:00+00:00,4557.55,4562.84,4557.0,4559.54
2026-05-05 21:00:00+00:00,4559.54,4568.0,4559.36,4560.38
2026-05-05 22:00:00+00:00,4560.37,4579.06,4549.0,4575.44
2026-05-05 23:00:00+00:00,4575.45,4597.4,4572.81,4595.36
2026-05-06 00:00:00+00:00,4595.37,4621.76,4589.53,4620.65
2026-05-06 01:00:00+00:00,4620.65,4630.78,4610.96,4627.47
2026-05-06 02:00:00+00:00,4627.48,4643.99,4626.81,4642.18
2026-05-06 03:00:00+00:00,4642.19,4653.44,4639.44,4644.73
2026-05-06 04:00:00+00:00,4644.74,4654.64,4644.2,4649.58
2026-05-06 05:00:00+00:00,4649.58,4664.22,4645.25,4663.24
2026-05-06 06:00:00+00:00,4663.24,4672.23,4657.7,4670.14
2026-05-06 07:00:00+00:00,4670.27,4682.64,4658.17,4682.31
2026-05-06 08:00:00+00:00,4682.32,4704.88,4672.75,4700.99
2026-05-06 09:00:00+00:00,4700.98,4710.6,4690.25,4703.51
2026-05-06 10:00:00+00:00,4703.38,4724.44,4696.48,4719.2
2026-05-06 11:00:00+00:00,4719.19,4722.16,4691.3,4692.72
2026-05-06 12:00:00+00:00,4692.73,4693.26,4662.2,4684.92
2026-05-06 13:00:00+00:00,4684.91,4708.6,4670.61,4703.2
2026-05-06 14:00:00+00:00,4703.19,4718.29,4700.1,4704.52
2026-05-06 15:00:00+00:00,4704.4,4707.12,4690.0,4690.0
2026-05-06 16:00:00+00:00,4690.0,4694.13,4682.0,4684.74
2026-05-06 17:00:00+00:00,4684.74,4689.36,4680.64,4686.48
2026-05-06 18:00:00+00:00,4686.47,4692.48,4683.98,4688.51
2026-05-06 19:00:00+00:00,4688.51,4702.3,4688.51,4694.35
2026-05-06 20:00:00+00:00,4694.36,4701.6,4687.65,4694.84
2026-05-06 21:00:00+00:00,4694.85,4696.9,4692.68,4693.63
2026-05-06 22:00:00+00:00,4693.62,4701.84,4690.18,4696.02
2026-05-06 23:00:00+00:00,4696.02,4700.61,4691.88,4700.6
2026-05-07 00:00:00+00:00,4700.61,4702.56,4686.5,4690.2
2026-05-07 01:00:00+00:00,4690.21,4722.0,4686.65,4715.99
2026-05-07 02:00:00+00:00,4715.99,4720.42,4701.83,4709.36
2026-05-07 03:00:00+00:00,4709.36,4711.42,4700.0,4700.02
2026-05-07 04:00:00+00:00,4700.02,4701.41,4693.92,4697.83
2026-05-07 05:00:00+00:00,4697.82,4707.97,4696.33,4702.8
2026-05-07 06:00:00+00:00,4702.8,4750.0,4702.8,4739.56
2026-05-07 07:00:00+00:00,4739.51,4751.64,4732.75,4744.14
2026-05-07 08:00:00+00:00,4744.15,4754.92,4732.8,4732.89
2026-05-07 09:00:00+00:00,4732.9,4741.24,4724.16,4730.28
2026-05-07 10:00:00+00:00,4730.4,4741.93,4728.01,4737.88
2026-05-07 11:00:00+00:00,4737.89,4744.96,4729.11,4744.25
2026-05-07 12:00:00+00:00,4744.24,4754.04,4734.15,4751.53
2026-05-07 13:00:00+00:00,4751.53,4759.88,4732.47,4747.61
2026-05-07 14:00:00+00:00,4747.61,4764.39,4742.63,4763.86
2026-05-07 15:00:00+00:00,4763.86,4765.99,4728.01,4730.84
2026-05-07 16:00:00+00:00,4730.85,4731.12,4706.24,4716.6
2026-05-07 17:00:00+00:00,4716.61,4720.55,4690.32,4713.47
2026-05-07 18:00:00+00:00,4713.47,4717.31,4698.0,4711.44
2026-05-07 19:00:00+00:00,4711.45,4714.24,4699.8,4705.78
2026-05-07 20:00:00+00:00,4705.56,4721.27,4688.02,4688.7
2026-05-07 21:00:00+00:00,4688.69,4697.28,4684.71,4688.53
2026-05-07 22:00:00+00:00,4688.54,4701.07,4680.8,4687.79
2026-05-07 23:00:00+00:00,4687.79,4707.3,4686.66,4706.24
2026-05-08 00:00:00+00:00,4706.24,4711.67,4696.51,4703.21
2026-05-08 01:00:00+00:00,4703.21,4726.39,4702.38,4723.57
2026-05-08 02:00:00+00:00,4723.56,4732.86,4708.63,4714.33
2026-05-08 03:00:00+00:00,4714.33,4732.23,4712.07,4720.76
2026-05-08 04:00:00+00:00,4720.77,4724.62,4710.01,4712.35
2026-05-08 05:00:00+00:00,4712.36,4731.72,4711.45,4728.25
2026-05-08 06:00:00+00:00,4728.26,4735.14,4715.0,4726.79
2026-05-08 07:00:00+00:00,4726.79,4727.59,4700.0,4710.23
2026-05-08 08:00:00+00:00,4710.24,4724.65,4708.7,4716.81
2026-05-08 09:00:00+00:00,4716.81,4724.0,4709.0,4713.67
2026-05-08 10:00:00+00:00,4713.66,4729.2,4712.88,4720.7
2026-05-08 11:00:00+00:00,4720.7,4728.15,4715.82,4719.3
2026-05-08 12:00:00+00:00,4719.3,4732.32,4705.2,4725.12
2026-05-08 13:00:00+00:00,4725.11,4749.43,4717.67,4749.43
2026-05-08 14:00:00+00:00,4749.43,4751.68,4716.06,4718.11
2026-05-08 15:00:00+00:00,4718.11,4721.83,4705.32,4709.51
2026-05-08 16:00:00+00:00,4709.51,4721.56,4708.16,4714.1
2026-05-08 17:00:00+00:00,4714.11,4724.42,4713.93,4722.09
2026-05-08 18:00:00+00:00,4722.1,4730.16,4721.55,4723.9
2026-05-08 19:00:00+00:00,4723.9,4727.88,4723.08,4724.87
2026-05-08 20:00:00+00:00,4724.86,4724.86,4716.01,4718.82
2026-05-08 21:00:00+00:00,4718.82,4721.44,4717.76,4718.79
2026-05-08 22:00:00+00:00,4718.79,4718.79,4715.28,4717.53
2026-05-08 23:00:00+00:00,4717.54,4717.54,4715.02,4715.02
2026-05-09 00:00:00+00:00,4715.01,4716.97,4714.61,4716.97
2026-05-09 01:00:00+00:00,4716.97,4719.0,4716.69,4718.99
2026-05-09 02:00:00+00:00,4719.0,4723.68,4718.99,4720.84
2026-05-09 03:00:00+00:00,4720.83,4720.84,4715.72,4717.61
2026-05-09 04:00:00+00:00,4717.61,4719.72,4717.2,4718.62
2026-05-09 05:00:00+00:00,4718.61,4719.58,4717.0,4718.1
2026-05-09 06:00:00+00:00,4718.09,4719.01,4718.09,4719.0
2026-05-09 07:00:00+00:00,4719.01,4719.01,4718.19,4718.19
2026-05-09 08:00:00+00:00,4718.19,4718.2,4716.48,4716.49
2026-05-09 09:00:00+00:00,4716.49,4717.4,4716.2,4716.73
2026-05-09 10:00:00+00:00,4716.73,4717.0,4716.0,4716.0
2026-05-09 11:00:00+00:00,4716.0,4717.24,4716.0,4717.24
2026-05-09 12:00:00+00:00,4717.24,4718.0,4716.72,4716.72
2026-05-09 13:00:00+00:00,4716.72,4716.73,4716.22,4716.49
2026-05-09 14:00:00+00:00,4716.49,4717.24,4715.04,4715.51
2026-05-09 15:00:00+00:00,4715.5,4716.4,4715.5,4716.39
2026-05-09 16:00:00+00:00,4716.39,4717.54,4716.15,4716.92
2026-05-09 17:00:00+00:00,4716.91,4718.8,4716.91,4718.17
2026-05-09 18:00:00+00:00,4718.16,4720.54,4718.16,4719.68
2026-05-09 19:00:00+00:00,4719.67,4721.32,4719.35,4721.31
2026-05-09 20:00:00+00:00,4721.32,4722.0,4721.1,4721.12
2026-05-09 21:00:00+00:00,4721.11,4723.0,4721.11,4723.0
2026-05-09 22:00:00+00:00,4723.0,4723.0,4721.16,4721.23
2026-05-09 23:00:00+00:00,4721.23,4721.24,4720.42,4721.23
2026-05-10 00:00:00+00:00,4721.23,4723.5,4721.22,4723.49
2026-05-10 01:00:00+00:00,4723.49,4723.49,4721.44,4721.59
2026-05-10 02:00:00+00:00,4721.59,4721.73,4720.42,4721.52
2026-05-10 03:00:00+00:00,4721.52,4723.48,4720.41,4723.27
2026-05-10 04:00:00+00:00,4723.27,4727.0,4723.26,4725.44
2026-05-10 05:00:00+00:00,4725.45,4725.45,4723.97,4725.08
2026-05-10 06:00:00+00:00,4725.08,4725.85,4724.49,4724.5
2026-05-10 07:00:00+00:00,4724.49,4724.5,4722.35,4722.35
2026-05-10 08:00:00+00:00,4722.36,4723.85,4720.73,4723.11
2026-05-10 09:00:00+00:00,4723.11,4724.5,4722.85,4723.16
2026-05-10 10:00:00+00:00,4723.17,4725.02,4723.16,4724.31
2026-05-10 11:00:00+00:00,4724.31,4730.12,4724.07,4730.03
2026-05-10 12:00:00+00:00,4730.03,4732.0,4726.09,4727.22
2026-05-10 13:00:00+00:00,4727.22,4732.0,4726.94,4730.47
2026-05-10 14:00:00+00:00,4730.47,4730.47,4727.33,4730.22
2026-05-10 15:00:00+00:00,4730.23,4734.0,4730.22,4733.67
2026-05-10 16:00:00+00:00,4733.66,4735.6,4731.37,4732.09
2026-05-10 17:00:00+00:00,4732.09,4735.33,4730.65,4733.76
2026-05-10 18:00:00+00:00,4733.77,4735.65,4731.6,4732.56
2026-05-10 19:00:00+00:00,4732.56,4733.25,4727.52,4731.65
2026-05-10 20:00:00+00:00,4731.65,4731.65,4715.12,4717.02
2026-05-10 21:00:00+00:00,4717.01,4720.88,4708.0,4714.06
2026-05-10 22:00:00+00:00,4714.06,4719.8,4682.0,4695.5
2026-05-10 23:00:00+00:00,4695.49,4702.86,4692.54,4695.44
2026-05-11 00:00:00+00:00,4695.44,4697.0,4672.59,4686.42
2026-05-11 01:00:00+00:00,4686.41,4708.73,4677.48,4688.33
2026-05-11 02:00:00+00:00,4688.33,4704.0,4680.6,4684.67
2026-05-11 03:00:00+00:00,4684.67,4693.95,4678.8,4681.27
2026-05-11 04:00:00+00:00,4681.32,4682.55,4671.28,4675.55
2026-05-11 05:00:00+00:00,4675.56,4682.5,4651.37,4655.41
2026-05-11 06:00:00+00:00,4655.42,4683.53,4652.74,4680.86
2026-05-11 07:00:00+00:00,4680.86,4682.88,4667.4,4670.68
2026-05-11 08:00:00+00:00,4670.69,4681.45,4667.66,4670.5
2026-05-11 09:00:00+00:00,4670.51,4673.45,4654.78,4660.2
2026-05-11 10:00:00+00:00,4660.19,4670.69,4659.76,4666.81
2026-05-11 11:00:00+00:00,4666.82,4679.58,4666.82,4676.76
2026-05-11 12:00:00+00:00,4676.77,4703.63,4670.6,4703.14
2026-05-11 13:00:00+00:00,4702.84,4749.81,4701.25,4738.01
2026-05-11 14:00:00+00:00,4738.0,4739.91,4718.17,4729.04
2026-05-11 15:00:00+00:00,4729.04,4741.28,4726.39,4735.43
2026-05-11 16:00:00+00:00,4735.43,4736.72,4711.78,4720.01
2026-05-11 17:00:00+00:00,4720.0,4727.91,4719.47,4726.55
2026-05-11 18:00:00+00:00,4726.56,4732.84,4723.66,4727.72
2026-05-11 19:00:00+00:00,4727.64,4738.89,4725.49,4735.98
2026-05-11 20:00:00+00:00,4735.99,4740.28,4732.56,4737.17
2026-05-11 21:00:00+00:00,4737.16,4739.86,4731.2,4737.04
2026-05-11 22:00:00+00:00,4737.03,4756.73,4737.02,4753.42
2026-05-11 23:00:00+00:00,4753.43,4773.38,4748.4,4769.94
2026-05-12 00:00:00+00:00,4770.15,4776.83,4752.24,4753.01
2026-05-12 01:00:00+00:00,4753.01,4758.11,4724.0,4730.04
2026-05-12 02:00:00+00:00,4730.04,4737.49,4725.88,4733.09
2026-05-12 03:00:00+00:00,4733.09,4735.49,4721.32,4723.43
2026-05-12 04:00:00+00:00,4723.42,4732.99,4714.83,4717.39
2026-05-12 05:00:00+00:00,4717.38,4725.28,4711.9,4717.85
2026-05-12 06:00:00+00:00,4717.92,4717.92,4698.26,4700.48
2026-05-12 07:00:00+00:00,4700.49,4706.52,4689.28,4703.12
2026-05-12 08:00:00+00:00,4703.12,4709.99,4699.61,4705.91
2026-05-12 09:00:00+00:00,4705.98,4707.91,4697.88,4702.39
2026-05-12 10:00:00+00:00,4702.4,4710.87,4688.6,4697.06
2026-05-12 11:00:00+00:00,4697.06,4712.03,4689.8,4709.7
2026-05-12 12:00:00+00:00,4709.7,4714.99,4692.6,4708.4
2026-05-12 13:00:00+00:00,4708.4,4711.47,4678.47,4681.84
2026-05-12 14:00:00+00:00,4681.85,4697.75,4671.73,4675.67
2026-05-12 15:00:00+00:00,4675.68,4678.92,4642.18,4668.47
2026-05-12 16:00:00+00:00,4668.48,4677.2,4666.72,4673.73
2026-05-12 17:00:00+00:00,4673.73,4684.89,4673.73,4680.99
2026-05-12 18:00:00+00:00,4680.99,4699.98,4678.45,4697.63
2026-05-12 19:00:00+00:00,4697.64,4716.97,4697.54,4716.97
2026-05-12 20:00:00+00:00,4717.0,4719.99,4713.09,4717.13
2026-05-12 21:00:00+00:00,4716.97,4716.97,4713.81,4714.36
2026-05-12 22:00:00+00:00,4714.35,4724.0,4714.35,4718.69
2026-05-12 23:00:00+00:00,4718.69,4725.25,4717.14,4718.4
2026-05-13 00:00:00+00:00,4718.41,4728.59,4715.55,4716.43
2026-05-13 01:00:00+00:00,4716.42,4719.38,4702.73,4704.44
2026-05-13 02:00:00+00:00,4704.44,4709.38,4691.08,4694.6
2026-05-13 03:00:00+00:00,4694.61,4709.1,4692.02,4699.03
2026-05-13 04:00:00+00:00,4699.04,4706.5,4697.34,4702.59
2026-05-13 05:00:00+00:00,4702.56,4709.87,4695.44,4706.21
2026-05-13 06:00:00+00:00,4706.31,4716.86,4702.04,4704.12
2026-05-13 07:00:00+00:00,4704.12,4711.43,4698.96,4705.81
2026-05-13 08:00:00+00:00,4705.8,4706.72,4697.41,4703.41
2026-05-13 09:00:00+00:00,4703.41,4703.99,4688.4,4702.92
2026-05-13 10:00:00+00:00,4702.93,4712.0,4696.33,4696.95
2026-05-13 11:00:00+00:00,4696.95,4707.65,4694.52,4700.42
2026-05-13 12:00:00+00:00,4700.41,4704.16,4678.91,4686.36
2026-05-13 13:00:00+00:00,4686.35,4696.61,4672.68,4681.7
2026-05-13 14:00:00+00:00,4681.7,4693.3,4676.34,4683.38
2026-05-13 15:00:00+00:00,4683.39,4702.95,4682.25,4697.48
2026-05-13 16:00:00+00:00,4697.49,4711.59,4697.25,4698.39
2026-05-13 17:00:00+00:00,4698.39,4704.05,4687.0,4687.51
2026-05-13 18:00:00+00:00,4687.52,4695.96,4680.74,4686.99
2026-05-13 19:00:00+00:00,4686.99,4692.54,4685.79,4690.68
2026-05-13 20:00:00+00:00,4690.68,4696.67,4688.33,4692.26
2026-05-13 21:00:00+00:00,4692.27,4695.0,4691.59,4693.38
2026-05-13 22:00:00+00:00,4693.39,4702.7,4691.36,4702.02
2026-05-13 23:00:00+00:00,4702.01,4704.48,4695.37,4698.89
2026-05-14 00:00:00+00:00,4698.88,4708.59,4692.0,4707.08
2026-05-14 01:00:00+00:00,4707.01,4708.85,4685.61,4691.02
2026-05-14 02:00:00+00:00,4691.03,4701.42,4683.05,4688.76
2026-05-14 03:00:00+00:00,4688.76,4694.96,4676.52,4678.21
2026-05-14 04:00:00+00:00,4678.2,4713.0,4671.1,4704.65
2026-05-14 05:00:00+00:00,4704.66,4706.15,4692.22,4692.59
2026-05-14 06:00:00+00:00,4692.59,4704.47,4689.33,4701.96
2026-05-14 07:00:00+00:00,4701.95,4720.9,4693.84,4695.84
2026-05-14 08:00:00+00:00,4695.84,4708.0,4694.88,4696.02
2026-05-14 09:00:00+00:00,4696.03,4704.36,4691.05,4701.48
2026-05-14 10:00:00+00:00,4701.48,4707.04,4694.08,4699.55
2026-05-14 11:00:00+00:00,4699.54,4706.55,4692.57,4697.29
2026-05-14 12:00:00+00:00,4697.28,4711.72,4695.44,4707.08
2026-05-14 13:00:00+00:00,4707.08,4709.81,4670.0,4682.25
2026-05-14 14:00:00+00:00,4682.25,4702.19,4680.5,4682.7
2026-05-14 15:00:00+00:00,4682.7,4691.7,4680.28,4688.27
2026-05-14 16:00:00+00:00,4688.27,4689.52,4674.0,4681.97
2026-05-14 17:00:00+00:00,4681.96,4686.19,4679.66,4681.51
2026-05-14 18:00:00+00:00,4681.51,4681.69,4670.7,4675.07
2026-05-14 19:00:00+00:00,4675.08,4675.08,4656.13,4657.73
2026-05-14 20:00:00+00:00,4657.73,4661.01,4648.14,4656.72
2026-05-14 21:00:00+00:00,4656.72,4664.98,4656.6,4660.81
2026-05-14 22:00:00+00:00,4660.81,4665.6,4651.29,4665.22
2026-05-14 23:00:00+00:00,4665.21,4667.82,4649.45,4655.49
2026-05-15 00:00:00+00:00,4655.49,4661.13,4617.33,4634.2
2026-05-15 01:00:00+00:00,4634.22,4634.22,4610.34,4616.68
2026-05-15 02:00:00+00:00,4616.69,4626.1,4612.97,4621.18
2026-05-15 03:00:00+00:00,4621.17,4624.76,4611.68,4619.46
2026-05-15 04:00:00+00:00,4619.46,4625.0,4609.46,4610.56
2026-05-15 05:00:00+00:00,4610.56,4610.72,4561.75,4563.09
2026-05-15 06:00:00+00:00,4563.09,4584.55,4561.5,4574.4
2026-05-15 07:00:00+00:00,4574.4,4591.94,4570.42,4575.37
2026-05-15 08:00:00+00:00,4575.37,4576.4,4555.68,4559.28
2026-05-15 09:00:00+00:00,4559.35,4568.0,4536.21,4550.18
2026-05-15 10:00:00+00:00,4550.19,4576.27,4548.76,4570.28
2026-05-15 11:00:00+00:00,4570.32,4574.26,4554.72,4556.43
2026-05-15 12:00:00+00:00,4556.42,4563.57,4549.21,4551.11
2026-05-15 13:00:00+00:00,4551.1,4562.0,4516.64,4537.73
2026-05-15 14:00:00+00:00,4537.82,4569.19,4529.84,4566.51
2026-05-15 15:00:00+00:00,4566.51,4567.57,4538.06,4543.88
2026-05-15 16:00:00+00:00,4543.97,4552.89,4534.58,4549.33
2026-05-15 17:00:00+00:00,4549.28,4567.33,4548.24,4562.72
2026-05-15 18:00:00+00:00,4562.63,4565.99,4556.09,4563.19
2026-05-15 19:00:00+00:00,4563.2,4563.84,4550.01,4551.23
2026-05-15 20:00:00+00:00,4551.23,4551.58,4538.14,4544.8
2026-05-15 21:00:00+00:00,4544.8,4545.63,4542.08,4543.99
2026-05-15 22:00:00+00:00,4543.99,4550.31,4543.44,4543.45
2026-05-15 23:00:00+00:00,4543.45,4547.31,4541.82,4542.56
2026-05-16 00:00:00+00:00,4542.57,4545.3,4541.33,4544.48
2026-05-16 01:00:00+00:00,4544.48,4545.2,4542.03,4542.95
2026-05-16 02:00:00+00:00,4542.95,4544.98,4542.94,4544.93
2026-05-16 03:00:00+00:00,4544.92,4545.39,4544.43,4545.24
2026-05-16 04:00:00+00:00,4545.24,4545.24,4543.56,4545.22
2026-05-16 05:00:00+00:00,4545.23,4550.0,4545.22,4547.59
2026-05-16 06:00:00+00:00,4547.6,4547.78,4544.01,4544.01
2026-05-16 07:00:00+00:00,4544.01,4544.02,4528.8,4538.11
2026-05-16 08:00:00+00:00,4538.11,4539.66,4536.0,4536.61
2026-05-16 09:00:00+00:00,4536.6,4537.4,4532.83,4535.36
2026-05-16 10:00:00+00:00,4535.35,4535.72,4525.05,4532.12
2026-05-16 11:00:00+00:00,4532.12,4533.78,4527.21,4532.08
2026-05-16 12:00:00+00:00,4532.08,4534.54,4530.69,4534.08
2026-05-16 13:00:00+00:00,4534.09,4536.5,4531.68,4532.95
2026-05-16 14:00:00+00:00,4532.95,4536.44,4531.98,4536.43
2026-05-16 15:00:00+00:00,4536.43,4540.0,4535.5,4539.04
2026-05-16 16:00:00+00:00,4539.03,4539.5,4535.91,4536.82
2026-05-16 17:00:00+00:00,4536.83,4538.99,4536.17,4537.25
2026-05-16 18:00:00+00:00,4537.24,4540.0,4537.24,4539.82
2026-05-16 19:00:00+00:00,4539.82,4539.83,4539.07,4539.2
2026-05-16 20:00:00+00:00,4539.19,4539.51,4536.98,4537.39
2026-05-16 21:00:00+00:00,4537.38,4537.39,4532.58,4533.04
2026-05-16 22:00:00+00:00,4533.04,4537.01,4533.03,4537.0
2026-05-16 23:00:00+00:00,4537.0,4538.33,4537.0,4537.42
2026-05-17 00:00:00+00:00,4537.41,4539.3,4536.57,4536.67
2026-05-17 01:00:00+00:00,4536.67,4536.68,4532.29,4532.29
2026-05-17 02:00:00+00:00,4532.29,4533.19,4531.82,4533.19
2026-05-17 03:00:00+00:00,4533.18,4535.5,4533.18,4535.49
2026-05-17 04:00:00+00:00,4535.5,4536.88,4535.49,4536.88
2026-05-17 05:00:00+00:00,4536.87,4536.88,4531.2,4531.81
2026-05-17 06:00:00+00:00,4531.81,4533.7,4531.1,4533.38
2026-05-17 07:00:00+00:00,4533.38,4535.1,4533.38,4534.17
2026-05-17 08:00:00+00:00,4534.17,4535.0,4534.16,4534.9
2026-05-17 09:00:00+00:00,4534.89,4534.9,4534.01,4534.9
2026-05-17 10:00:00+00:00,4534.9,4539.21,4534.89,4539.21
2026-05-17 11:00:00+00:00,4539.21,4540.71,4537.69,4540.7
2026-05-17 12:00:00+00:00,4540.71,4540.99,4539.26,4540.95
2026-05-17 13:00:00+00:00,4540.95,4542.71,4538.15,4542.11
2026-05-17 14:00:00+00:00,4542.11,4542.54,4537.24,4539.61
2026-05-17 15:00:00+00:00,4539.61,4543.66,4539.07,4541.5
2026-05-17 16:00:00+00:00,4541.5,4542.67,4540.0,4540.73
2026-05-17 17:00:00+00:00,4540.73,4540.74,4536.35,4538.0
2026-05-17 18:00:00+00:00,4537.99,4538.57,4535.7,4538.24
2026-05-17 19:00:00+00:00,4538.23,4539.31,4532.68,4534.06
2026-05-17 20:00:00+00:00,4534.06,4535.0,4530.02,4530.03
2026-05-17 21:00:00+00:00,4530.26,4545.02,4530.12,4537.31
2026-05-17 22:00:00+00:00,4537.3,4557.83,4533.34,4549.42
2026-05-17 23:00:00+00:00,4549.42,4550.8,4534.61,4539.89
2026-05-18 00:00:00+00:00,4539.89,4545.11,4481.33,4516.82
2026-05-18 01:00:00+00:00,4516.75,4537.12,4492.14,4527.59
2026-05-18 02:00:00+00:00,4527.59,4543.92,4524.6,4535.38
2026-05-18 03:00:00+00:00,4535.38,4549.54,4528.3,4544.1
2026-05-18 04:00:00+00:00,4544.09,4551.7,4533.21,4543.28
2026-05-18 05:00:00+00:00,4543.28,4554.49,4533.59,4534.2
2026-05-18 06:00:00+00:00,4534.2,4549.97,4533.1,4549.49
2026-05-18 07:00:00+00:00,4549.49,4562.18,4541.6,4548.8
2026-05-18 08:00:00+00:00,4548.79,4559.29,4545.64,4553.67
2026-05-18 09:00:00+00:00,4553.56,4554.77,4543.26,4545.8
2026-05-18 10:00:00+00:00,4545.75,4549.99,4536.0,4542.39
2026-05-18 11:00:00+00:00,4542.39,4569.74,4533.3,4554.21
2026-05-18 12:00:00+00:00,4554.22,4577.45,4549.09,4574.17
2026-05-18 13:00:00+00:00,4574.17,4586.53,4564.38,4578.65
2026-05-18 14:00:00+00:00,4578.65,4578.65,4541.25,4549.49
2026-05-18 15:00:00+00:00,4549.44,4550.92,4535.37,4546.62
2026-05-18 16:00:00+00:00,4546.63,4557.85,4538.0,4553.51
2026-05-18 17:00:00+00:00,4553.51,4561.04,4549.16,4550.26
2026-05-18 18:00:00+00:00,4550.26,4550.9,4537.91,4539.38
2026-05-18 19:00:00+00:00,4539.38,4567.9,4539.01,4561.7
2026-05-18 20:00:00+00:00,4561.7,4571.25,4561.2,4571.24
2026-05-18 21:00:00+00:00,4571.24,4573.0,4569.55,4569.55
2026-05-18 22:00:00+00:00,4569.55,4580.9,4569.55,4577.19
2026-05-18 23:00:00+00:00,4577.19,4590.94,4577.19,4584.42
2026-05-19 00:00:00+00:00,4584.38,4591.71,4564.43,4566.19
2026-05-19 01:00:00+00:00,4566.09,4575.31,4558.0,4566.32
2026-05-19 02:00:00+00:00,4566.31,4566.31,4549.09,4550.99
2026-05-19 03:00:00+00:00,4550.98,4558.07,4547.1,4548.54
2026-05-19 04:00:00+00:00,4548.55,4548.94,4541.94,4545.98
2026-05-19 05:00:00+00:00,4545.99,4550.0,4533.76,4544.23
2026-05-19 06:00:00+00:00,4544.1,4556.0,4536.75,4550.57
2026-05-19 07:00:00+00:00,4550.57,4561.65,4545.33,4560.13
2026-05-19 08:00:00+00:00,4560.13,4561.89,4540.36,4546.04
2026-05-19 09:00:00+00:00,4545.99,4549.43,4539.16,4545.28
2026-05-19 10:00:00+00:00,4545.29,4547.34,4528.07,4547.34
2026-05-19 11:00:00+00:00,4547.34,4550.22,4533.9,4534.35
2026-05-19 12:00:00+00:00,4534.5,4549.97,4531.5,4541.09
2026-05-19 13:00:00+00:00,4541.08,4541.08,4469.25,4507.57
2026-05-19 14:00:00+00:00,4507.56,4517.06,4488.23,4497.43
2026-05-19 15:00:00+00:00,4497.44,4512.0,4493.64,4511.01
2026-05-19 16:00:00+00:00,4511.01,4516.12,4500.22,4511.26
2026-05-19 17:00:00+00:00,4511.26,4514.18,4502.72,4504.53
2026-05-19 18:00:00+00:00,4504.53,4507.75,4494.76,4497.66
2026-05-19 19:00:00+00:00,4497.62,4500.98,4485.19,4486.9
2026-05-19 20:00:00+00:00,4486.99,4491.85,4485.06,4486.58
2026-05-19 21:00:00+00:00,4486.58,4495.96,4486.57,4490.56
2026-05-19 22:00:00+00:00,4490.56,4490.56,4480.7,4487.81
2026-05-19 23:00:00+00:00,4487.8,4499.0,4484.17,4492.64
2026-05-20 00:00:00+00:00,4492.64,4512.0,4483.64,4504.17
2026-05-20 01:00:00+00:00,4504.27,4509.34,4458.23,4484.2
2026-05-20 02:00:00+00:00,4484.16,4489.77,4462.32,4468.12
2026-05-20 03:00:00+00:00,4468.11,4470.19,4457.27,4466.89
2026-05-20 04:00:00+00:00,4466.88,4473.95,4460.12,4464.86
2026-05-20 05:00:00+00:00,4464.85,4482.16,4464.74,4475.49
2026-05-20 06:00:00+00:00,4475.67,4481.94,4465.66,4477.92
2026-05-20 07:00:00+00:00,4477.89,4488.44,4475.68,4481.02
2026-05-20 08:00:00+00:00,4481.03,4492.73,4479.62,4487.05
2026-05-20 09:00:00+00:00,4487.05,4493.53,4476.19,4487.52
2026-05-20 10:00:00+00:00,4487.52,4499.93,4487.39,4497.57
2026-05-20 11:00:00+00:00,4497.57,4503.49,4493.68,4501.49
2026-05-20 12:00:00+00:00,4501.49,4507.38,4496.31,4499.37
2026-05-20 13:00:00+00:00,4499.36,4508.4,4485.32,4486.48
2026-05-20 14:00:00+00:00,4486.48,4538.53,4471.01,4533.42
2026-05-20 15:00:00+00:00,4533.42,4556.28,4525.16,4531.65
2026-05-20 16:00:00+00:00,4531.43,4538.0,4527.44,4537.25
2026-05-20 17:00:00+00:00,4537.25,4541.57,4533.0,4533.68
2026-05-20 18:00:00+00:00,4533.68,4547.0,4531.93,4545.02
2026-05-20 19:00:00+00:00,4545.03,4551.6,4544.13,4548.19
2026-05-20 20:00:00+00:00,4548.19,4553.0,4543.82,4545.97
2026-05-20 21:00:00+00:00,4545.98,4547.86,4543.14,4546.16
2026-05-20 22:00:00+00:00,4546.16,4549.94,4536.36,4542.27
2026-05-20 23:00:00+00:00,4542.26,4548.99,4537.21,4548.6
2026-05-21 00:00:00+00:00,4548.61,4554.88,4539.63,4547.5
2026-05-21 01:00:00+00:00,4547.49,4572.07,4542.67,4562.6
2026-05-21 02:00:00+00:00,4562.61,4566.03,4535.16,4535.95
2026-05-21 03:00:00+00:00,4535.95,4542.91,4529.5,4530.96
2026-05-21 04:00:00+00:00,4530.73,4542.71,4529.81,4541.08
2026-05-21 05:00:00+00:00,4541.0,4542.56,4520.63,4530.33
2026-05-21 06:00:00+00:00,4530.32,4541.24,4522.0,4524.55
2026-05-21 07:00:00+00:00,4524.31,4527.0,4514.38,4522.22
2026-05-21 08:00:00+00:00,4522.22,4538.49,4520.97,4534.91
2026-05-21 09:00:00+00:00,4534.91,4545.0,4530.61,4532.76
2026-05-21 10:00:00+00:00,4532.76,4538.27,4508.1,4514.5
2026-05-21 11:00:00+00:00,4514.51,4523.59,4510.8,4516.03
2026-05-21 12:00:00+00:00,4516.21,4521.33,4504.82,4506.8
2026-05-21 13:00:00+00:00,4506.79,4522.91,4492.09,4515.65
2026-05-21 14:00:00+00:00,4515.72,4518.2,4501.13,4510.68
2026-05-21 15:00:00+00:00,4510.69,4517.44,4500.0,4513.91
2026-05-21 16:00:00+00:00,4513.92,4522.64,4513.92,4521.31
2026-05-21 17:00:00+00:00,4521.32,4560.9,4515.77,4552.49
2026-05-21 18:00:00+00:00,4552.5,4556.53,4529.77,4534.18
2026-05-21 19:00:00+00:00,4534.17,4545.05,4532.34,4544.5
2026-05-21 20:00:00+00:00,4544.5,4545.9,4541.37,4544.14
2026-05-21 21:00:00+00:00,4544.13,4545.0,4542.51,4543.56
2026-05-21 22:00:00+00:00,4543.56,4546.89,4541.64,4544.9
2026-05-21 23:00:00+00:00,4544.91,4546.54,4534.38,4536.8
2026-05-22 00:00:00+00:00,4536.8,4543.38,4527.14,4528.92
2026-05-22 01:00:00+00:00,4528.86,4537.0,4523.84,4528.13
2026-05-22 02:00:00+00:00,4528.13,4531.04,4522.3,4525.64
2026-05-22 03:00:00+00:00,4525.63,4531.93,4522.19,4531.73
2026-05-22 04:00:00+00:00,4531.73,4535.52,4528.18,4530.02
2026-05-22 05:00:00+00:00,4530.02,4536.46,4510.71,4513.93
2026-05-22 06:00:00+00:00,4514.68,4530.96,4513.53,4528.86
2026-05-22 07:00:00+00:00,4528.86,4529.5,4519.67,4524.35
2026-05-22 08:00:00+00:00,4524.35,4534.0,4520.36,4524.38
2026-05-22 09:00:00+00:00,4524.38,4537.52,4518.1,4534.42
2026-05-22 10:00:00+00:00,4534.43,4538.6,4513.54,4517.68
2026-05-22 11:00:00+00:00,4517.69,4526.99,4515.5,4523.16
2026-05-22 12:00:00+00:00,4523.15,4537.94,4518.79,4531.04
2026-05-22 13:00:00+00:00,4531.05,4536.78,4513.76,4517.23
2026-05-22 14:00:00+00:00,4517.23,4517.45,4493.09,4503.36
2026-05-22 15:00:00+00:00,4503.36,4524.31,4503.22,4522.21
2026-05-22 16:00:00+00:00,4522.21,4528.7,4515.5,4517.22
2026-05-22 17:00:00+00:00,4517.22,4530.0,4516.37,4521.82
2026-05-22 18:00:00+00:00,4521.82,4522.99,4516.12,4518.23
2026-05-22 19:00:00+00:00,4518.24,4518.62,4507.24,4510.84
2026-05-22 20:00:00+00:00,4510.84,4512.66,4506.47,4510.61
2026-05-22 21:00:00+00:00,4510.61,4513.76,4508.77,4513.09
2026-05-22 22:00:00+00:00,4513.08,4514.4,4510.5,4511.1
2026-05-22 23:00:00+00:00,4511.1,4511.11,4504.5,4505.94
2026-05-23 00:00:00+00:00,4505.93,4508.36,4504.94,4507.94
2026-05-23 01:00:00+00:00,4507.94,4513.0,4506.48,4511.19
2026-05-23 02:00:00+00:00,4511.19,4513.44,4509.39,4513.43
2026-05-23 03:00:00+00:00,4513.44,4515.94,4511.4,4513.32
2026-05-23 04:00:00+00:00,4513.32,4515.0,4512.8,4514.04
2026-05-23 05:00:00+00:00,4514.03,4515.48,4513.25,4514.64
2026-05-23 06:00:00+00:00,4514.64,4517.8,4514.64,4517.54
2026-05-23 07:00:00+00:00,4517.54,4517.55,4506.6,4508.19
2026-05-23 08:00:00+00:00,4508.2,4510.0,4506.23,4509.92
2026-05-23 09:00:00+00:00,4509.92,4510.34,4509.27,4509.6
2026-05-23 10:00:00+00:00,4509.6,4510.21,4508.04,4509.21
2026-05-23 11:00:00+00:00,4509.21,4510.32,4506.13,4507.26
2026-05-23 12:00:00+00:00,4507.26,4507.99,4506.5,4507.41
2026-05-23 13:00:00+00:00,4507.41,4511.99,4507.41,4511.47
2026-05-23 14:00:00+00:00,4511.46,4516.88,4511.46,4515.42
2026-05-23 15:00:00+00:00,4515.42,4516.97,4512.88,4515.01
2026-05-23 16:00:00+00:00,4515.01,4516.36,4513.0,4514.88
2026-05-23 17:00:00+00:00,4514.88,4516.65,4514.4,4515.9
2026-05-23 18:00:00+00:00,4515.9,4520.55,4515.89,4519.27
2026-05-23 19:00:00+00:00,4519.26,4521.7,4518.54,4521.34
2026-05-23 20:00:00+00:00,4521.35,4542.0,4520.76,4538.6
2026-05-23 21:00:00+00:00,4538.59,4539.29,4523.74,4528.2
2026-05-23 22:00:00+00:00,4528.21,4538.92,4528.2,4538.83
2026-05-23 23:00:00+00:00,4538.83,4543.53,4536.87,4540.23
2026-05-24 00:00:00+00:00,4540.23,4552.0,4540.1,4546.22
2026-05-24 01:00:00+00:00,4546.22,4558.72,4546.22,4555.44
2026-05-24 02:00:00+00:00,4555.45,4557.39,4545.0,4548.72
2026-05-24 03:00:00+00:00,4548.78,4553.67,4548.17,4548.17
2026-05-24 04:00:00+00:00,4548.18,4552.01,4543.66,4545.0
2026-05-24 05:00:00+00:00,4545.01,4553.85,4544.14,4552.61
2026-05-24 06:00:00+00:00,4552.62,4554.28,4546.09,4550.02
2026-05-24 07:00:00+00:00,4550.01,4555.95,4549.6,4553.25
2026-05-24 08:00:00+00:00,4553.24,4555.0,4551.27,4551.56
2026-05-24 09:00:00+00:00,4551.55,4553.69,4550.7,4551.79
2026-05-24 10:00:00+00:00,4551.8,4553.0,4546.68,4546.69
2026-05-24 11:00:00+00:00,4546.69,4546.69,4543.2,4544.33
2026-05-24 12:00:00+00:00,4544.34,4545.1,4539.1,4540.5
2026-05-24 13:00:00+00:00,4540.5,4542.8,4535.0,4539.0
2026-05-24 14:00:00+00:00,4538.99,4540.23,4523.98,4531.0
2026-05-24 15:00:00+00:00,4531.0,4531.38,4525.0,4527.8
2026-05-24 16:00:00+00:00,4527.79,4531.8,4526.49,4529.6
2026-05-24 17:00:00+00:00,4529.6,4529.61,4522.0,4524.98
2026-05-24 18:00:00+00:00,4524.98,4527.6,4524.33,4526.49
2026-05-24 19:00:00+00:00,4526.49,4527.0,4522.0,4523.49
2026-05-24 20:00:00+00:00,4523.5,4527.7,4522.59,4525.16
2026-05-24 21:00:00+00:00,4525.16,4532.0,4524.19,4527.15
2026-05-24 22:00:00+00:00,4527.15,4568.13,4526.85,4567.81
2026-05-24 23:00:00+00:00,4567.81,4582.72,4567.81,4569.84
2026-05-25 00:00:00+00:00,4569.83,4582.53,4569.66,4572.68
2026-05-25 01:00:00+00:00,4572.67,4578.0,4563.21,4565.41
2026-05-25 02:00:00+00:00,4565.42,4572.45,4562.26,4564.17
2026-05-25 03:00:00+00:00,4564.17,4567.53,4559.18,4562.54
2026-05-25 04:00:00+00:00,4562.53,4568.18,4562.15,4567.33
2026-05-25 05:00:00+00:00,4567.32,4569.08,4555.5,4556.41
2026-05-25 06:00:00+00:00,4556.4,4565.51,4553.6,4564.61
2026-05-25 07:00:00+00:00,4564.62,4567.2,4555.73,4566.96
2026-05-25 08:00:00+00:00,4566.95,4566.95,4556.66,4559.15
2026-05-25 09:00:00+00:00,4559.15,4570.81,4558.19,4569.72
2026-05-25 10:00:00+00:00,4569.73,4575.5,4569.73,4571.38
2026-05-25 11:00:00+00:00,4571.18,4578.87,4569.54,4571.67
2026-05-25 12:00:00+00:00,4571.68,4572.06,4556.48,4569.8
2026-05-25 13:00:00+00:00,4569.8,4573.0,4562.92,4566.09
2026-05-25 14:00:00+00:00,4566.09,4572.36,4565.3,4568.71
2026-05-25 15:00:00+00:00,4568.71,4577.1,4568.2,4573.01
2026-05-25 16:00:00+00:00,4573.02,4577.12,4570.6,4576.03
2026-05-25 17:00:00+00:00,4576.02,4579.76,4566.4,4568.6
2026-05-25 18:00:00+00:00,4568.59,4573.68,4567.94,4572.22
2026-05-25 19:00:00+00:00,4572.22,4573.6,4571.0,4573.27
2026-05-25 20:00:00+00:00,4573.27,4577.87,4573.27,4577.19
2026-05-25 21:00:00+00:00,4577.2,4577.86,4572.36,4572.98
2026-05-25 22:00:00+00:00,4573.0,4578.58,4572.21,4577.31
2026-05-25 23:00:00+00:00,4577.39,4584.91,4558.96,4563.02
2026-05-26 00:00:00+00:00,4563.03,4563.39,4543.2,4551.95
2026-05-26 01:00:00+00:00,4551.96,4553.0,4531.45,4540.25
2026-05-26 02:00:00+00:00,4540.25,4542.29,4533.56,4535.53
2026-05-26 03:00:00+00:00,4535.5,4547.38,4535.1,4545.57
2026-05-26 04:00:00+00:00,4545.57,4546.34,4526.74,4529.45
2026-05-26 05:00:00+00:00,4529.45,4537.97,4527.02,4530.76
2026-05-26 06:00:00+00:00,4530.76,4538.48,4530.76,4534.85
2026-05-26 07:00:00+00:00,4534.85,4541.09,4525.17,4540.54
2026-05-26 08:00:00+00:00,4540.54,4541.3,4523.03,4527.32
2026-05-26 09:00:00+00:00,4527.33,4528.94,4516.21,4525.35
2026-05-26 10:00:00+00:00,4525.36,4542.72,4522.56,4537.29
2026-05-26 11:00:00+00:00,4537.29,4539.37,4507.51,4511.42
2026-05-26 12:00:00+00:00,4511.43,4526.51,4506.0,4523.53
2026-05-26 13:00:00+00:00,4523.53,4533.71,4516.33,4517.97
2026-05-26 14:00:00+00:00,4517.96,4527.49,4512.08,4518.06
2026-05-26 15:00:00+00:00,4518.06,4518.13,4506.67,4510.47
2026-05-26 16:00:00+00:00,4510.47,4514.96,4504.43,4508.9
2026-05-26 17:00:00+00:00,4508.9,4511.22,4493.78,4494.82
2026-05-26 18:00:00+00:00,4494.82,4502.79,4487.34,4502.24
2026-05-26 19:00:00+00:00,4502.44,4513.04,4500.83,4511.98
2026-05-26 20:00:00+00:00,4512.0,4514.91,4509.4,4511.76
2026-05-26 21:00:00+00:00,4511.76,4514.64,4510.53,4511.92
2026-05-26 22:00:00+00:00,4511.92,4515.53,4503.56,4514.5
2026-05-26 23:00:00+00:00,4514.5,4530.0,4507.74,4521.93
2026-05-27 00:00:00+00:00,4521.94,4527.75,4517.21,4518.57
2026-05-27 01:00:00+00:00,4518.57,4523.86,4510.4,4511.49
2026-05-27 02:00:00+00:00,4511.48,4512.77,4502.3,4508.7
2026-05-27 03:00:00+00:00,4508.88,4514.3,4500.72,4501.09
2026-05-27 04:00:00+00:00,4501.18,4520.29,4500.16,4513.55
2026-05-27 05:00:00+00:00,4513.56,4516.69,4495.49,4500.54
2026-05-27 06:00:00+00:00,4500.59,4502.0,4483.0,4488.48
2026-05-27 07:00:00+00:00,4488.48,4492.32,4478.0,4484.72
2026-05-27 08:00:00+00:00,4484.71,4501.26,4484.11,4500.16
2026-05-27 09:00:00+00:00,4500.15,4500.15,4490.02,4493.0
2026-05-27 10:00:00+00:00,4493.01,4493.26,4447.68,4451.23
2026-05-27 11:00:00+00:00,4451.39,4458.1,4428.65,4433.02
2026-05-27 12:00:00+00:00,4433.06,4469.41,4432.63,4443.18
2026-05-27 13:00:00+00:00,4443.18,4443.27,4405.06,4430.91
2026-05-27 14:00:00+00:00,4430.94,4458.13,4430.01,4436.99
2026-05-27 15:00:00+00:00,4436.99,4444.99,4432.19,4439.27
2026-05-27 16:00:00+00:00,4439.31,4456.47,4438.25,4453.57
2026-05-27 17:00:00+00:00,4453.64,4457.35,4444.65,4453.5
2026-05-27 18:00:00+00:00,4453.49,4461.14,4451.39,4457.31
2026-05-27 19:00:00+00:00,4457.31,4457.72,4452.38,4454.16
2026-05-27 20:00:00+00:00,4454.16,4462.65,4453.4,4460.98
2026-05-27 21:00:00+00:00,4460.98,4461.6,4456.21,4458.65
2026-05-27 22:00:00+00:00,4458.66,4467.89,4458.36,4460.29
2026-05-27 23:00:00+00:00,4460.29,4460.47,4446.66,4449.83
2026-05-28 00:00:00+00:00,4449.82,4460.77,4446.66,4459.73
2026-05-28 01:00:00+00:00,4459.74,4461.58,4411.06,4413.65
2026-05-28 02:00:00+00:00,4413.65,4416.38,4397.71,4398.71
2026-05-28 03:00:00+00:00,4398.7,4402.2,4371.34,4377.08
2026-05-28 04:00:00+00:00,4377.07,4385.7,4370.58,4377.41
2026-05-28 05:00:00+00:00,4377.41,4398.97,4371.96,4391.33
2026-05-28 06:00:00+00:00,4391.33,4393.35,4378.57,4387.15
2026-05-28 07:00:00+00:00,4387.31,4398.67,4386.0,4390.51
2026-05-28 08:00:00+00:00,4390.52,4397.63,4389.18,4390.39
2026-05-28 09:00:00+00:00,4390.38,4401.29,4390.01,4397.13
2026-05-28 10:00:00+00:00,4397.14,4406.0,4379.67,4386.25
2026-05-28 11:00:00+00:00,4386.25,4393.2,4384.1,4390.75
2026-05-28 12:00:00+00:00,4390.87,4436.36,4383.0,4434.99
2026-05-28 13:00:00+00:00,4434.99,4441.66,4420.97,4433.29
2026-05-28 14:00:00+00:00,4433.28,4482.57,4424.0,4471.47
2026-05-28 15:00:00+00:00,4471.47,4487.33,4470.58,4484.17
2026-05-28 16:00:00+00:00,4484.17,4512.41,4480.12,4512.4
2026-05-28 17:00:00+00:00,4512.41,4515.84,4503.2,4510.76
2026-05-28 18:00:00+00:00,4510.77,4517.5,4500.98,4503.48
2026-05-28 19:00:00+00:00,4503.49,4505.49,4498.67,4499.72
2026-05-28 20:00:00+00:00,4499.55,4502.39,4496.47,4497.45
2026-05-28 21:00:00+00:00,4497.45,4498.95,4496.62,4497.53
2026-05-28 22:00:00+00:00,4497.52,4502.0,4493.11,4493.28
2026-05-28 23:00:00+00:00,4493.29,4499.18,4491.52,4497.85
2026-05-29 00:00:00+00:00,4497.84,4503.45,4495.0,4497.58
2026-05-29 01:00:00+00:00,4497.59,4522.7,4495.83,4509.01
2026-05-29 02:00:00+00:00,4509.0,4513.39,4500.81,4504.07
2026-05-29 03:00:00+00:00,4504.08,4504.27,4497.5,4503.38
2026-05-29 04:00:00+00:00,4503.38,4516.36,4502.97,4515.91
2026-05-29 05:00:00+00:00,4515.91,4517.43,4505.4,4516.6
2026-05-29 06:00:00+00:00,4516.64,4526.12,4512.82,4524.75
2026-05-29 07:00:00+00:00,4524.74,4528.0,4513.09,4526.49
2026-05-29 08:00:00+00:00,4526.49,4526.68,4512.53,4516.64
2026-05-29 09:00:00+00:00,4516.63,4541.46,4515.33,4533.17
2026-05-29 10:00:00+00:00,4533.17,4545.0,4528.11,4540.8
2026-05-29 11:00:00+00:00,4540.8,4541.39,4528.81,4540.09
2026-05-29 12:00:00+00:00,4540.1,4540.33,4515.36,4525.02
2026-05-29 13:00:00+00:00,4525.03,4541.66,4519.39,4538.37
2026-05-29 14:00:00+00:00,4538.37,4570.0,4527.38,4565.26
2026-05-29 15:00:00+00:00,4565.21,4594.83,4560.0,4572.52
2026-05-29 16:00:00+00:00,4572.51,4576.14,4561.68,4568.51
2026-05-29 17:00:00+00:00,4568.51,4569.93,4555.0,4556.31
2026-05-29 18:00:00+00:00,4556.3,4563.91,4554.4,4556.59
2026-05-29 19:00:00+00:00,4556.58,4562.73,4546.58,4549.05
2026-05-29 20:00:00+00:00,4549.05,4553.2,4543.0,4543.39
2026-05-29 21:00:00+00:00,4543.4,4546.87,4540.82,4544.01
2026-05-29 22:00:00+00:00,4544.0,4549.32,4542.07,4546.81
2026-05-29 23:00:00+00:00,4546.81,4550.0,4544.1,4549.01
2026-05-30 00:00:00+00:00,4549.0,4549.99,4546.0,4546.85
2026-05-30 01:00:00+00:00,4546.84,4547.81,4545.57,4547.4
2026-05-30 02:00:00+00:00,4547.41,4547.41,4546.09,4546.19
2026-05-30 03:00:00+00:00,4546.2,4546.2,4540.0,4541.45
2026-05-30 04:00:00+00:00,4541.46,4543.22,4534.86,4542.18
2026-05-30 05:00:00+00:00,4542.18,4543.37,4540.0,4543.14
2026-05-30 06:00:00+00:00,4543.14,4546.87,4541.0,4544.99
2026-05-30 07:00:00+00:00,4544.98,4545.5,4541.06,4541.78
2026-05-30 08:00:00+00:00,4541.78,4544.0,4541.0,4542.9
2026-05-30 09:00:00+00:00,4542.9,4546.86,4542.72,4545.26
2026-05-30 10:00:00+00:00,4545.26,4546.72,4544.0,4545.13
2026-05-30 11:00:00+00:00,4545.14,4545.37,4541.6,4542.69
2026-05-30 12:00:00+00:00,4542.69,4545.26,4542.16,4542.16
2026-05-30 13:00:00+00:00,4542.17,4543.42,4540.5,4542.36
2026-05-30 14:00:00+00:00,4542.37,4543.54,4541.25,4542.33
2026-05-30 15:00:00+00:00,4542.33,4543.21,4541.5,4543.14
2026-05-30 16:00:00+00:00,4543.13,4543.13,4541.18,4541.41
2026-05-30 17:00:00+00:00,4541.4,4541.77,4538.42,4539.37
2026-05-30 18:00:00+00:00,4539.37,4540.38,4538.49,4539.04
2026-05-30 19:00:00+00:00,4539.05,4539.36,4536.76,4538.93
2026-05-30 20:00:00+00:00,4538.94,4540.42,4537.03,4537.18
2026-05-30 21:00:00+00:00,4537.17,4537.99,4536.0,4537.48
2026-05-30 22:00:00+00:00,4537.48,4538.06,4534.09,4534.91
2026-05-30 23:00:00+00:00,4534.9,4537.91,4534.9,4537.0
2026-05-31 00:00:00+00:00,4537.0,4538.03,4536.42,4536.84
2026-05-31 01:00:00+00:00,4536.85,4541.28,4536.37,4536.68
2026-05-31 02:00:00+00:00,4536.68,4538.98,4535.64,4537.3
2026-05-31 03:00:00+00:00,4537.31,4537.8,4536.4,4537.07
2026-05-31 04:00:00+00:00,4537.07,4537.64,4535.0,4535.01
2026-05-31 05:00:00+00:00,4535.01,4546.99,4535.0,4546.2
2026-05-31 06:00:00+00:00,4546.21,4546.99,4544.16,4546.99
2026-05-31 07:00:00+00:00,4546.99,4547.0,4544.1,4545.22
2026-05-31 08:00:00+00:00,4545.21,4546.0,4543.58,4544.67
2026-05-31 09:00:00+00:00,4544.67,4544.67,4541.17,4543.57
2026-05-31 10:00:00+00:00,4543.56,4545.45,4540.64,4542.66
2026-05-31 11:00:00+00:00,4542.66,4544.3,4542.33,4544.2
2026-05-31 12:00:00+00:00,4544.19,4546.5,4543.71,4545.9
2026-05-31 13:00:00+00:00,4545.91,4546.73,4542.27,4543.56
2026-05-31 14:00:00+00:00,4543.56,4544.9,4542.56,4543.1
2026-05-31 15:00:00+00:00,4543.11,4543.99,4542.24,4543.23
2026-05-31 16:00:00+00:00,4543.22,4545.3,4542.82,4545.02
2026-05-31 17:00:00+00:00,4545.01,4545.02,4543.0,4543.86
2026-05-31 18:00:00+00:00,4543.85,4543.86,4541.7,4543.02
2026-05-31 19:00:00+00:00,4543.03,4543.86,4541.0,4541.26
2026-05-31 20:00:00+00:00,4541.25,4541.68,4536.13,4536.16
2026-05-31 21:00:00+00:00,4536.16,4543.86,4535.0,4538.05
2026-05-31 22:00:00+00:00,4538.04,4542.95,4521.95,4537.78
2026-05-31 23:00:00+00:00,4537.79,4548.74,4537.79,4543.01
2026-06-01 00:00:00+00:00,4543.0,4548.6,4538.0,4543.0
2026-06-01 01:00:00+00:00,4543.01,4543.87,4526.25,4528.17
2026-06-01 02:00:00+00:00,4528.18,4537.13,4523.5,4524.29
2026-06-01 03:00:00+00:00,4524.29,4528.17,4512.29,4518.52
2026-06-01 04:00:00+00:00,4518.54,4521.95,4509.6,4516.72
2026-06-01 05:00:00+00:00,4516.73,4527.0,4515.4,4520.23
2026-06-01 06:00:00+00:00,4520.23,4521.0,4502.59,4504.55
2026-06-01 07:00:00+00:00,4504.54,4512.38,4495.51,4505.49
2026-06-01 08:00:00+00:00,4505.53,4507.02,4493.01,4501.03
2026-06-01 09:00:00+00:00,4501.04,4508.99,4493.06,4498.34
2026-06-01 10:00:00+00:00,4498.34,4513.35,4498.34,4507.21
2026-06-01 11:00:00+00:00,4507.22,4515.43,4502.65,4508.4
2026-06-01 12:00:00+00:00,4508.28,4512.39,4500.32,4505.03
2026-06-01 13:00:00+00:00,4505.01,4506.99,4452.2,4454.53
2026-06-01 14:00:00+00:00,4454.55,4468.09,4451.52,4462.49
2026-06-01 15:00:00+00:00,4462.51,4482.88,4459.52,4477.0
2026-06-01 16:00:00+00:00,4477.0,4484.98,4465.67,4483.95
2026-06-01 17:00:00+00:00,4483.96,4499.0,4475.07,4490.21
2026-06-01 18:00:00+00:00,4490.2,4493.0,4487.9,4489.25
2026-06-01 19:00:00+00:00,4489.26,4490.63,4481.44,4483.79
2026-06-01 20:00:00+00:00,4483.78,4487.79,4483.14,4486.36
2026-06-01 21:00:00+00:00,4486.37,4488.25,4484.59,4486.44
2026-06-01 22:00:00+00:00,4486.45,4489.29,4483.06,4488.94
2026-06-01 23:00:00+00:00,4488.88,4491.85,4482.41,4487.31
2026-06-02 00:00:00+00:00,4487.31,4499.99,4480.25,4484.37
2026-06-02 01:00:00+00:00,4484.37,4494.38,4465.67,4476.57
2026-06-02 02:00:00+00:00,4476.56,4488.53,4474.84,4488.38
2026-06-02 03:00:00+00:00,4488.38,4502.38,4488.25,4501.67
2026-06-02 04:00:00+00:00,4501.67,4520.31,4500.67,4519.54
2026-06-02 05:00:00+00:00,4519.54,4530.38,4517.62,4519.06
2026-06-02 06:00:00+00:00,4519.06,4541.21,4519.06,4537.61
2026-06-02 07:00:00+00:00,4537.5,4543.07,4530.41,4537.62
2026-06-02 08:00:00+00:00,4537.61,4540.3,4528.63,4529.08
2026-06-02 09:00:00+00:00,4529.09,4536.99,4522.6,4532.11
2026-06-02 10:00:00+00:00,4532.0,4535.73,4526.74,4535.01
2026-06-02 11:00:00+00:00,4535.01,4536.49,4527.88,4529.69
2026-06-02 12:00:00+00:00,4529.7,4536.18,4516.7,4517.48
2026-06-02 13:00:00+00:00,4517.5,4527.33,4506.39,4506.6
2026-06-02 14:00:00+00:00,4506.59,4509.89,4492.59,4506.55
2026-06-02 15:00:00+00:00,4506.69,4511.41,4503.43,4504.17
2026-06-02 16:00:00+00:00,4504.18,4504.61,4489.14,4494.6
2026-06-02 17:00:00+00:00,4494.6,4496.86,4485.54,4488.01
2026-06-02 18:00:00+00:00,4488.02,4493.75,4482.08,4490.5
2026-06-02 19:00:00+00:00,4490.51,4492.7,4486.16,4490.79
2026-06-02 20:00:00+00:00,4490.87,4494.6,4489.08,4493.2
2026-06-02 21:00:00+00:00,4493.26,4494.04,4489.28,4490.42
2026-06-02 22:00:00+00:00,4490.41,4495.4,4486.87,4487.29
2026-06-02 23:00:00+00:00,4487.36,4490.44,4463.59,4477.35
2026-06-03 00:00:00+00:00,4477.35,4499.73,4476.88,4488.91
2026-06-03 01:00:00+00:00,4488.85,4490.3,4466.88,4478.32
2026-06-03 02:00:00+00:00,4478.31,4487.31,4475.01,4484.3
2026-06-03 03:00:00+00:00,4484.3,4489.49,4484.29,4486.34
2026-06-03 04:00:00+00:00,4486.34,4489.89,4471.21,4472.38
2026-06-03 05:00:00+00:00,4472.38,4477.24,4458.77,4459.52
2026-06-03 06:00:00+00:00,4459.53,4473.12,4458.57,4465.99
2026-06-03 07:00:00+00:00,4466.0,4474.44,4455.91,4456.29
2026-06-03 08:00:00+00:00,4456.3,4461.93,4443.45,4446.87
2026-06-03 09:00:00+00:00,4446.87,4461.46,4441.98,4445.62
2026-06-03 10:00:00+00:00,4445.64,4469.62,4444.01,4462.26
2026-06-03 11:00:00+00:00,4462.26,4471.28,4462.15,4465.35
2026-06-03 12:00:00+00:00,4465.35,4469.53,4451.81,4463.3
2026-06-03 13:00:00+00:00,4463.25,4468.4,4430.06,4449.13
2026-06-03 14:00:00+00:00,4449.13,4461.6,4445.1,4459.79
2026-06-03 15:00:00+00:00,4459.9,4460.94,4439.63,4444.98
2026-06-03 16:00:00+00:00,4444.99,4446.94,4436.38,4445.32
2026-06-03 17:00:00+00:00,4445.32,4452.18,4438.88,4442.64
2026-06-03 18:00:00+00:00,4442.64,4445.82,4438.24,4445.17
2026-06-03 19:00:00+00:00,4445.17,4455.24,4444.15,4446.72
2026-06-03 20:00:00+00:00,4446.64,4448.39,4433.62,4437.28
2026-06-03 21:00:00+00:00,4437.27,4448.32,4437.07,4446.41
2026-06-03 22:00:00+00:00,4446.4,4454.6,4425.55,4451.17
2026-06-03 23:00:00+00:00,4451.17,4466.62,4447.38,4459.29
2026-06-04 00:00:00+00:00,4459.29,4467.6,4445.72,4451.02
2026-06-04 01:00:00+00:00,4451.01,4474.84,4446.03,4467.66
2026-06-04 02:00:00+00:00,4467.67,4478.87,4457.99,4478.09
2026-06-04 03:00:00+00:00,4478.09,4479.9,4461.16,4466.74
2026-06-04 04:00:00+00:00,4466.75,4486.53,4465.1,4483.95
2026-06-04 05:00:00+00:00,4483.95,4485.2,4469.28,4471.6
2026-06-04 06:00:00+00:00,4471.61,4479.72,4465.84,4470.33
2026-06-04 07:00:00+00:00,4470.4,4472.99,4462.05,4463.95
2026-06-04 08:00:00+00:00,4463.95,4471.27,4461.19,4466.1
2026-06-04 09:00:00+00:00,4466.1,4477.77,4463.89,4473.49
2026-06-04 10:00:00+00:00,4473.48,4476.56,4466.86,4476.54
2026-06-04 11:00:00+00:00,4476.39,4518.36,4471.81,4514.19
2026-06-04 12:00:00+00:00,4514.19,4516.41,4493.51,4506.27
2026-06-04 13:00:00+00:00,4506.26,4517.15,4498.05,4498.05
2026-06-04 14:00:00+00:00,4498.06,4502.69,4460.57,4468.88
2026-06-04 15:00:00+00:00,4468.87,4481.77,4466.86,4479.68
2026-06-04 16:00:00+00:00,4479.78,4487.61,4478.26,4484.7
2026-06-04 17:00:00+00:00,4484.69,4484.69,4476.01,4480.18
2026-06-04 18:00:00+00:00,4480.19,4483.96,4475.5,4481.05
2026-06-04 19:00:00+00:00,4481.06,4485.62,4479.04,4483.58
2026-06-04 20:00:00+00:00,4483.42,4484.39,4477.26,4478.62
2026-06-04 21:00:00+00:00,4478.63,4481.97,4477.1,4477.1
2026-06-04 22:00:00+00:00,4477.1,4483.62,4471.66,4472.0
2026-06-04 23:00:00+00:00,4472.0,4475.91,4463.4,4464.17
2026-06-05 00:00:00+00:00,4464.16,4469.9,4453.24,4462.5
2026-06-05 01:00:00+00:00,4462.5,4471.83,4447.28,4449.63
2026-06-05 02:00:00+00:00,4449.63,4457.83,4440.81,4443.65
2026-06-05 03:00:00+00:00,4443.65,4446.35,4438.11,4444.54
2026-06-05 04:00:00+00:00,4444.55,4449.42,4440.55,4448.02
2026-06-05 05:00:00+00:00,4448.02,4452.61,4441.31,4442.9
2026-06-05 06:00:00+00:00,4442.9,4458.57,4430.99,4455.55
2026-06-05 07:00:00+00:00,4455.54,4469.5,4454.43,4462.79
2026-06-05 08:00:00+00:00,4462.73,4470.09,4460.57,4464.6
2026-06-05 09:00:00+00:00,4464.61,4471.84,4461.27,4467.69
2026-06-05 10:00:00+00:00,4467.7,4471.0,4464.26,4469.46
2026-06-05 11:00:00+00:00,4469.34,4476.6,4462.21,4471.46
2026-06-05 12:00:00+00:00,4471.69,4478.35,4408.16,4409.35
2026-06-05 13:00:00+00:00,4409.35,4424.4,4368.1,4370.27
2026-06-05 14:00:00+00:00,4370.28,4383.08,4348.01,4372.99
2026-06-05 15:00:00+00:00,4372.99,4375.86,4336.0,4337.19
2026-06-05 16:00:00+00:00,4337.0,4349.1,4327.28,4348.82
2026-06-05 17:00:00+00:00,4348.82,4351.96,4339.19,4344.93
2026-06-05 18:00:00+00:00,4344.94,4345.32,4317.31,4325.39
2026-06-05 19:00:00+00:00,4325.31,4327.21,4316.12,4321.16
2026-06-05 20:00:00+00:00,4321.16,4333.56,4314.2,4332.1
2026-06-05 21:00:00+00:00,4332.1,4337.4,4330.0,4336.64
2026-06-05 22:00:00+00:00,4336.64,4339.68,4329.64,4329.93
2026-06-05 23:00:00+00:00,4329.93,4330.63,4323.5,4325.86
2026-06-06 00:00:00+00:00,4325.86,4336.0,4325.86,4335.69
2026-06-06 01:00:00+00:00,4335.68,4335.69,4327.36,4328.01
2026-06-06 02:00:00+00:00,4328.01,4330.5,4325.0,4328.68
2026-06-06 03:00:00+00:00,4328.68,4329.31,4324.05,4324.46
2026-06-06 04:00:00+00:00,4324.47,4325.98,4314.16,4314.69
2026-06-06 05:00:00+00:00,4314.69,4320.0,4304.34,4319.78
2026-06-06 06:00:00+00:00,4319.79,4322.92,4316.1,4316.12
2026-06-06 07:00:00+00:00,4316.13,4322.74,4315.18,4316.8
2026-06-06 08:00:00+00:00,4316.81,4319.98,4316.5,4316.98
2026-06-06 09:00:00+00:00,4316.98,4320.76,4313.18,4313.56
2026-06-06 10:00:00+00:00,4313.56,4313.57,4307.4,4309.05
2026-06-06 11:00:00+00:00,4309.06,4318.69,4308.63,4315.57
2026-06-06 12:00:00+00:00,4315.56,4318.65,4310.0,4315.08
2026-06-06 13:00:00+00:00,4315.08,4318.36,4312.15,4314.24
2026-06-06 14:00:00+00:00,4314.24,4315.04,4308.79,4308.99
2026-06-06 15:00:00+00:00,4308.98,4311.56,4308.34,4309.56
2026-06-06 16:00:00+00:00,4309.55,4310.76,4307.88,4309.48
2026-06-06 17:00:00+00:00,4309.47,4316.33,4309.47,4315.3
2026-06-06 18:00:00+00:00,4315.3,4315.61,4312.56,4312.57
2026-06-06 19:00:00+00:00,4312.56,4313.52,4310.48,4311.85
2026-06-06 20:00:00+00:00,4311.86,4311.86,4310.5,4311.29
2026-06-06 21:00:00+00:00,4311.29,4312.36,4308.0,4308.38
2026-06-06 22:00:00+00:00,4308.38,4311.89,4308.12,4311.12
2026-06-06 23:00:00+00:00,4311.12,4315.0,4309.08,4315.0
2026-06-07 00:00:00+00:00,4314.99,4315.8,4312.43,4314.65
2026-06-07 01:00:00+00:00,4314.64,4322.53,4314.23,4322.36
2026-06-07 02:00:00+00:00,4322.35,4323.0,4318.73,4322.26
2026-06-07 03:00:00+00:00,4322.26,4323.75,4318.11,4319.97
2026-06-07 04:00:00+00:00,4320.0,4324.78,4315.6,4324.49
2026-06-07 05:00:00+00:00,4324.5,4324.81,4320.82,4323.21
2026-06-07 06:00:00+00:00,4323.21,4329.9,4322.33,4327.17
2026-06-07 07:00:00+00:00,4327.18,4327.77,4322.63,4326.39
2026-06-07 08:00:00+00:00,4326.39,4335.8,4325.0,4335.8
2026-06-07 09:00:00+00:00,4335.79,4336.3,4323.0,4329.32
2026-06-07 10:00:00+00:00,4329.31,4329.77,4323.68,4325.49
2026-06-07 11:00:00+00:00,4325.49,4328.79,4325.0,4327.44
2026-06-07 12:00:00+00:00,4327.35,4327.93,4318.48,4321.05
2026-06-07 13:00:00+00:00,4321.06,4321.37,4309.25,4318.02
2026-06-07 14:00:00+00:00,4318.02,4327.05,4317.49,4321.17
2026-06-07 15:00:00+00:00,4321.17,4325.95,4320.81,4322.37
2026-06-07 16:00:00+00:00,4322.36,4327.14,4322.08,4324.88
2026-06-07 17:00:00+00:00,4324.89,4327.17,4324.43,4326.99
2026-06-07 18:00:00+00:00,4327.0,4328.8,4325.45,4325.45
2026-06-07 19:00:00+00:00,4325.45,4326.3,4315.0,4322.95
2026-06-07 20:00:00+00:00,4322.95,4326.61,4320.45,4322.12
2026-06-07 21:00:00+00:00,4322.13,4333.68,4322.07,4322.08
2026-06-07 22:00:00+00:00,4322.07,4337.5,4313.59,4320.55
2026-06-07 23:00:00+00:00,4320.5,4349.85,4320.46,4346.18
2026-06-08 00:00:00+00:00,4346.18,4356.71,4341.57,4344.3
2026-06-08 01:00:00+00:00,4344.29,4347.54,4303.13,4328.36
2026-06-08 02:00:00+00:00,4328.36,4332.88,4310.01,4313.89
2026-06-08 03:00:00+00:00,4313.9,4319.63,4306.93,4319.09
2026-06-08 04:00:00+00:00,4319.09,4323.81,4310.01,4314.78
2026-06-08 05:00:00+00:00,4314.75,4318.36,4271.2,4294.46
2026-06-08 06:00:00+00:00,4294.47,4313.0,4294.47,4303.17
2026-06-08 07:00:00+00:00,4303.04,4319.72,4297.68,4297.8
2026-06-08 08:00:00+00:00,4297.79,4299.94,4288.63,4291.71
2026-06-08 09:00:00+00:00,4291.72,4304.45,4276.1,4297.11
2026-06-08 10:00:00+00:00,4297.07,4307.6,4289.0,4304.79
2026-06-08 11:00:00+00:00,4304.79,4335.88,4300.31,4333.58
2026-06-08 12:00:00+00:00,4333.58,4341.69,4322.55,4335.03
2026-06-08 13:00:00+00:00,4335.03,4348.3,4324.01,4329.5
2026-06-08 14:00:00+00:00,4329.6,4334.3,4317.28,4333.83
2026-06-08 15:00:00+00:00,4333.84,4347.18,4325.55,4344.02
2026-06-08 16:00:00+00:00,4344.02,4348.88,4340.42,4343.4
2026-06-08 17:00:00+00:00,4343.41,4344.65,4334.0,4341.48
2026-06-08 18:00:00+00:00,4341.47,4347.7,4334.95,4337.19
2026-06-08 19:00:00+00:00,4337.18,4340.53,4326.23,4329.28
2026-06-08 20:00:00+00:00,4329.27,4333.56,4326.81,4333.34
2026-06-08 21:00:00+00:00,4333.45,4337.0,4332.72,4336.5
2026-06-08 22:00:00+00:00,4336.49,4336.59,4326.02,4330.82
2026-06-08 23:00:00+00:00,4330.82,4331.25,4315.6,4319.79
2026-06-09 00:00:00+00:00,4319.79,4326.91,4317.31,4322.28
2026-06-09 01:00:00+00:00,4322.27,4341.17,4320.91,4338.4
2026-06-09 02:00:00+00:00,4338.41,4342.85,4331.0,4337.96
2026-06-09 03:00:00+00:00,4337.99,4344.0,4333.57,4338.98
2026-06-09 04:00:00+00:00,4338.98,4341.5,4326.74,4334.04
2026-06-09 05:00:00+00:00,4334.05,4353.98,4332.56,4346.22
2026-06-09 06:00:00+00:00,4346.22,4351.49,4333.41,4333.6
2026-06-09 07:00:00+00:00,4333.6,4336.96,4325.27,4329.13
2026-06-09 08:00:00+00:00,4329.13,4339.14,4324.16,4329.48
2026-06-09 09:00:00+00:00,4329.49,4338.15,4327.7,4334.93
2026-06-09 10:00:00+00:00,4334.92,4342.85,4328.34,4341.28
2026-06-09 11:00:00+00:00,4341.27,4345.78,4337.69,4342.04
2026-06-09 12:00:00+00:00,4342.04,4346.89,4337.16,4343.35
2026-06-09 13:00:00+00:00,4343.36,4366.58,4328.3,4331.98
2026-06-09 14:00:00+00:00,4331.98,4338.32,4282.08,4303.63
2026-06-09 15:00:00+00:00,4303.64,4304.63,4266.14,4275.43
2026-06-09 16:00:00+00:00,4275.43,4283.44,4238.77,4256.02
2026-06-09 17:00:00+00:00,4256.02,4271.97,4255.2,4265.99
2026-06-09 18:00:00+00:00,4265.99,4276.8,4263.05,4273.0
2026-06-09 19:00:00+00:00,4273.01,4274.11,4253.3,4261.9
2026-06-09 20:00:00+00:00,4261.92,4266.22,4259.65,4265.55
2026-06-09 21:00:00+00:00,4265.55,4266.93,4259.46,4261.08
2026-06-09 22:00:00+00:00,4261.08,4261.09,4235.42,4240.02
2026-06-09 23:00:00+00:00,4240.08,4250.37,4214.88,4224.97
2026-06-10 00:00:00+00:00,4224.97,4231.25,4202.7,4222.08
2026-06-10 01:00:00+00:00,4222.12,4222.6,4188.06,4192.89
2026-06-10 02:00:00+00:00,4192.89,4195.99,4177.0,4178.5
2026-06-10 03:00:00+00:00,4178.49,4190.48,4177.0,4188.93
2026-06-10 04:00:00+00:00,4188.93,4191.18,4175.27,4179.16
2026-06-10 05:00:00+00:00,4179.18,4211.52,4177.22,4207.61
2026-06-10 06:00:00+00:00,4207.62,4223.94,4204.2,4206.05
2026-06-10 07:00:00+00:00,4206.05,4209.99,4185.02,4189.01
2026-06-10 08:00:00+00:00,4189.01,4190.26,4165.07,4172.7
2026-06-10 09:00:00+00:00,4172.8,4182.4,4167.2,4172.37
2026-06-10 10:00:00+00:00,4172.38,4180.96,4159.05,4177.54
2026-06-10 11:00:00+00:00,4177.6,4178.82,4148.64,4150.81
2026-06-10 12:00:00+00:00,4150.8,4180.0,4134.01,4150.57
2026-06-10 13:00:00+00:00,4150.58,4188.87,4137.02,4182.6
2026-06-10 14:00:00+00:00,4182.59,4183.65,4121.38,4129.04
2026-06-10 15:00:00+00:00,4129.04,4140.65,4111.25,4132.24
2026-06-10 16:00:00+00:00,4132.25,4139.54,4120.27,4126.7
2026-06-10 17:00:00+00:00,4126.63,4138.79,4107.5,4117.6
2026-06-10 18:00:00+00:00,4117.61,4125.3,4103.04,4107.49
2026-06-10 19:00:00+00:00,4107.49,4107.99,4085.76,4087.7
2026-06-10 20:00:00+00:00,4087.69,4088.12,4070.87,4075.0
2026-06-10 21:00:00+00:00,4074.94,4080.37,4074.39,4077.52
2026-06-10 22:00:00+00:00,4077.51,4079.23,4037.83,4049.07
2026-06-10 23:00:00+00:00,4049.08,4067.34,4025.67,4049.84
2026-06-11 00:00:00+00:00,4049.63,4081.47,4039.65,4079.0
2026-06-11 01:00:00+00:00,4078.99,4121.0,4069.76,4104.26
2026-06-11 02:00:00+00:00,4104.27,4105.0,4056.86,4071.72
2026-06-11 03:00:00+00:00,4071.72,4081.51,4060.57,4076.3
2026-06-11 04:00:00+00:00,4076.31,4089.39,4074.26,4085.54
2026-06-11 05:00:00+00:00,4085.54,4109.4,4075.97,4097.11
2026-06-11 06:00:00+00:00,4097.1,4100.66,4079.21,4097.3
2026-06-11 07:00:00+00:00,4097.12,4113.1,4094.38,4107.43
2026-06-11 08:00:00+00:00,4107.42,4114.87,4087.23,4087.23
2026-06-11 09:00:00+00:00,4087.23,4099.66,4080.08,4094.45
2026-06-11 10:00:00+00:00,4094.44,4097.36,4089.4,4092.9
2026-06-11 11:00:00+00:00,4092.89,4098.98,4082.82,4083.54
2026-06-11 12:00:00+00:00,4083.54,4090.08,4060.94,4085.36
2026-06-11 13:00:00+00:00,4085.37,4095.89,4069.98,4086.84
2026-06-11 14:00:00+00:00,4086.85,4088.79,4056.41,4076.6
2026-06-11 15:00:00+00:00,4076.63,4097.94,4073.71,4091.6
2026-06-11 16:00:00+00:00,4091.55,4110.48,4081.62,4083.34
2026-06-11 17:00:00+00:00,4083.33,4171.71,4074.56,4154.32
2026-06-11 18:00:00+00:00,4154.33,4174.18,4134.22,4164.46
2026-06-11 19:00:00+00:00,4164.47,4221.25,4164.47,4210.43
2026-06-11 20:00:00+00:00,4210.26,4220.37,4210.0,4215.53
2026-06-11 21:00:00+00:00,4215.54,4217.12,4211.2,4213.84
2026-06-11 22:00:00+00:00,4213.84,4247.5,4206.32,4245.0
2026-06-11 23:00:00+00:00,4245.01,4247.13,4216.15,4222.39
2026-06-12 00:00:00+00:00,4222.38,4232.65,4203.0,4210.46
2026-06-12 01:00:00+00:00,4210.46,4213.59,4174.57,4189.98
2026-06-12 02:00:00+00:00,4190.0,4202.26,4185.5,4194.5
2026-06-12 03:00:00+00:00,4194.5,4207.44,4192.81,4199.91
2026-06-12 04:00:00+00:00,4199.99,4203.2,4192.24,4192.54
2026-06-12 05:00:00+00:00,4192.54,4195.29,4174.04,4176.38
2026-06-12 06:00:00+00:00,4176.39,4188.0,4175.59,4186.49
2026-06-12 07:00:00+00:00,4186.49,4196.15,4172.28,4196.15
2026-06-12 08:00:00+00:00,4196.16,4228.45,4193.86,4222.09
2026-06-12 09:00:00+00:00,4222.09,4231.12,4220.22,4224.17
2026-06-12 10:00:00+00:00,4224.18,4227.5,4204.78,4213.09
2026-06-12 11:00:00+00:00,4213.1,4217.37,4200.08,4209.31
2026-06-12 12:00:00+00:00,4209.54,4217.26,4191.65,4194.47
2026-06-12 13:00:00+00:00,4194.45,4211.97,4185.39,4188.65
2026-06-12 14:00:00+00:00,4188.65,4210.45,4180.27,4206.38
2026-06-12 15:00:00+00:00,4206.38,4238.46,4203.11,4214.15
2026-06-12 16:00:00+00:00,4214.25,4235.7,4210.16,4218.53
2026-06-12 17:00:00+00:00,4218.54,4228.21,4216.84,4223.96
2026-06-12 18:00:00+00:00,4223.97,4237.28,4217.2,4218.41
2026-06-12 19:00:00+00:00,4218.52,4222.49,4205.42,4214.34
2026-06-12 20:00:00+00:00,4214.35,4222.14,4212.94,4221.8
2026-06-12 21:00:00+00:00,4221.82,4221.85,4215.31,4217.92
2026-06-12 22:00:00+00:00,4217.92,4219.2,4215.5,4217.26
2026-06-12 23:00:00+00:00,4217.25,4220.94,4216.71,4220.76
2026-06-13 00:00:00+00:00,4220.76,4221.68,4219.0,4219.57
2026-06-13 01:00:00+00:00,4219.58,4222.38,4218.63,4222.37
2026-06-13 02:00:00+00:00,4222.37,4222.38,4219.1,4220.28
2026-06-13 03:00:00+00:00,4220.29,4221.25,4218.12,4220.54
2026-06-13 04:00:00+00:00,4220.54,4225.0,4220.0,4222.7
2026-06-13 05:00:00+00:00,4222.7,4223.92,4222.0,4223.07
2026-06-13 06:00:00+00:00,4223.08,4223.75,4221.03,4223.34
2026-06-13 07:00:00+00:00,4223.34,4225.94,4222.73,4224.94
2026-06-13 08:00:00+00:00,4224.94,4225.5,4222.71,4222.74
2026-06-13 09:00:00+00:00,4222.74,4225.04,4221.89,4224.33
2026-06-13 10:00:00+00:00,4224.33,4224.34,4221.98,4222.01
2026-06-13 11:00:00+00:00,4222.0,4225.4,4222.0,4223.96
2026-06-13 12:00:00+00:00,4223.97,4226.95,4223.96,4226.03
2026-06-13 13:00:00+00:00,4226.03,4228.0,4224.65,4226.39
2026-06-13 14:00:00+00:00,4226.38,4226.96,4223.0,4225.6
2026-06-13 15:00:00+00:00,4225.6,4228.5,4225.04,4227.1
2026-06-13 16:00:00+00:00,4227.11,4230.0,4211.0,4226.71
2026-06-13 17:00:00+00:00,4226.71,4227.62,4225.54,4225.6
2026-06-13 18:00:00+00:00,4225.59,4227.57,4225.01,4225.74
2026-06-13 19:00:00+00:00,4225.74,4228.0,4225.66,4227.83
2026-06-13 20:00:00+00:00,4227.83,4228.0,4227.66,4227.99
2026-06-13 21:00:00+00:00,4228.0,4232.11,4227.81,4232.11
2026-06-13 22:00:00+00:00,4232.11,4232.5,4230.41,4231.92
2026-06-13 23:00:00+00:00,4231.92,4231.92,4228.34,4230.84
2026-06-14 00:00:00+00:00,4230.85,4233.5,4228.66,4233.5
2026-06-14 01:00:00+00:00,4233.5,4233.52,4230.36,4230.55
2026-06-14 02:00:00+00:00,4230.55,4232.29,4229.3,4231.36
2026-06-14 03:00:00+00:00,4231.35,4231.85,4229.81,4231.3
2026-06-14 04:00:00+00:00,4231.31,4233.5,4231.07,4233.46
2026-06-14 05:00:00+00:00,4233.45,4234.91,4232.49,4232.84
2026-06-14 06:00:00+00:00,4232.83,4234.45,4232.83,4234.0
2026-06-14 07:00:00+00:00,4234.0,4234.66,4232.79,4234.24
2026-06-14 08:00:00+00:00,4234.25,4240.0,4234.24,4238.34
2026-06-14 09:00:00+00:00,4238.34,4238.83,4235.2,4235.66
2026-06-14 10:00:00+00:00,4235.66,4237.37,4230.15,4230.26
2026-06-14 11:00:00+00:00,4230.26,4234.94,4230.25,4233.7
2026-06-14 12:00:00+00:00,4233.7,4235.2,4224.7,4226.61
2026-06-14 13:00:00+00:00,4226.6,4229.26,4223.0,4223.71
2026-06-14 14:00:00+00:00,4223.71,4231.31,4220.5,4231.3
2026-06-14 15:00:00+00:00,4231.3,4233.16,4226.0,4226.65
2026-06-14 16:00:00+00:00,4226.65,4231.9,4225.16,4229.44
2026-06-14 17:00:00+00:00,4229.44,4231.68,4228.71,4229.24
2026-06-14 18:00:00+00:00,4229.25,4229.54,4224.55,4228.74
2026-06-14 19:00:00+00:00,4228.75,4230.0,4227.52,4229.62
2026-06-14 20:00:00+00:00,4229.62,4233.15,4226.88,4231.0
2026-06-14 21:00:00+00:00,4231.01,4293.17,4231.0,4292.72
2026-06-14 22:00:00+00:00,4292.72,4311.0,4268.05,4286.7
2026-06-14 23:00:00+00:00,4286.66,4295.8,4282.11,4295.03
2026-06-15 00:00:00+00:00,4295.02,4309.42,4293.05,4293.83
2026-06-15 01:00:00+00:00,4293.83,4320.94,4287.64,4318.56
2026-06-15 02:00:00+00:00,4318.57,4336.15,4318.18,4330.69
2026-06-15 03:00:00+00:00,4330.68,4332.42,4322.91,4326.0
2026-06-15 04:00:00+00:00,4326.0,4331.2,4322.24,4329.59
2026-06-15 05:00:00+00:00,4329.58,4334.47,4309.63,4311.53
2026-06-15 06:00:00+00:00,4311.53,4314.49,4303.23,4310.04
2026-06-15 07:00:00+00:00,4310.04,4326.2,4307.51,4324.83
2026-06-15 08:00:00+00:00,4324.82,4346.78,4323.2,4336.21
2026-06-15 09:00:00+00:00,4336.21,4344.59,4336.15,4338.55
2026-06-15 10:00:00+00:00,4338.55,4343.11,4337.34,4340.16
2026-06-15 11:00:00+00:00,4340.15,4349.0,4333.98,4336.88
2026-06-15 12:00:00+00:00,4336.95,4350.99,4327.0,4350.39
2026-06-15 13:00:00+00:00,4350.38,4369.99,4342.86,4356.88
2026-06-15 14:00:00+00:00,4356.86,4371.13,4354.73,4358.34
2026-06-15 15:00:00+00:00,4358.34,4362.54,4351.08,4358.15
2026-06-15 16:00:00+00:00,4358.14,4359.97,4336.15,4340.69
2026-06-15 17:00:00+00:00,4340.68,4340.68,4322.24,4326.76
2026-06-15 18:00:00+00:00,4326.58,4330.11,4319.8,4327.58
2026-06-15 19:00:00+00:00,4327.59,4328.75,4318.45,4323.06
2026-06-15 20:00:00+00:00,4322.92,4324.16,4309.41,4312.0
2026-06-15 21:00:00+00:00,4311.99,4313.99,4310.8,4311.74
2026-06-15 22:00:00+00:00,4311.73,4317.93,4307.46,4313.85
2026-06-15 23:00:00+00:00,4313.85,4321.2,4313.61,4317.83
2026-06-16 00:00:00+00:00,4317.83,4322.77,4309.11,4321.67
2026-06-16 01:00:00+00:00,4321.67,4327.99,4313.76,4315.39
2026-06-16 02:00:00+00:00,4315.4,4322.11,4309.52,4320.38
2026-06-16 03:00:00+00:00,4320.39,4335.39,4317.52,4333.16
2026-06-16 04:00:00+00:00,4333.16,4334.4,4322.77,4324.22
2026-06-16 05:00:00+00:00,4324.23,4332.48,4316.32,4317.69
2026-06-16 06:00:00+00:00,4317.69,4326.0,4315.32,4325.69
2026-06-16 07:00:00+00:00,4325.69,4337.06,4324.36,4336.6
2026-06-16 08:00:00+00:00,4336.6,4349.9,4334.31,4348.97
2026-06-16 09:00:00+00:00,4348.97,4349.93,4340.02,4346.6
2026-06-16 10:00:00+00:00,4346.61,4350.58,4343.86,4350.28
2026-06-16 11:00:00+00:00,4350.29,4350.95,4336.64,4342.91
2026-06-16 12:00:00+00:00,4342.85,4357.75,4339.63,4356.77
2026-06-16 13:00:00+00:00,4356.77,4357.15,4333.08,4333.37
2026-06-16 14:00:00+00:00,4333.38,4340.05,4314.42,4326.0
2026-06-16 15:00:00+00:00,4326.0,4345.55,4323.2,4337.6
2026-06-16 16:00:00+00:00,4337.6,4348.58,4337.33,4341.91
2026-06-16 17:00:00+00:00,4341.92,4342.49,4327.16,4342.17
2026-06-16 18:00:00+00:00,4342.17,4344.88,4338.2,4340.26
2026-06-16 19:00:00+00:00,4340.26,4344.56,4332.46,4335.77
2026-06-16 20:00:00+00:00,4335.76,4337.03,4332.36,4333.73
2026-06-16 21:00:00+00:00,4333.74,4335.29,4333.0,4333.73
2026-06-16 22:00:00+00:00,4333.73,4337.78,4330.24,4337.6
2026-06-16 23:00:00+00:00,4337.59,4340.48,4330.87,4332.59
2026-06-17 00:00:00+00:00,4332.59,4343.35,4329.91,4338.25
2026-06-17 01:00:00+00:00,4338.25,4351.17,4335.84,4342.83
2026-06-17 02:00:00+00:00,4342.83,4345.99,4332.06,4333.29
2026-06-17 03:00:00+00:00,4333.41,4335.94,4331.06,4334.21
2026-06-17 04:00:00+00:00,4334.21,4335.9,4320.21,4328.62
2026-06-17 05:00:00+00:00,4328.62,4335.53,4322.22,4327.75
2026-06-17 06:00:00+00:00,4327.76,4333.0,4322.17,4333.0
2026-06-17 07:00:00+00:00,4333.0,4334.32,4326.3,4326.83
2026-06-17 08:00:00+00:00,4326.82,4329.42,4318.26,4325.69
2026-06-17 09:00:00+00:00,4325.69,4336.59,4323.15,4330.98
2026-06-17 10:00:00+00:00,4330.98,4337.32,4328.2,4333.29
2026-06-17 11:00:00+00:00,4333.3,4333.89,4322.62,4324.71
2026-06-17 12:00:00+00:00,4324.72,4337.26,4322.0,4335.0
2026-06-17 13:00:00+00:00,4335.01,4347.11,4326.12,4341.26
2026-06-17 14:00:00+00:00,4341.25,4365.84,4333.27,4345.65
2026-06-17 15:00:00+00:00,4345.65,4366.59,4345.32,4365.47
2026-06-17 16:00:00+00:00,4365.47,4367.98,4357.0,4361.45
2026-06-17 17:00:00+00:00,4361.47,4384.94,4357.04,4381.57
2026-06-17 18:00:00+00:00,4381.57,4381.83,4272.0,4288.55
2026-06-17 19:00:00+00:00,4288.6,4298.28,4222.16,4238.74
2026-06-17 20:00:00+00:00,4238.73,4271.2,4237.61,4259.76
2026-06-17 21:00:00+00:00,4259.66,4262.0,4253.35,4255.98
2026-06-17 22:00:00+00:00,4255.98,4273.55,4255.88,4268.22
2026-06-17 23:00:00+00:00,4268.23,4284.99,4265.56,4279.29
2026-06-18 00:00:00+00:00,4279.29,4316.36,4278.0,4310.0
2026-06-18 01:00:00+00:00,4310.01,4329.13,4308.53,4319.32
2026-06-18 02:00:00+00:00,4319.32,4331.5,4312.0,4312.19
2026-06-18 03:00:00+00:00,4312.25,4323.65,4310.17,4320.81
2026-06-18 04:00:00+00:00,4320.72,4324.38,4310.81,4317.0
2026-06-18 05:00:00+00:00,4317.0,4326.25,4303.11,4309.65
2026-06-18 06:00:00+00:00,4309.69,4311.39,4297.8,4308.0
2026-06-18 07:00:00+00:00,4308.12,4310.99,4289.44,4290.74
2026-06-18 08:00:00+00:00,4290.74,4294.1,4267.69,4268.68
2026-06-18 09:00:00+00:00,4268.75,4275.5,4261.76,4270.88
2026-06-18 10:00:00+00:00,4270.89,4274.4,4256.92,4257.73
2026-06-18 11:00:00+00:00,4257.78,4258.18,4240.81,4244.24
2026-06-18 12:00:00+00:00,4244.23,4271.2,4242.73,4249.36
2026-06-18 13:00:00+00:00,4249.35,4278.61,4247.76,4258.4
2026-06-18 14:00:00+00:00,4258.4,4259.56,4239.13,4254.73
2026-06-18 15:00:00+00:00,4254.74,4257.0,4226.05,4228.64
2026-06-18 16:00:00+00:00,4228.6,4236.0,4217.14,4222.0
2026-06-18 17:00:00+00:00,4222.01,4235.31,4221.41,4232.99
2026-06-18 18:00:00+00:00,4233.0,4235.4,4221.09,4221.09
2026-06-18 19:00:00+00:00,4221.1,4221.6,4204.38,4219.92
2026-06-18 20:00:00+00:00,4219.8,4222.0,4210.68,4211.93
2026-06-18 21:00:00+00:00,4211.8,4221.84,4211.38,4213.44
2026-06-18 22:00:00+00:00,4213.43,4215.57,4205.18,4210.33
2026-06-18 23:00:00+00:00,4210.32,4210.94,4189.31,4190.93
2026-06-19 00:00:00+00:00,4190.93,4200.3,4186.31,4193.44
2026-06-19 01:00:00+00:00,4193.46,4197.75,4185.7,4187.28
2026-06-19 02:00:00+00:00,4187.27,4188.59,4175.02,4179.56
2026-06-19 03:00:00+00:00,4179.56,4180.29,4147.88,4155.61
2026-06-19 04:00:00+00:00,4155.56,4157.68,4127.83,4129.01
2026-06-19 05:00:00+00:00,4129.01,4145.4,4124.5,4143.49
2026-06-19 06:00:00+00:00,4143.54,4154.0,4136.1,4151.39
2026-06-19 07:00:00+00:00,4151.4,4164.94,4151.4,4160.83
2026-06-19 08:00:00+00:00,4160.91,4181.29,4159.0,4171.77
2026-06-19 09:00:00+00:00,4171.77,4173.36,4163.59,4165.4
2026-06-19 10:00:00+00:00,4165.4,4165.4,4151.16,4152.52
2026-06-19 11:00:00+00:00,4152.5,4157.9,4144.88,4155.49
2026-06-19 12:00:00+00:00,4155.49,4184.86,4149.84,4183.0
2026-06-19 13:00:00+00:00,4183.03,4185.51,4154.05,4155.29
2026-06-19 14:00:00+00:00,4155.22,4158.07,4145.56,4152.63
2026-06-19 15:00:00+00:00,4152.62,4157.64,4150.68,4154.65
2026-06-19 16:00:00+00:00,4154.65,4161.71,4148.1,4158.81
2026-06-19 17:00:00+00:00,4158.83,4161.93,4158.15,4160.24
2026-06-19 18:00:00+00:00,4160.23,4160.67,4151.11,4158.73
2026-06-19 19:00:00+00:00,4158.73,4162.99,4157.01,4162.5
2026-06-19 20:00:00+00:00,4162.5,4165.0,4160.8,4164.39
2026-06-19 21:00:00+00:00,4164.4,4165.0,4160.0,4160.99
2026-06-19 22:00:00+00:00,4161.0,4165.0,4158.51,4163.27
2026-06-19 23:00:00+00:00,4163.27,4164.21,4159.89,4161.3
2026-06-20 00:00:00+00:00,4161.3,4165.82,4159.2,4163.97
2026-06-20 01:00:00+00:00,4163.69,4164.17,4160.75,4161.71
2026-06-20 02:00:00+00:00,4161.71,4162.0,4159.55,4160.03
2026-06-20 03:00:00+00:00,4160.03,4161.41,4157.17,4160.01
2026-06-20 04:00:00+00:00,4160.0,4161.45,4159.94,4161.23
2026-06-20 05:00:00+00:00,4161.23,4161.45,4160.0,4160.41
2026-06-20 06:00:00+00:00,4160.41,4161.46,4160.01,4160.6
2026-06-20 07:00:00+00:00,4160.59,4160.82,4160.01,4160.23
2026-06-20 08:00:00+00:00,4160.23,4160.43,4158.0,4158.77
2026-06-20 09:00:00+00:00,4158.77,4160.39,4158.76,4159.06
2026-06-20 10:00:00+00:00,4159.06,4159.06,4157.5,4158.77
2026-06-20 11:00:00+00:00,4158.77,4161.38,4158.76,4161.05
2026-06-20 12:00:00+00:00,4161.05,4161.47,4160.24,4160.56
2026-06-20 13:00:00+00:00,4160.57,4160.57,4152.88,4154.67
2026-06-20 14:00:00+00:00,4154.66,4161.4,4153.0,4159.61
2026-06-20 15:00:00+00:00,4159.62,4161.4,4158.83,4160.39
2026-06-20 16:00:00+00:00,4160.4,4160.72,4157.62,4158.07
2026-06-20 17:00:00+00:00,4158.07,4158.08,4156.28,4156.71
2026-06-20 18:00:00+00:00,4156.7,4157.3,4156.59,4157.15
2026-06-20 19:00:00+00:00,4157.15,4157.3,4156.78,4157.3
2026-06-20 20:00:00+00:00,4157.3,4157.3,4156.45,4156.92
2026-06-20 21:00:00+00:00,4156.92,4157.3,4155.07,4156.41
2026-06-20 22:00:00+00:00,4156.41,4157.3,4155.96,4157.05
2026-06-20 23:00:00+00:00,4157.06,4157.3,4156.76,4157.22
2026-06-21 00:00:00+00:00,4157.22,4157.5,4157.04,4157.5
2026-06-21 01:00:00+00:00,4157.49,4157.5,4156.49,4157.27
2026-06-21 02:00:00+00:00,4157.28,4160.0,4157.27,4159.97
2026-06-21 03:00:00+00:00,4159.98,4163.62,4159.84,4162.15
2026-06-21 04:00:00+00:00,4162.15,4162.72,4159.99,4160.45
2026-06-21 05:00:00+00:00,4160.45,4169.13,4159.99,4168.83
2026-06-21 06:00:00+00:00,4168.83,4172.87,4165.4,4168.73
2026-06-21 07:00:00+00:00,4168.72,4169.8,4165.09,4165.46
2026-06-21 08:00:00+00:00,4165.46,4167.66,4161.32,4162.85
2026-06-21 09:00:00+00:00,4162.85,4168.75,4161.45,4166.77
2026-06-21 10:00:00+00:00,4166.77,4168.56,4165.19,4167.11
2026-06-21 11:00:00+00:00,4167.11,4168.12,4163.28,4164.58
2026-06-21 12:00:00+00:00,4164.59,4167.49,4162.0,4167.41
2026-06-21 13:00:00+00:00,4167.41,4168.87,4164.42,4166.14
2026-06-21 14:00:00+00:00,4166.14,4167.0,4163.55,4165.57
2026-06-21 15:00:00+00:00,4165.57,4169.74,4165.0,4168.7
2026-06-21 16:00:00+00:00,4168.7,4169.95,4166.31,4166.32
2026-06-21 17:00:00+00:00,4166.31,4167.4,4165.78,4167.25
2026-06-21 18:00:00+00:00,4167.24,4168.53,4164.37,4167.5
2026-06-21 19:00:00+00:00,4167.51,4172.07,4166.93,4169.32
2026-06-21 20:00:00+00:00,4169.33,4169.71,4165.5,4165.5
2026-06-21 21:00:00+00:00,4165.5,4167.5,4160.63,4161.23
2026-06-21 22:00:00+00:00,4161.23,4163.26,4143.0,4159.25
2026-06-21 23:00:00+00:00,4159.26,4167.29,4139.16,4142.65
2026-06-22 00:00:00+00:00,4142.65,4203.38,4142.01,4203.0
2026-06-22 01:00:00+00:00,4203.17,4222.29,4192.33,4193.61
2026-06-22 02:00:00+00:00,4193.76,4202.26,4186.11,4191.05
2026-06-22 03:00:00+00:00,4191.06,4192.5,4173.0,4174.03
2026-06-22 04:00:00+00:00,4174.03,4185.0,4173.37,4184.71
2026-06-22 05:00:00+00:00,4184.71,4200.43,4182.36,4196.04
2026-06-22 06:00:00+00:00,4196.04,4209.1,4194.0,4199.68
2026-06-22 07:00:00+00:00,4199.68,4203.9,4191.39,4192.66
2026-06-22 08:00:00+00:00,4192.65,4200.22,4190.83,4200.02
2026-06-22 09:00:00+00:00,4200.02,4212.9,4198.71,4210.78
2026-06-22 10:00:00+00:00,4210.78,4216.42,4205.59,4206.8
2026-06-22 11:00:00+00:00,4206.8,4217.04,4204.33,4210.02
2026-06-22 12:00:00+00:00,4210.02,4214.15,4195.0,4195.82
2026-06-22 13:00:00+00:00,4195.83,4207.95,4185.09,4202.72
2026-06-22 14:00:00+00:00,4202.72,4212.7,4189.15,4200.42
2026-06-22 15:00:00+00:00,4200.41,4203.08,4172.5,4185.59
2026-06-22 16:00:00+00:00,4185.59,4195.45,4177.0,4192.44
2026-06-22 17:00:00+00:00,4192.61,4193.96,4179.76,4185.71
2026-06-22 18:00:00+00:00,4185.71,4194.94,4185.3,4193.26
2026-06-22 19:00:00+00:00,4193.27,4195.45,4186.35,4192.99
2026-06-22 20:00:00+00:00,4193.0,4195.94,4191.37,4194.06
2026-06-22 21:00:00+00:00,4194.01,4195.62,4192.39,4192.81
2026-06-22 22:00:00+00:00,4192.81,4198.0,4190.04,4192.26
2026-06-22 23:00:00+00:00,4192.25,4197.86,4189.12,4190.03
2026-06-23 00:00:00+00:00,4190.0,4197.43,4180.5,4195.38
2026-06-23 01:00:00+00:00,4195.38,4201.45,4152.72,4164.41
2026-06-23 02:00:00+00:00,4164.4,4166.17,4149.21,4149.56
2026-06-23 03:00:00+00:00,4149.38,4151.85,4132.19,4147.26
2026-06-23 04:00:00+00:00,4147.25,4149.57,4116.85,4121.22
2026-06-23 05:00:00+00:00,4121.23,4139.97,4118.41,4123.98
2026-06-23 06:00:00+00:00,4123.99,4129.25,4112.87,4117.27
2026-06-23 07:00:00+00:00,4117.27,4127.32,4097.31,4101.5
2026-06-23 08:00:00+00:00,4101.49,4113.5,4094.46,4107.72
2026-06-23 09:00:00+00:00,4107.71,4124.11,4106.67,4124.11
2026-06-23 10:00:00+00:00,4124.12,4135.31,4122.0,4122.0
2026-06-23 11:00:00+00:00,4122.0,4134.24,4119.87,4125.88
2026-06-23 12:00:00+00:00,4125.92,4129.89,4114.37,4115.54
2026-06-23 13:00:00+00:00,4115.55,4142.99,4108.4,4138.4
2026-06-23 14:00:00+00:00,4138.34,4148.75,4125.77,4132.82
2026-06-23 15:00:00+00:00,4132.87,4143.67,4125.95,4140.66
2026-06-23 16:00:00+00:00,4140.66,4145.81,4134.12,4136.52
2026-06-23 17:00:00+00:00,4136.49,4142.15,4130.73,4130.73
2026-06-23 18:00:00+00:00,4130.74,4133.57,4115.53,4120.24
2026-06-23 19:00:00+00:00,4120.24,4128.79,4114.5,4114.5
2026-06-23 20:00:00+00:00,4114.44,4116.68,4111.29,4115.8
2026-06-23 21:00:00+00:00,4115.8,4126.56,4115.8,4120.15
2026-06-23 22:00:00+00:00,4120.15,4120.15,4100.11,4106.64
2026-06-23 23:00:00+00:00,4106.65,4106.77,4083.62,4101.72
2026-06-24 00:00:00+00:00,4101.64,4114.97,4096.76,4100.49
2026-06-24 01:00:00+00:00,4100.5,4105.5,4071.15,4092.0
2026-06-24 02:00:00+00:00,4092.0,4099.0,4055.14,4064.32
2026-06-24 03:00:00+00:00,4064.32,4073.24,4053.41,4065.61
2026-06-24 04:00:00+00:00,4065.61,4070.0,4057.34,4067.93
2026-06-24 05:00:00+00:00,4067.98,4088.49,4061.87,4079.28
2026-06-24 06:00:00+00:00,4079.36,4099.63,4079.16,4089.24
2026-06-24 07:00:00+00:00,4089.24,4092.8,4075.8,4076.98
2026-06-24 08:00:00+00:00,4076.97,4089.76,4075.74,4078.91
2026-06-24 09:00:00+00:00,4078.91,4081.5,4067.45,4067.91
2026-06-24 10:00:00+00:00,4067.9,4070.4,4058.06,4058.93
2026-06-24 11:00:00+00:00,4058.93,4061.98,4041.0,4049.33
2026-06-24 12:00:00+00:00,4049.32,4051.47,3991.44,3991.89
2026-06-24 13:00:00+00:00,3991.88,4045.0,3969.04,4040.43
2026-06-24 14:00:00+00:00,4040.43,4043.2,4006.08,4011.16
2026-06-24 15:00:00+00:00,4011.15,4019.26,4000.3,4005.12
2026-06-24 16:00:00+00:00,4005.13,4026.34,3998.63,4009.51
2026-06-24 17:00:00+00:00,4009.51,4014.59,3975.51,3975.68
2026-06-24 18:00:00+00:00,3975.65,3998.8,3962.48,3984.87
2026-06-24 19:00:00+00:00,3985.01,3994.86,3976.17,3992.07
2026-06-24 20:00:00+00:00,3992.07,4008.0,3988.61,4004.84
2026-06-24 21:00:00+00:00,4004.83,4014.07,4003.47,4013.8
2026-06-24 22:00:00+00:00,4013.8,4014.06,3995.73,3998.89
2026-06-24 23:00:00+00:00,3998.88,4021.9,3993.09,4015.31
2026-06-25 00:00:00+00:00,4015.31,4020.12,3981.01,3994.35
2026-06-25 01:00:00+00:00,3994.35,4008.24,3974.28,3978.74
2026-06-25 02:00:00+00:00,3978.74,3992.98,3965.97,3985.71
2026-06-25 03:00:00+00:00,3985.65,4003.41,3969.34,3997.92
2026-06-25 04:00:00+00:00,3997.72,3999.9,3986.6,3999.0
2026-06-25 05:00:00+00:00,3999.0,4002.93,3984.01,3989.43
2026-06-25 06:00:00+00:00,3989.42,3991.71,3977.5,3981.0
2026-06-25 07:00:00+00:00,3981.0,3992.49,3975.41,3990.02
2026-06-25 08:00:00+00:00,3990.03,4004.5,3987.01,3991.7
2026-06-25 09:00:00+00:00,3991.7,4000.99,3990.3,3991.5
2026-06-25 10:00:00+00:00,3991.49,3992.8,3984.54,3987.52
2026-06-25 11:00:00+00:00,3987.53,3990.51,3977.08,3983.03
2026-06-25 12:00:00+00:00,3983.03,4022.02,3981.77,4015.17
2026-06-25 13:00:00+00:00,4015.21,4036.72,4003.08,4004.34
2026-06-25 14:00:00+00:00,4004.34,4031.97,4002.0,4014.97
2026-06-25 15:00:00+00:00,4014.97,4045.68,4008.0,4043.85
2026-06-25 16:00:00+00:00,4043.84,4047.0,4027.0,4031.72
2026-06-25 17:00:00+00:00,4031.67,4039.37,4030.06,4037.54
2026-06-25 18:00:00+00:00,4037.54,4046.7,4029.01,4037.93
2026-06-25 19:00:00+00:00,4037.94,4047.0,4025.01,4029.35
2026-06-25 20:00:00+00:00,4029.32,4037.85,4026.73,4030.52
2026-06-25 21:00:00+00:00,4030.54,4036.78,4028.29,4034.31
2026-06-25 22:00:00+00:00,4034.31,4039.33,4022.11,4028.66
2026-06-25 23:00:00+00:00,4028.66,4033.14,4015.2,4017.38
2026-06-26 00:00:00+00:00,4017.33,4026.84,4013.78,4022.77
2026-06-26 01:00:00+00:00,4022.78,4032.0,4017.01,4023.92
2026-06-26 02:00:00+00:00,4023.94,4025.99,3985.35,3993.41
2026-06-26 03:00:00+00:00,3993.39,4009.89,3989.0,4007.4
2026-06-26 04:00:00+00:00,4007.5,4018.03,4002.35,4014.4
2026-06-26 05:00:00+00:00,4014.44,4024.93,4008.71,4010.61
2026-06-26 06:00:00+00:00,4010.63,4035.36,4009.26,4034.78
2026-06-26 07:00:00+00:00,4034.79,4042.22,4029.7,4033.29
2026-06-26 08:00:00+00:00,4033.28,4039.8,4028.32,4033.24
2026-06-26 09:00:00+00:00,4033.24,4057.53,4031.89,4049.7
2026-06-26 10:00:00+00:00,4049.7,4057.13,4044.62,4056.9
2026-06-26 11:00:00+00:00,4056.9,4057.79,4045.12,4047.89
2026-06-26 12:00:00+00:00,4047.89,4064.58,4038.53,4062.0
2026-06-26 13:00:00+00:00,4062.01,4079.92,4046.28,4075.97
2026-06-26 14:00:00+00:00,4075.97,4094.96,4070.29,4082.25
2026-06-26 15:00:00+00:00,4082.25,4097.77,4077.95,4093.04
2026-06-26 16:00:00+00:00,4093.04,4095.51,4084.32,4087.31
2026-06-26 17:00:00+00:00,4087.31,4089.82,4076.17,4077.41
2026-06-26 18:00:00+00:00,4077.41,4081.52,4070.26,4070.53
2026-06-26 19:00:00+00:00,4070.53,4077.1,4067.79,4074.08
2026-06-26 20:00:00+00:00,4074.15,4093.07,4068.15,4091.89
2026-06-26 21:00:00+00:00,4091.89,4091.89,4086.58,4087.21
2026-06-26 22:00:00+00:00,4087.22,4090.24,4086.7,4089.23
2026-06-26 23:00:00+00:00,4089.23,4090.91,4088.8,4089.51
2026-06-27 00:00:00+00:00,4089.5,4090.81,4087.2,4087.21
2026-06-27 01:00:00+00:00,4087.21,4090.85,4087.2,4089.5
2026-06-27 02:00:00+00:00,4089.5,4089.5,4088.3,4088.9
2026-06-27 03:00:00+00:00,4088.9,4090.51,4088.7,4089.22
2026-06-27 04:00:00+00:00,4089.22,4091.27,4087.38,4087.65
2026-06-27 05:00:00+00:00,4087.66,4088.34,4087.2,4087.5
2026-06-27 06:00:00+00:00,4087.5,4089.5,4087.0,4088.69
2026-06-27 07:00:00+00:00,4088.68,4090.12,4088.12,4089.55
2026-06-27 08:00:00+00:00,4089.55,4090.12,4088.0,4088.24
2026-06-27 09:00:00+00:00,4088.24,4089.0,4088.23,4089.0
2026-06-27 10:00:00+00:00,4088.99,4089.85,4088.8,4089.31
2026-06-27 11:00:00+00:00,4089.31,4090.17,4087.8,4089.39
2026-06-27 12:00:00+00:00,4089.4,4089.94,4087.81,4088.5
2026-06-27 13:00:00+00:00,4088.5,4089.5,4087.89,4088.96
2026-06-27 14:00:00+00:00,4088.96,4089.3,4087.45,4087.63
2026-06-27 15:00:00+00:00,4087.63,4090.0,4087.24,4089.15
2026-06-27 16:00:00+00:00,4089.14,4090.71,4089.14,4090.08
2026-06-27 17:00:00+00:00,4090.08,4090.08,4080.0,4083.3
2026-06-27 18:00:00+00:00,4083.3,4085.49,4083.0,4083.68
2026-06-27 19:00:00+00:00,4083.69,4084.44,4079.0,4081.49
2026-06-27 20:00:00+00:00,4081.49,4084.49,4080.8,4083.2
2026-06-27 21:00:00+00:00,4083.13,4087.6,4081.25,4082.53
2026-06-27 22:00:00+00:00,4082.53,4085.11,4080.94,4083.79
2026-06-27 23:00:00+00:00,4083.78,4084.39,4079.59,4081.68
2026-06-28 00:00:00+00:00,4081.68,4084.77,4081.68,4084.03
2026-06-28 01:00:00+00:00,4084.03,4085.8,4082.63,4085.02
2026-06-28 02:00:00+00:00,4085.02,4085.48,4084.12,4084.23
2026-06-28 03:00:00+00:00,4084.22,4084.5,4081.18,4081.72
2026-06-28 04:00:00+00:00,4081.72,4083.45,4081.0,4082.29
2026-06-28 05:00:00+00:00,4082.28,4083.27,4081.0,4082.6
2026-06-28 06:00:00+00:00,4082.6,4083.43,4081.02,4081.83
2026-06-28 07:00:00+00:00,4081.83,4083.4,4081.38,4083.35
2026-06-28 08:00:00+00:00,4083.36,4083.96,4081.96,4083.8
2026-06-28 09:00:00+00:00,4083.8,4085.0,4083.4,4085.0
2026-06-28 10:00:00+00:00,4085.0,4085.7,4082.24,4082.54
2026-06-28 11:00:00+00:00,4082.53,4082.98,4081.11,4081.56
2026-06-28 12:00:00+00:00,4081.64,4083.45,4081.64,4083.01
2026-06-28 13:00:00+00:00,4083.0,4083.3,4081.51,4083.0
2026-06-28 14:00:00+00:00,4083.06,4083.06,4080.04,4080.59
2026-06-28 15:00:00+00:00,4080.59,4081.59,4080.59,4081.59
2026-06-28 16:00:00+00:00,4081.6,4081.95,4081.17,4081.57
2026-06-28 17:00:00+00:00,4081.58,4085.0,4080.59,4084.0
2026-06-28 18:00:00+00:00,4084.01,4086.5,4083.51,4085.9
2026-06-28 19:00:00+00:00,4085.9,4087.25,4084.62,4086.9
2026-06-28 20:00:00+00:00,4086.9,4089.49,4086.54,4088.5
2026-06-28 21:00:00+00:00,4088.5,4089.05,4083.0,4085.68
2026-06-28 22:00:00+00:00,4085.69,4090.24,4055.37,4069.42
2026-06-28 23:00:00+00:00,4069.41,4073.45,4054.47,4065.01
2026-06-29 00:00:00+00:00,4065.01,4076.73,4051.01,4072.66
2026-06-29 01:00:00+00:00,4072.66,4077.07,4057.08,4063.68
2026-06-29 02:00:00+00:00,4063.69,4074.37,4061.5,4068.61
2026-06-29 03:00:00+00:00,4068.63,4078.54,4067.67,4071.22
2026-06-29 04:00:00+00:00,4071.21,4071.22,4053.0,4055.14
2026-06-29 05:00:00+00:00,4055.13,4059.99,4042.51,4057.15
2026-06-29 06:00:00+00:00,4057.15,4067.35,4056.44,4065.12
2026-06-29 07:00:00+00:00,4065.12,4070.65,4059.24,4064.11
2026-06-29 08:00:00+00:00,4064.11,4068.78,4046.16,4049.77
2026-06-29 09:00:00+00:00,4049.77,4057.4,4027.5,4034.51
2026-06-29 10:00:00+00:00,4034.51,4042.2,4030.73,4039.59
2026-06-29 11:00:00+00:00,4039.59,4045.75,4030.57,4042.5
2026-06-29 12:00:00+00:00,4042.5,4054.6,4040.63,4046.04
2026-06-29 13:00:00+00:00,4046.04,4053.69,4030.92,4034.7
2026-06-29 14:00:00+00:00,4034.76,4037.58,4001.68,4028.26
2026-06-29 15:00:00+00:00,4028.33,4033.8,4019.6,4029.87
2026-06-29 16:00:00+00:00,4029.83,4031.55,4021.89,4027.01
2026-06-29 17:00:00+00:00,4027.01,4035.58,4023.05,4024.64
2026-06-29 18:00:00+00:00,4024.64,4028.73,4015.72,4016.89
2026-06-29 19:00:00+00:00,4016.88,4023.49,4009.07,4019.09
2026-06-29 20:00:00+00:00,4019.1,4022.29,4016.61,4019.96
2026-06-29 21:00:00+00:00,4020.0,4026.0,4019.82,4024.04
2026-06-29 22:00:00+00:00,4024.03,4025.29,4012.44,4017.04
2026-06-29 23:00:00+00:00,4017.1,4024.87,4016.8,4017.81
2026-06-30 00:00:00+00:00,4017.8,4018.12,3982.39,3990.56
2026-06-30 01:00:00+00:00,3990.56,3990.79,3948.18,3972.26
2026-06-30 02:00:00+00:00,3972.25,3975.98,3955.1,3965.79
2026-06-30 03:00:00+00:00,3965.8,3973.64,3963.42,3972.08
2026-06-30 04:00:00+00:00,3972.02,3999.76,3971.13,3987.94
2026-06-30 05:00:00+00:00,3987.93,3992.97,3978.25,3980.76
2026-06-30 06:00:00+00:00,3980.77,4037.41,3980.77,4032.28
2026-06-30 07:00:00+00:00,4032.21,4037.72,4026.13,4034.58
2026-06-30 08:00:00+00:00,4034.58,4040.0,4016.58,4018.4
2026-06-30 09:00:00+00:00,4018.44,4026.56,4014.46,4026.56
2026-06-30 10:00:00+00:00,4026.56,4034.3,4024.57,4032.44
2026-06-30 11:00:00+00:00,4032.44,4039.45,4028.02,4035.88
2026-06-30 12:00:00+00:00,4035.89,4036.46,4011.05,4012.45
2026-06-30 13:00:00+00:00,4012.4,4036.36,4012.0,4032.03
2026-06-30 14:00:00+00:00,4032.04,4066.2,4027.72,4039.84
2026-06-30 15:00:00+00:00,4039.79,4041.9,4025.5,4031.88
2026-06-30 16:00:00+00:00,4031.87,4036.25,4028.23,4028.69
2026-06-30 17:00:00+00:00,4028.7,4035.88,4023.03,4033.37
2026-06-30 18:00:00+00:00,4033.37,4036.25,4030.73,4031.39
2026-06-30 19:00:00+00:00,4031.39,4032.0,4018.48,4019.5
2026-06-30 20:00:00+00:00,4019.5,4024.31,4010.3,4011.24
2026-06-30 21:00:00+00:00,4011.24,4017.37,4011.0,4016.64
2026-06-30 22:00:00+00:00,4016.64,4020.44,4014.73,4015.38
2026-06-30 23:00:00+00:00,4015.38,4020.38,4007.55,4007.73
2026-07-01 00:00:00+00:00,4007.73,4012.33,3996.2,3999.93
2026-07-01 01:00:00+00:00,3999.86,4002.99,3977.24,3981.1
2026-07-01 02:00:00+00:00,3981.1,3989.5,3974.01,3982.53
2026-07-01 03:00:00+00:00,3982.52,3990.0,3980.16,3983.61
2026-07-01 04:00:00+00:00,3983.61,3985.7,3976.05,3980.17
2026-07-01 05:00:00+00:00,3980.17,3982.0,3972.49,3977.83
2026-07-01 06:00:00+00:00,3977.81,3980.08,3965.45,3974.04
2026-07-01 07:00:00+00:00,3974.05,3980.25,3962.75,3978.01
2026-07-01 08:00:00+00:00,3978.0,3986.53,3972.45,3976.76
2026-07-01 09:00:00+00:00,3976.76,3988.19,3975.39,3987.01
2026-07-01 10:00:00+00:00,3987.0,4000.8,3983.78,4000.57
2026-07-01 11:00:00+00:00,4000.56,4037.1,4000.3,4031.95
2026-07-01 12:00:00+00:00,4031.96,4035.45,4021.82,4024.95
2026-07-01 13:00:00+00:00,4024.95,4109.75,4014.47,4091.11
2026-07-01 14:00:00+00:00,4091.12,4116.82,4083.06,4094.9
2026-07-01 15:00:00+00:00,4094.89,4095.94,4078.41,4082.46
2026-07-01 16:00:00+00:00,4082.46,4089.5,4071.8,4072.56
2026-07-01 17:00:00+00:00,4072.56,4075.0,4069.1,4070.45
2026-07-01 18:00:00+00:00,4070.46,4073.69,4060.27,4064.59
2026-07-01 19:00:00+00:00,4064.59,4070.55,4037.5,4041.35
2026-07-01 20:00:00+00:00,4041.23,4042.2,4031.31,4034.58
2026-07-01 21:00:00+00:00,4034.59,4038.75,4034.59,4037.25
2026-07-01 22:00:00+00:00,4037.25,4048.0,4034.6,4047.81
2026-07-01 23:00:00+00:00,4047.8,4047.8,4035.82,4037.15
2026-07-02 00:00:00+00:00,4037.22,4055.67,4033.33,4054.67
2026-07-02 01:00:00+00:00,4054.67,4070.98,4048.03,4053.15
2026-07-02 02:00:00+00:00,4053.14,4063.26,4044.0,4060.18
2026-07-02 03:00:00+00:00,4060.18,4076.77,4058.04,4072.68
2026-07-02 04:00:00+00:00,4072.68,4075.73,4063.07,4063.14
2026-07-02 05:00:00+00:00,4063.14,4070.56,4056.03,4068.8
2026-07-02 06:00:00+00:00,4068.81,4082.49,4067.87,4075.72
2026-07-02 07:00:00+00:00,4075.65,4077.5,4063.08,4066.49
2026-07-02 08:00:00+00:00,4066.49,4082.7,4063.77,4079.25
2026-07-02 09:00:00+00:00,4079.26,4080.0,4066.8,4068.32
2026-07-02 10:00:00+00:00,4068.33,4071.56,4064.16,4069.35
2026-07-02 11:00:00+00:00,4069.35,4074.52,4060.28,4067.92
2026-07-02 12:00:00+00:00,4067.92,4142.66,4064.32,4119.99
2026-07-02 13:00:00+00:00,4119.99,4145.99,4112.03,4137.21
2026-07-02 14:00:00+00:00,4137.21,4138.64,4115.51,4130.6
2026-07-02 15:00:00+00:00,4130.6,4133.07,4117.01,4129.98
2026-07-02 16:00:00+00:00,4129.99,4131.6,4103.03,4119.67
2026-07-02 17:00:00+00:00,4119.67,4121.9,4108.39,4109.12
2026-07-02 18:00:00+00:00,4109.11,4128.41,4108.32,4124.02
2026-07-02 19:00:00+00:00,4124.02,4126.04,4111.18,4123.5
2026-07-02 20:00:00+00:00,4123.37,4127.18,4119.0,4125.22
2026-07-02 21:00:00+00:00,4125.23,4127.6,4124.05,4127.6
2026-07-02 22:00:00+00:00,4127.59,4130.0,4124.52,4126.72
2026-07-02 23:00:00+00:00,4126.72,4136.52,4124.2,4129.09
2026-07-03 00:00:00+00:00,4129.08,4153.45,4126.0,4150.0
2026-07-03 01:00:00+00:00,4150.0,4196.86,4149.25,4183.65
2026-07-03 02:00:00+00:00,4183.65,4187.1,4176.67,4184.5
2026-07-03 03:00:00+00:00,4184.49,4185.38,4176.2,4176.52
2026-07-03 04:00:00+00:00,4176.53,4183.59,4174.45,4179.47
2026-07-03 05:00:00+00:00,4179.47,4182.32,4171.0,4172.27
2026-07-03 06:00:00+00:00,4172.27,4176.0,4162.27,4175.34
2026-07-03 07:00:00+00:00,4175.33,4183.96,4170.68,4179.64
2026-07-03 08:00:00+00:00,4179.63,4188.0,4179.34,4183.0
2026-07-03 09:00:00+00:00,4183.01,4183.84,4170.33,4174.07
2026-07-03 10:00:00+00:00,4174.06,4183.02,4172.95,4179.05
2026-07-03 11:00:00+00:00,4179.05,4187.8,4177.58,4182.86
2026-07-03 12:00:00+00:00,4182.86,4185.1,4174.3,4179.26
2026-07-03 13:00:00+00:00,4179.25,4181.6,4166.18,4167.2
2026-07-03 14:00:00+00:00,4167.2,4173.55,4157.33,4172.71
2026-07-03 15:00:00+00:00,4172.53,4176.86,4167.28,4167.56
2026-07-03 16:00:00+00:00,4167.55,4178.25,4165.44,4177.04
2026-07-03 17:00:00+00:00,4177.03,4177.79,4175.22,4175.99
2026-07-03 18:00:00+00:00,4176.0,4178.76,4175.51,4178.49
2026-07-03 19:00:00+00:00,4178.49,4178.99,4177.47,4177.93
2026-07-03 20:00:00+00:00,4177.94,4180.95,4177.7,4179.45
2026-07-03 21:00:00+00:00,4179.45,4180.03,4177.76,4179.68
2026-07-03 22:00:00+00:00,4179.69,4179.85,4173.01,4177.05
2026-07-03 23:00:00+00:00,4177.04,4178.24,4175.64,4176.26
2026-07-04 00:00:00+00:00,4176.26,4177.68,4172.15,4173.24
2026-07-04 01:00:00+00:00,4173.24,4175.53,4172.0,4175.46
2026-07-04 02:00:00+00:00,4175.47,4175.71,4174.39,4175.02
2026-07-04 03:00:00+00:00,4175.02,4177.29,4175.0,4176.34
2026-07-04 04:00:00+00:00,4176.34,4176.39,4175.19,4175.65
2026-07-04 05:00:00+00:00,4175.66,4175.71,4173.9,4174.26
2026-07-04 06:00:00+00:00,4174.25,4175.85,4174.25,4175.51
2026-07-04 07:00:00+00:00,4175.52,4176.15,4175.08,4175.89
2026-07-04 08:00:00+00:00,4175.89,4176.9,4175.6,4175.99
2026-07-04 09:00:00+00:00,4176.0,4179.5,4175.93,4178.72
2026-07-04 10:00:00+00:00,4178.72,4178.91,4177.04,4177.54
2026-07-04 11:00:00+00:00,4177.54,4177.89,4176.0,4176.66
2026-07-04 12:00:00+00:00,4176.67,4177.77,4176.46,4177.06
2026-07-04 13:00:00+00:00,4177.08,4177.99,4176.21,4177.24
2026-07-04 14:00:00+00:00,4177.25,4177.75,4176.21,4176.96
2026-07-04 15:00:00+00:00,4176.95,4179.44,4176.68,4179.38
2026-07-04 16:00:00+00:00,4179.38,4179.5,4177.85,4177.86
2026-07-04 17:00:00+00:00,4177.86,4179.85,4176.51,4179.64
2026-07-04 18:00:00+00:00,4179.63,4179.8,4175.0,4175.92
2026-07-04 19:00:00+00:00,4175.93,4178.39,4175.08,4176.81
2026-07-04 20:00:00+00:00,4176.81,4178.89,4176.51,4177.56
2026-07-04 21:00:00+00:00,4177.55,4179.16,4177.3,4178.85
2026-07-04 22:00:00+00:00,4178.85,4179.8,4177.81,4178.99
2026-07-04 23:00:00+00:00,4178.99,4179.79,4177.75,4179.49
2026-07-05 00:00:00+00:00,4179.49,4179.78,4177.69,4178.06
2026-07-05 01:00:00+00:00,4178.06,4179.6,4178.02,4178.99
2026-07-05 02:00:00+00:00,4179.09,4179.3,4176.35,4176.38
2026-07-05 03:00:00+00:00,4176.38,4178.0,4176.38,4177.46
2026-07-05 04:00:00+00:00,4177.46,4178.4,4177.24,4178.19
2026-07-05 05:00:00+00:00,4178.19,4179.2,4177.81,4178.72
2026-07-05 06:00:00+00:00,4178.71,4179.23,4178.01,4178.75
2026-07-05 07:00:00+00:00,4178.76,4179.0,4178.09,4178.74
2026-07-05 08:00:00+00:00,4178.74,4179.3,4178.05,4179.29
2026-07-05 09:00:00+00:00,4179.3,4179.7,4177.35,4178.33
2026-07-05 10:00:00+00:00,4178.33,4179.58,4177.73,4179.46
2026-07-05 11:00:00+00:00,4179.47,4181.15,4179.46,4180.65
2026-07-05 12:00:00+00:00,4180.64,4180.65,4179.72,4179.98
2026-07-05 13:00:00+00:00,4179.98,4180.2,4178.56,4179.5
2026-07-05 14:00:00+00:00,4179.5,4180.1,4179.37,4179.58
2026-07-05 15:00:00+00:00,4179.57,4180.65,4178.44,4178.88
2026-07-05 16:00:00+00:00,4178.88,4180.53,4178.88,4179.99
2026-07-05 17:00:00+00:00,4180.0,4181.99,4179.46,4180.8
2026-07-05 18:00:00+00:00,4180.8,4181.52,4180.22,4181.2
2026-07-05 19:00:00+00:00,4181.21,4181.99,4180.37,4181.32
2026-07-05 20:00:00+00:00,4181.38,4184.14,4181.32,4182.51
2026-07-05 21:00:00+00:00,4182.52,4182.52,4179.24,4182.02
2026-07-05 22:00:00+00:00,4182.02,4193.08,4175.5,4190.51
2026-07-05 23:00:00+00:00,4190.53,4202.98,4179.24,4185.19
2026-07-06 00:00:00+00:00,4185.2,4190.5,4172.77,4181.85
2026-07-06 01:00:00+00:00,4181.85,4204.41,4175.2,4188.02
2026-07-06 02:00:00+00:00,4188.02,4189.56,4170.52,4175.59
2026-07-06 03:00:00+00:00,4175.59,4177.82,4162.66,4167.44
2026-07-06 04:00:00+00:00,4167.43,4168.0,4158.22,4161.74
2026-07-06 05:00:00+00:00,4161.73,4162.97,4147.0,4150.3
2026-07-06 06:00:00+00:00,4150.3,4161.15,4147.69,4151.95
2026-07-06 07:00:00+00:00,4151.95,4167.75,4149.45,4166.15
2026-07-06 08:00:00+00:00,4166.15,4167.51,4149.31,4152.88
2026-07-06 09:00:00+00:00,4152.86,4153.0,4138.03,4145.66
2026-07-06 10:00:00+00:00,4145.67,4157.38,4144.4,4156.71
2026-07-06 11:00:00+00:00,4156.88,4161.32,4153.25,4156.62
2026-07-06 12:00:00+00:00,4156.62,4160.01,4134.0,4141.26
2026-07-06 13:00:00+00:00,4141.26,4153.0,4138.85,4143.44
2026-07-06 14:00:00+00:00,4143.43,4149.85,4131.45,4140.62
2026-07-06 15:00:00+00:00,4140.63,4154.39,4140.05,4150.47
2026-07-06 16:00:00+00:00,4150.46,4158.58,4142.88,4157.72
2026-07-06 17:00:00+00:00,4157.73,4163.74,4153.15,4163.73
2026-07-06 18:00:00+00:00,4163.72,4170.0,4158.0,4166.04
2026-07-06 19:00:00+00:00,4166.05,4167.52,4161.1,4165.9
2026-07-06 20:00:00+00:00,4165.91,4168.31,4163.58,4167.66
2026-07-06 21:00:00+00:00,4167.66,4173.93,4167.38,4168.64
2026-07-06 22:00:00+00:00,4168.63,4170.77,4165.77,4166.5
2026-07-06 23:00:00+00:00,4166.51,4167.61,4159.0,4159.44
2026-07-07 00:00:00+00:00,4159.44,4164.17,4146.8,4147.13
2026-07-07 01:00:00+00:00,4147.14,4149.46,4128.0,4143.76
2026-07-07 02:00:00+00:00,4143.76,4147.0,4133.63,4138.5
2026-07-07 03:00:00+00:00,4138.51,4141.69,4127.07,4133.76
2026-07-07 04:00:00+00:00,4133.76,4143.22,4128.26,4129.0
2026-07-07 05:00:00+00:00,4128.99,4132.91,4118.74,4125.65
2026-07-07 06:00:00+00:00,4125.65,4135.34,4123.69,4132.76
2026-07-07 07:00:00+00:00,4132.76,4135.4,4127.1,4127.48
2026-07-07 08:00:00+00:00,4127.48,4141.05,4124.45,4128.49
2026-07-07 09:00:00+00:00,4128.5,4135.5,4122.58,4133.88
2026-07-07 10:00:00+00:00,4133.88,4141.62,4133.88,4137.58
2026-07-07 11:00:00+00:00,4137.59,4161.16,4133.63,4159.58
2026-07-07 12:00:00+00:00,4159.59,4176.91,4157.53,4174.02
2026-07-07 13:00:00+00:00,4174.03,4182.91,4158.58,4161.13
2026-07-07 14:00:00+00:00,4161.13,4166.36,4145.21,4156.44
2026-07-07 15:00:00+00:00,4156.44,4157.81,4138.01,4141.17
2026-07-07 16:00:00+00:00,4141.17,4149.68,4139.5,4147.09
2026-07-07 17:00:00+00:00,4147.1,4150.4,4142.67,4146.51
2026-07-07 18:00:00+00:00,4146.53,4147.14,4127.6,4129.41
2026-07-07 19:00:00+00:00,4129.4,4130.07,4095.05,4116.97
2026-07-07 20:00:00+00:00,4116.96,4118.35,4106.0,4108.29
2026-07-07 21:00:00+00:00,4108.29,4111.44,4107.91,4110.36
2026-07-07 22:00:00+00:00,4110.36,4110.36,4093.34,4100.81
2026-07-07 23:00:00+00:00,4100.8,4109.8,4098.15,4100.87
2026-07-08 00:00:00+00:00,4100.72,4128.4,4099.31,4114.43
2026-07-08 01:00:00+00:00,4114.43,4119.77,4098.5,4113.29
2026-07-08 02:00:00+00:00,4113.3,4126.23,4108.1,4116.43
2026-07-08 03:00:00+00:00,4116.44,4132.78,4116.44,4125.41
2026-07-08 04:00:00+00:00,4125.38,4130.41,4122.61,4127.18
2026-07-08 05:00:00+00:00,4127.17,4135.79,4123.13,4129.71
2026-07-08 06:00:00+00:00,4129.76,4135.9,4124.63,4125.9
2026-07-08 07:00:00+00:00,4125.9,4129.19,4115.84,4122.91
2026-07-08 08:00:00+00:00,4122.9,4123.33,4054.46,4058.75
2026-07-08 09:00:00+00:00,4058.84,4063.45,4044.0,4046.0
2026-07-08 10:00:00+00:00,4046.0,4060.86,4043.0,4055.54
2026-07-08 11:00:00+00:00,4055.53,4074.9,4044.21,4064.48
2026-07-08 12:00:00+00:00,4064.51,4087.95,4061.04,4074.03
2026-07-08 13:00:00+00:00,4074.06,4084.37,4068.41,4073.24
2026-07-08 14:00:00+00:00,4073.25,4073.87,4036.57,4044.2
2026-07-08 15:00:00+00:00,4044.2,4046.16,4024.54,4037.22
2026-07-08 16:00:00+00:00,4037.22,4067.05,4036.41,4066.02
2026-07-08 17:00:00+00:00,4066.02,4078.6,4062.39,4068.09
2026-07-08 18:00:00+00:00,4068.0,4093.34,4065.77,4086.41
2026-07-08 19:00:00+00:00,4086.42,4092.91,4081.18,4082.6
2026-07-08 20:00:00+00:00,4082.59,4085.51,4074.58,4079.76
2026-07-08 21:00:00+00:00,4079.77,4082.71,4079.34,4081.44
2026-07-08 22:00:00+00:00,4081.44,4081.65,4075.25,4078.85
2026-07-08 23:00:00+00:00,4078.85,4079.82,4074.14,4078.36
2026-07-09 00:00:00+00:00,4078.37,4091.74,4072.72,4075.83
2026-07-09 01:00:00+00:00,4075.84,4080.5,4065.01,4075.04
2026-07-09 02:00:00+00:00,4074.98,4084.56,4066.63,4067.3
2026-07-09 03:00:00+00:00,4067.3,4069.82,4056.95,4066.1
2026-07-09 04:00:00+00:00,4066.1,4067.0,4059.0,4066.98
2026-07-09 05:00:00+00:00,4066.99,4086.92,4066.37,4084.64
2026-07-09 06:00:00+00:00,4084.63,4109.77,4084.23,4109.69
2026-07-09 07:00:00+00:00,4109.69,4113.0,4103.5,4109.7
2026-07-09 08:00:00+00:00,4109.7,4119.35,4107.19,4110.61
2026-07-09 09:00:00+00:00,4110.61,4114.15,4105.33,4108.25
2026-07-09 10:00:00+00:00,4108.24,4111.61,4096.4,4101.35
2026-07-09 11:00:00+00:00,4101.35,4112.96,4100.32,4110.81
2026-07-09 12:00:00+00:00,4110.8,4125.89,4107.22,4109.85
2026-07-09 13:00:00+00:00,4109.85,4131.4,4108.91,4123.7
2026-07-09 14:00:00+00:00,4123.69,4138.77,4115.6,4129.33
2026-07-09 15:00:00+00:00,4129.33,4134.85,4126.8,4128.79
2026-07-09 16:00:00+00:00,4128.8,4139.53,4127.87,4129.79
2026-07-09 17:00:00+00:00,4129.78,4139.34,4126.61,4137.7
2026-07-09 18:00:00+00:00,4137.71,4137.77,4123.01,4126.29
2026-07-09 19:00:00+00:00,4126.29,4128.47,4120.77,4124.79
2026-07-09 20:00:00+00:00,4124.73,4127.49,4122.93,4126.01
2026-07-09 21:00:00+00:00,4126.01,4130.0,4124.45,4128.08
2026-07-09 22:00:00+00:00,4128.09,4129.46,4123.29,4124.13
2026-07-09 23:00:00+00:00,4124.13,4127.12,4123.37,4125.61
2026-07-10 00:00:00+00:00,4125.61,4130.68,4116.61,4128.66
2026-07-10 01:00:00+00:00,4128.66,4132.88,4111.3,4119.36
2026-07-10 02:00:00+00:00,4119.37,4131.37,4118.6,4129.79
2026-07-10 03:00:00+00:00,4129.79,4138.13,4121.47,4122.16
2026-07-10 04:00:00+00:00,4122.17,4123.52,4114.68,4117.29
2026-07-10 05:00:00+00:00,4117.3,4119.51,4110.57,4119.34
2026-07-10 06:00:00+00:00,4119.35,4122.26,4113.75,4113.9
2026-07-10 07:00:00+00:00,4113.89,4117.34,4106.78,4110.93
2026-07-10 08:00:00+00:00,4110.93,4111.44,4097.69,4100.46
2026-07-10 09:00:00+00:00,4100.47,4107.89,4097.04,4106.95
2026-07-10 10:00:00+00:00,4107.06,4114.92,4106.73,4107.03
2026-07-10 11:00:00+00:00,4107.03,4110.37,4098.62,4104.98
2026-07-10 12:00:00+00:00,4104.98,4120.0,4100.23,4103.02
2026-07-10 13:00:00+00:00,4103.02,4108.71,4088.02,4102.56
2026-07-10 14:00:00+00:00,4102.56,4111.14,4075.34,4095.55
2026-07-10 15:00:00+00:00,4095.53,4115.83,4094.0,4115.1
2026-07-10 16:00:00+00:00,4115.1,4117.27,4107.0,4107.03
2026-07-10 17:00:00+00:00,4107.02,4109.67,4102.62,4103.0
2026-07-10 18:00:00+00:00,4103.0,4108.63,4100.42,4103.66
2026-07-10 19:00:00+00:00,4103.66,4110.49,4100.36,4110.09
2026-07-10 20:00:00+00:00,4110.08,4122.06,4110.01,4121.33
2026-07-10 21:00:00+00:00,4121.25,4121.94,4118.88,4121.24
2026-07-10 22:00:00+00:00,4121.28,4121.91,4118.9,4118.99
2026-07-10 23:00:00+00:00,4119.0,4120.89,4119.0,4119.12
2026-07-11 00:00:00+00:00,4119.12,4120.66,4118.0,4118.1
2026-07-11 01:00:00+00:00,4118.1,4118.11,4116.19,4116.45
2026-07-11 02:00:00+00:00,4116.44,4119.4,4116.44,4117.76
2026-07-11 03:00:00+00:00,4117.77,4118.19,4116.7,4117.32
2026-07-11 04:00:00+00:00,4117.32,4117.78,4117.27,4117.56
2026-07-11 05:00:00+00:00,4117.57,4119.33,4117.21,4119.17
2026-07-11 06:00:00+00:00,4119.18,4119.85,4118.28,4119.21
2026-07-11 07:00:00+00:00,4119.29,4119.89,4117.86,4118.45
2026-07-11 08:00:00+00:00,4118.44,4119.7,4118.37,4118.86
2026-07-11 09:00:00+00:00,4118.85,4122.3,4117.12,4120.92
2026-07-11 10:00:00+00:00,4120.87,4121.99,4119.61,4120.22
2026-07-11 11:00:00+00:00,4120.23,4120.73,4119.42,4119.91
2026-07-11 12:00:00+00:00,4119.91,4120.01,4118.1,4119.25
2026-07-11 13:00:00+00:00,4119.31,4122.77,4117.5,4119.78
2026-07-11 14:00:00+00:00,4119.78,4121.13,4118.72,4120.52
2026-07-11 15:00:00+00:00,4120.53,4120.53,4115.0,4117.28
2026-07-11 16:00:00+00:00,4117.27,4118.72,4116.48,4117.12
2026-07-11 17:00:00+00:00,4117.11,4118.18,4116.59,4116.95
2026-07-11 18:00:00+00:00,4117.03,4117.55,4115.34,4116.24
2026-07-11 19:00:00+00:00,4116.24,4116.65,4115.29,4115.38
2026-07-11 20:00:00+00:00,4115.38,4116.75,4115.18,4115.71
2026-07-11 21:00:00+00:00,4115.72,4116.59,4112.0,4115.17
2026-07-11 22:00:00+00:00,4115.17,4116.13,4112.91,4114.09
2026-07-11 23:00:00+00:00,4114.1,4115.08,4111.03,4112.09
2026-07-12 00:00:00+00:00,4112.08,4113.74,4109.02,4109.81
2026-07-12 01:00:00+00:00,4109.82,4112.7,4109.04,4109.73
2026-07-12 02:00:00+00:00,4109.74,4111.0,4108.06,4110.33
2026-07-12 03:00:00+00:00,4110.33,4110.79,4109.79,4110.65
2026-07-12 04:00:00+00:00,4110.65,4110.95,4109.27,4109.31
2026-07-12 05:00:00+00:00,4109.3,4109.59,4107.15,4107.6
2026-07-12 06:00:00+00:00,4107.6,4108.22,4107.01,4108.11
2026-07-12 07:00:00+00:00,4108.1,4108.96,4107.73,4108.26
2026-07-12 08:00:00+00:00,4108.27,4108.98,4107.86,4107.93
2026-07-12 09:00:00+00:00,4107.87,4108.59,4106.9,4107.71
2026-07-12 10:00:00+00:00,4107.71,4108.33,4107.09,4107.61
2026-07-12 11:00:00+00:00,4107.61,4107.97,4106.28,4106.56
2026-07-12 12:00:00+00:00,4106.56,4106.59,4105.0,4105.74
2026-07-12 13:00:00+00:00,4105.74,4105.74,4103.0,4103.65
2026-07-12 14:00:00+00:00,4103.65,4105.19,4102.88,4104.93
2026-07-12 15:00:00+00:00,4104.94,4110.1,4104.77,4108.01
2026-07-12 16:00:00+00:00,4108.01,4108.4,4106.62,4106.76
2026-07-12 17:00:00+00:00,4106.76,4106.76,4104.55,4104.99
2026-07-12 18:00:00+00:00,4104.98,4106.49,4104.36,4105.29
2026-07-12 19:00:00+00:00,4105.29,4105.69,4103.49,4103.9
2026-07-12 20:00:00+00:00,4103.89,4106.98,4103.51,4105.87
2026-07-12 21:00:00+00:00,4105.88,4106.18,4099.5,4099.99
2026-07-12 22:00:00+00:00,4099.99,4105.86,4073.2,4078.97
2026-07-12 23:00:00+00:00,4078.97,4086.59,4071.24,4086.34
2026-07-13 00:00:00+00:00,4086.33,4093.2,4064.03,4076.13
2026-07-13 01:00:00+00:00,4076.14,4091.55,4068.2,4074.2
2026-07-13 02:00:00+00:00,4074.2,4079.71,4067.37,4070.76
2026-07-13 03:00:00+00:00,4070.76,4071.27,4056.23,4062.93
2026-07-13 04:00:00+00:00,4062.92,4062.93,4053.03,4061.12
2026-07-13 05:00:00+00:00,4061.12,4074.9,4054.59,4056.34
2026-07-13 06:00:00+00:00,4056.34,4066.05,4046.43,4057.83
2026-07-13 07:00:00+00:00,4057.82,4067.24,4051.73,4066.7
2026-07-13 08:00:00+00:00,4066.72,4082.69,4066.01,4076.77
2026-07-13 09:00:00+00:00,4076.77,4078.5,4070.59,4070.75
2026-07-13 10:00:00+00:00,4070.75,4072.72,4050.45,4062.56
2026-07-13 11:00:00+00:00,4062.57,4070.36,4057.81,4059.21
2026-07-13 12:00:00+00:00,4059.21,4069.38,4055.72,4069.38
2026-07-13 13:00:00+00:00,4069.38,4069.68,4044.46,4045.73
2026-07-13 14:00:00+00:00,4045.74,4049.55,4002.51,4018.1
2026-07-13 15:00:00+00:00,4018.12,4022.83,4013.41,4018.14
2026-07-13 16:00:00+00:00,4018.13,4020.22,3988.09,3995.66
2026-07-13 17:00:00+00:00,3995.66,4004.28,3994.0,3996.08
2026-07-13 18:00:00+00:00,3996.08,4007.5,3989.72,4003.68
2026-07-13 19:00:00+00:00,4003.68,4006.75,3996.16,4004.52
2026-07-13 20:00:00+00:00,4004.52,4008.51,3998.93,4004.99
2026-07-13 21:00:00+00:00,4005.0,4008.0,4004.5,4006.3
2026-07-13 22:00:00+00:00,4006.29,4008.23,4003.51,4003.52
2026-07-13 23:00:00+00:00,4003.51,4005.18,3994.9,4003.5
2026-07-14 00:00:00+00:00,4003.51,4009.63,3986.44,4006.67
2026-07-14 01:00:00+00:00,4006.69,4014.35,3995.03,4012.73
2026-07-14 02:00:00+00:00,4012.78,4021.23,4009.01,4014.68
2026-07-14 03:00:00+00:00,4014.67,4021.29,4013.24,4018.94
2026-07-14 04:00:00+00:00,4018.95,4025.42,4015.76,4022.61
2026-07-14 05:00:00+00:00,4022.61,4036.05,4022.09,4033.37
2026-07-14 06:00:00+00:00,4033.37,4035.18,4024.03,4026.16
2026-07-14 07:00:00+00:00,4026.17,4032.03,4022.37,4023.05
2026-07-14 08:00:00+00:00,4023.12,4026.13,4017.0,4018.43
2026-07-14 09:00:00+00:00,4018.44,4026.37,4016.24,4024.13
2026-07-14 10:00:00+00:00,4024.13,4025.74,4017.76,4024.33
2026-07-14 11:00:00+00:00,4024.34,4033.96,4018.3,4033.42
2026-07-14 12:00:00+00:00,4033.43,4106.24,4026.01,4078.66
2026-07-14 13:00:00+00:00,4078.66,4090.0,4073.22,4078.8
2026-07-14 14:00:00+00:00,4078.81,4091.46,4072.8,4087.28
2026-07-14 15:00:00+00:00,4087.27,4102.17,4067.39,4069.03
2026-07-14 16:00:00+00:00,4069.02,4069.52,4059.51,4064.04
2026-07-14 17:00:00+00:00,4064.03,4067.1,4056.57,4065.49
2026-07-14 18:00:00+00:00,4065.47,4065.65,4045.75,4056.59
2026-07-14 19:00:00+00:00,4056.6,4059.71,4050.46,4058.31
2026-07-14 20:00:00+00:00,4058.32,4058.9,4052.21,4054.89
2026-07-14 21:00:00+00:00,4054.88,4063.54,4054.88,4059.59
2026-07-14 22:00:00+00:00,4059.58,4059.58,4051.04,4051.45
2026-07-14 23:00:00+00:00,4051.44,4057.99,4049.62,4055.53
2026-07-15 00:00:00+00:00,4055.53,4063.29,4053.52,4061.61
2026-07-15 01:00:00+00:00,4061.62,4064.37,4038.01,4039.9
2026-07-15 02:00:00+00:00,4039.89,4044.6,4031.89,4038.02
2026-07-15 03:00:00+00:00,4038.01,4042.39,4030.05,4033.86
2026-07-15 04:00:00+00:00,4033.84,4037.75,4031.0,4035.78
2026-07-15 05:00:00+00:00,4035.79,4039.37,4024.55,4037.7
2026-07-15 06:00:00+00:00,4037.7,4037.97,4024.18,4034.75
2026-07-15 07:00:00+00:00,4034.75,4036.93,4022.75,4026.67
2026-07-15 08:00:00+00:00,4026.66,4035.39,4020.36,4033.71
2026-07-15 09:00:00+00:00,4033.72,4036.43,4028.51,4032.78
2026-07-15 10:00:00+00:00,4032.78,4038.62,4029.35,4030.9
2026-07-15 11:00:00+00:00,4030.9,4042.29,4030.27,4040.61
2026-07-15 12:00:00+00:00,4040.61,4073.29,4038.4,4069.98
2026-07-15 13:00:00+00:00,4069.99,4075.87,4056.68,4063.94
2026-07-15 14:00:00+00:00,4063.95,4067.93,4055.35,4062.66
2026-07-15 15:00:00+00:00,4062.66,4064.9,4041.72,4049.01
2026-07-15 16:00:00+00:00,4049.02,4049.99,4029.39,4036.54
2026-07-15 17:00:00+00:00,4036.54,4068.18,4035.91,4064.03
2026-07-15 18:00:00+00:00,4064.02,4086.51,4062.01,4062.81
2026-07-15 19:00:00+00:00,4062.83,4066.46,4052.03,4060.0
2026-07-15 20:00:00+00:00,4060.0,4067.48,4058.86,4065.8
2026-07-15 21:00:00+00:00,4065.8,4067.59,4065.8,4066.7
2026-07-15 22:00:00+00:00,4066.7,4068.45,4060.21,4062.31
2026-07-15 23:00:00+00:00,4062.31,4064.35,4058.16,4060.5
2026-07-16 00:00:00+00:00,4060.5,4063.73,4046.34,4046.8
2026-07-16 01:00:00+00:00,4046.8,4052.94,4036.89,4041.6
2026-07-16 02:00:00+00:00,4041.6,4042.5,4027.06,4034.54
2026-07-16 03:00:00+00:00,4034.53,4038.95,4030.61,4038.65
2026-07-16 04:00:00+00:00,4038.65,4039.95,4034.24,4035.94
2026-07-16 05:00:00+00:00,4035.94,4036.46,4027.82,4030.06
2026-07-16 06:00:00+00:00,4030.06,4039.0,4026.06,4033.18
2026-07-16 07:00:00+00:00,4033.16,4033.96,4026.13,4033.62
2026-07-16 08:00:00+00:00,4033.62,4038.8,4027.56,4037.84
2026-07-16 09:00:00+00:00,4037.85,4039.99,4033.54,4035.17
2026-07-16 10:00:00+00:00,4035.16,4038.18,4032.39,4033.06
2026-07-16 11:00:00+00:00,4033.06,4046.22,4026.07,4042.12
2026-07-16 12:00:00+00:00,4042.13,4046.83,3995.25,3997.11
2026-07-16 13:00:00+00:00,3997.11,4012.78,3978.53,3996.01
2026-07-16 14:00:00+00:00,3996.01,4011.45,3992.68,4002.71
2026-07-16 15:00:00+00:00,4002.81,4022.6,3994.18,4012.15
2026-07-16 16:00:00+00:00,4012.15,4012.62,3987.0,3997.02
2026-07-16 17:00:00+00:00,3997.03,3997.39,3985.27,3989.6
2026-07-16 18:00:00+00:00,3989.6,3994.84,3981.59,3984.74
2026-07-16 19:00:00+00:00,3984.75,3990.08,3974.14,3984.38
2026-07-16 20:00:00+00:00,3984.38,3984.43,3977.52,3981.85
2026-07-16 21:00:00+00:00,3981.73,3991.46,3981.5,3986.95
2026-07-16 22:00:00+00:00,3986.95,3987.17,3978.21,3982.58
2026-07-16 23:00:00+00:00,3982.58,3991.15,3980.01,3990.93
2026-07-17 00:00:00+00:00,3990.92,3996.5,3985.39,3996.49
2026-07-17 01:00:00+00:00,3996.5,4000.25,3984.52,3988.46
2026-07-17 02:00:00+00:00,3988.46,3992.5,3976.39,3983.96
2026-07-17 03:00:00+00:00,3983.99,4012.55,3983.78,3996.08
2026-07-17 04:00:00+00:00,3996.08,3996.38,3985.56,3986.96
2026-07-17 05:00:00+00:00,3986.97,3995.98,3980.9,3990.28
2026-07-17 06:00:00+00:00,3990.27,4010.96,3990.27,4003.53
2026-07-17 07:00:00+00:00,4003.52,4006.98,3997.23,3997.24
2026-07-17 08:00:00+00:00,3997.23,4004.13,3993.03,3998.78
2026-07-17 09:00:00+00:00,3998.78,4006.89,3997.53,4002.78
2026-07-17 10:00:00+00:00,4002.78,4003.98,3995.61,3995.85
2026-07-17 11:00:00+00:00,3995.85,4003.49,3994.87,3999.34
2026-07-17 12:00:00+00:00,3999.34,4000.9,3970.34,3972.22
2026-07-17 13:00:00+00:00,3972.27,4008.24,3966.14,4002.34
2026-07-17 14:00:00+00:00,4002.34,4009.49,3995.63,4006.5
2026-07-17 15:00:00+00:00,4006.49,4026.6,4003.02,4024.12
2026-07-17 16:00:00+00:00,4024.14,4028.98,4016.44,4020.46
2026-07-17 17:00:00+00:00,4020.47,4024.81,4013.64,4015.07
2026-07-17 18:00:00+00:00,4015.07,4021.11,4012.15,4016.99
2026-07-17 19:00:00+00:00,4017.0,4021.96,4007.72,4021.27
2026-07-17 20:00:00+00:00,4021.28,4023.88,4014.46,4023.03
2026-07-17 21:00:00+00:00,4023.03,4023.77,4016.07,4019.0
2026-07-17 22:00:00+00:00,4018.99,4020.56,4018.99,4019.06
2026-07-17 23:00:00+00:00,4019.05,4019.66,4018.9,4019.61
2026-07-18 00:00:00+00:00,4019.61,4019.95,4019.29,4019.95
2026-07-18 01:00:00+00:00,4019.95,4020.35,4019.08,4019.16
2026-07-18 02:00:00+00:00,4019.15,4019.35,4019.02,4019.23
2026-07-18 03:00:00+00:00,4019.23,4019.38,4019.02,4019.13
2026-07-18 04:00:00+00:00,4019.13,4019.31,4019.03,4019.08
2026-07-18 05:00:00+00:00,4019.08,4019.2,4019.01,4019.13
2026-07-18 06:00:00+00:00,4019.13,4021.01,4019.12,4020.74
2026-07-18 07:00:00+00:00,4020.74,4024.42,4020.44,4023.35
2026-07-18 08:00:00+00:00,4023.34,4023.5,4022.0,4022.58
2026-07-18 09:00:00+00:00,4022.58,4023.81,4022.45,4023.22
2026-07-18 10:00:00+00:00,4023.23,4023.59,4021.93,4022.66
2026-07-18 11:00:00+00:00,4022.66,4023.66,4022.66,4022.86
2026-07-18 12:00:00+00:00,4022.86,4022.86,4021.05,4021.54
2026-07-18 13:00:00+00:00,4021.55,4021.95,4019.8,4021.15
2026-07-18 14:00:00+00:00,4021.15,4023.64,4021.15,4023.13
2026-07-18 15:00:00+00:00,4023.13,4024.0,4021.59,4022.32
2026-07-18 16:00:00+00:00,4022.32,4022.97,4021.44,4022.75
2026-07-18 17:00:00+00:00,4022.75,4025.66,4022.58,4024.95
2026-07-18 18:00:00+00:00,4024.94,4025.19,4018.2,4019.1
2026-07-18 19:00:00+00:00,4019.09,4019.85,4018.2,4018.24
2026-07-18 20:00:00+00:00,4018.24,4018.43,4017.55,4018.14
2026-07-18 21:00:00+00:00,4018.14,4018.34,4016.99,4017.04
2026-07-18 22:00:00+00:00,4017.03,4018.55,4017.03,4018.54
2026-07-18 23:00:00+00:00,4018.54,4023.05,4018.45,4022.99
2026-07-19 00:00:00+00:00,4022.99,4023.07,4021.92,4022.03
2026-07-19 01:00:00+00:00,4022.04,4022.46,4021.26,4021.27
2026-07-19 02:00:00+00:00,4021.27,4021.97,4021.21,4021.52
2026-07-19 03:00:00+00:00,4021.53,4022.62,4020.5,4020.51
2026-07-19 04:00:00+00:00,4020.5,4020.51,4019.8,4020.38
2026-07-19 05:00:00+00:00,4020.38,4021.17,4020.37,4020.57
2026-07-19 06:00:00+00:00,4020.57,4020.57,4019.21,4019.78
2026-07-19 07:00:00+00:00,4019.78,4020.43,4019.65,4019.65
2026-07-19 08:00:00+00:00,4019.66,4019.66,4017.43,4017.69
2026-07-19 09:00:00+00:00,4017.7,4018.6,4017.1,4017.14
2026-07-19 10:00:00+00:00,4017.15,4017.15,4016.54,4017.09
2026-07-19 11:00:00+00:00,4017.08,4017.38,4016.2,4016.2
2026-07-19 12:00:00+00:00,4016.21,4016.21,4012.64,4014.46
2026-07-19 13:00:00+00:00,4014.46,4017.98,4014.45,4017.38
2026-07-19 14:00:00+00:00,4017.39,4019.63,4017.13,4018.69
2026-07-19 15:00:00+00:00,4018.7,4018.7,4016.6,4016.63
2026-07-19 16:00:00+00:00,4016.62,4017.26,4015.25,4015.66
2026-07-19 17:00:00+00:00,4015.66,4019.43,4015.64,4018.95
2026-07-19 18:00:00+00:00,4018.95,4020.42,4018.33,4020.01
2026-07-19 19:00:00+00:00,4020.0,4020.72,4017.76,4017.83
2026-07-19 20:00:00+00:00,4017.82,4018.22,4016.21,4017.28
2026-07-19 21:00:00+00:00,4017.28,4017.29,4016.0,4016.06
2026-07-19 22:00:00+00:00,4016.05,4016.06,3999.51,4000.75
2026-07-19 23:00:00+00:00,4000.75,4001.34,3995.12,4000.66
2026-07-20 00:00:00+00:00,4000.66,4015.6,3989.11,4014.22
2026-07-20 01:00:00+00:00,4014.07,4026.74,4001.42,4007.65
2026-07-20 02:00:00+00:00,4007.65,4034.0,4007.16,4027.4
2026-07-20 03:00:00+00:00,4027.4,4032.66,4024.59,4028.75
2026-07-20 04:00:00+00:00,4028.76,4031.48,4024.21,4024.59
2026-07-20 05:00:00+00:00,4024.6,4026.4,4011.52,4014.45
2026-07-20 06:00:00+00:00,4014.46,4017.49,4009.09,4009.68
2026-07-20 07:00:00+00:00,4009.68,4026.75,4008.28,4022.61
2026-07-20 08:00:00+00:00,4022.62,4035.69,4022.62,4024.03
2026-07-20 09:00:00+00:00,4024.02,4028.4,4020.46,4026.32
2026-07-20 10:00:00+00:00,4026.31,4030.9,4023.64,4029.23
2026-07-20 11:00:00+00:00,4029.24,4045.97,4025.65,4030.99
2026-07-20 12:00:00+00:00,4030.98,4030.98,4012.53,4014.26
2026-07-20 13:00:00+00:00,4014.27,4023.18,4011.79,4011.83
2026-07-20 14:00:00+00:00,4011.83,4019.46,4004.31,4011.66
2026-07-20 15:00:00+00:00,4011.66,4024.93,4010.1,4017.34
2026-07-20 16:00:00+00:00,4017.34,4023.49,4007.97,4015.23
2026-07-20 17:00:00+00:00,4015.23,4017.96,4009.57,4010.99
2026-07-20 18:00:00+00:00,4010.99,4016.76,4009.08,4012.65
2026-07-20 19:00:00+00:00,4012.65,4022.82,4009.63,4012.19
2026-07-20 20:00:00+00:00,4012.18,4014.88,4011.31,4013.19
2026-07-20 21:00:00+00:00,4013.2,4016.5,4012.95,4016.07
2026-07-20 22:00:00+00:00,4016.07,4016.09,4005.19,4006.15
2026-07-20 23:00:00+00:00,4006.15,4015.47,4006.06,4015.02
2026-07-21 00:00:00+00:00,4015.02,4031.67,4009.0,4029.73
2026-07-21 01:00:00+00:00,4029.72,4040.37,4023.44,4028.11
2026-07-21 02:00:00+00:00,4028.11,4049.25,4027.28,4042.79
2026-07-21 03:00:00+00:00,4042.78,4056.84,4041.83,4051.68
2026-07-21 04:00:00+00:00,4051.69,4055.96,4048.83,4054.27
2026-07-21 05:00:00+00:00,4054.27,4072.3,4051.33,4066.01
2026-07-21 06:00:00+00:00,4066.01,4088.4,4066.01,4083.45
2026-07-21 07:00:00+00:00,4083.44,4084.64,4072.9,4075.92
2026-07-21 08:00:00+00:00,4075.93,4076.92,4064.65,4068.45
2026-07-21 09:00:00+00:00,4068.46,4074.78,4066.74,4071.59
2026-07-21 10:00:00+00:00,4071.59,4075.56,4066.88,4067.98
2026-07-21 11:00:00+00:00,4067.98,4068.58,4059.33,4061.05
2026-07-21 12:00:00+00:00,4061.07,4070.89,4056.34,4059.17
2026-07-21 13:00:00+00:00,4059.17,4066.56,4050.1,4058.53
2026-07-21 14:00:00+00:00,4058.53,4078.65,4057.23,4073.62
2026-07-21 15:00:00+00:00,4073.63,4087.4,4070.67,4078.51
2026-07-21 16:00:00+00:00,4078.52,4083.58,4074.36,4075.89
2026-07-21 17:00:00+00:00,4075.89,4077.47,4071.6,4073.34
2026-07-21 18:00:00+00:00,4073.34,4092.48,4072.28,4087.2
2026-07-21 19:00:00+00:00,4087.2,4090.18,4085.0,4089.08
2026-07-21 20:00:00+00:00,4089.09,4091.0,4082.41,4082.9
2026-07-21 21:00:00+00:00,4082.89,4086.6,4082.65,4085.35
2026-07-21 22:00:00+00:00,4085.35,4089.62,4082.35,4085.76
2026-07-21 23:00:00+00:00,4085.68,4087.56,4084.46,4085.65
2026-07-22 00:00:00+00:00,4085.64,4106.65,4082.32,4101.82
2026-07-22 01:00:00+00:00,4101.83,4127.75,4101.19,4126.2
2026-07-22 02:00:00+00:00,4126.19,4134.52,4122.95,4134.49
2026-07-22 03:00:00+00:00,4134.48,4145.34,4133.35,4134.24
2026-07-22 04:00:00+00:00,4134.24,4134.48,4128.55,4130.25
2026-07-22 05:00:00+00:00,4130.25,4137.38,4126.51,4134.49
2026-07-22 06:00:00+00:00,4134.48,4138.68,4116.46,4119.39
2026-07-22 07:00:00+00:00,4119.4,4125.99,4112.34,4113.64
2026-07-22 08:00:00+00:00,4113.64,4123.27,4113.64,4121.48
2026-07-22 09:00:00+00:00,4121.49,4125.25,4114.23,4115.3
2026-07-22 10:00:00+00:00,4115.3,4123.2,4115.3,4119.53
2026-07-22 11:00:00+00:00,4119.54,4124.87,4115.01,4124.29
2026-07-22 12:00:00+00:00,4124.29,4136.7,4109.77,4115.56
2026-07-22 13:00:00+00:00,4115.55,4158.5,4115.42,4157.26
2026-07-22 14:00:00+00:00,4157.26,4165.57,4146.77,4151.33
2026-07-22 15:00:00+00:00,4151.33,4168.58,4151.32,4162.0
2026-07-22 16:00:00+00:00,4162.0,4162.0,4147.87,4150.15
2026-07-22 17:00:00+00:00,4150.23,4150.86,4141.81,4145.69
2026-07-22 18:00:00+00:00,4145.69,4145.95,4135.63,4139.65
2026-07-22 19:00:00+00:00,4139.66,4140.78,4132.59,4135.02
2026-07-22 20:00:00+00:00,4135.0,4141.17,4132.25,4134.83
2026-07-22 21:00:00+00:00,4134.83,4137.0,4134.09,4135.62
2026-07-22 22:00:00+00:00,4135.62,4135.62,4108.03,4124.8
2026-07-22 23:00:00+00:00,4124.8,4137.02,4119.65,4136.08
2026-07-23 00:00:00+00:00,4136.08,4138.4,4128.87,4135.32
2026-07-23 01:00:00+00:00,4135.31,4144.06,4117.72,4121.2
2026-07-23 02:00:00+00:00,4121.2,4132.0,4115.77,4131.09
2026-07-23 03:00:00+00:00,4131.09,4136.09,4127.5,4127.99
2026-07-23 04:00:00+00:00,4127.99,4133.2,4123.39,4124.49
2026-07-23 05:00:00+00:00,4124.5,4133.47,4122.98,4127.1
2026-07-23 06:00:00+00:00,4127.11,4130.93,4120.68,4122.24
2026-07-23 07:00:00+00:00,4122.23,4122.61,4094.17,4098.79
2026-07-23 08:00:00+00:00,4098.82,4100.9,4090.64,4097.09
2026-07-23 09:00:00+00:00,4097.09,4102.92,4092.73,4093.93
2026-07-23 10:00:00+00:00,4093.94,4098.56,4089.51,4096.88
2026-07-23 11:00:00+00:00,4096.89,4097.48,4077.02,4089.4
2026-07-23 12:00:00+00:00,4089.41,4089.56,4065.88,4066.78
2026-07-23 13:00:00+00:00,4066.78,4071.62,4045.43,4048.16
2026-07-23 14:00:00+00:00,4048.18,4066.68,4045.33,4062.71
2026-07-23 15:00:00+00:00,4062.6,4063.72,4047.29,4053.54
2026-07-23 16:00:00+00:00,4053.54,4056.95,4051.45,4056.43
2026-07-23 17:00:00+00:00,4056.43,4059.64,4046.58,4046.7
2026-07-23 18:00:00+00:00,4046.58,4053.27,4045.63,4051.4
2026-07-23 19:00:00+00:00,4051.4,4055.87,4048.23,4054.69
2026-07-23 20:00:00+00:00,4054.8,4056.28,4052.17,4054.4
2026-07-23 21:00:00+00:00,4054.4,4054.8,4051.4,4053.8
2026-07-23 22:00:00+00:00,4053.8,4055.65,4052.45,4054.48
2026-07-23 23:00:00+00:00,4054.49,4055.37,4051.44,4051.45
2026-07-24 00:00:00+00:00,4051.46,4055.91,4045.62,4054.56
2026-07-24 01:00:00+00:00,4054.56,4055.5,4043.26,4048.99
2026-07-24 02:00:00+00:00,4048.99,4053.01,4026.81,4028.96
2026-07-24 03:00:00+00:00,4028.96,4038.0,4027.27,4034.15
2026-07-24 04:00:00+00:00,4034.15,4035.54,4030.73,4032.43
2026-07-24 05:00:00+00:00,4032.43,4036.6,4027.36,4028.05
2026-07-24 06:00:00+00:00,4028.05,4043.73,4027.99,4041.03
2026-07-24 07:00:00+00:00,4041.02,4058.74,4040.54,4053.46
2026-07-24 08:00:00+00:00,4053.46,4062.58,4049.84,4061.64
2026-07-24 09:00:00+00:00,4061.64,4065.3,4055.62,4063.79
2026-07-24 10:00:00+00:00,4063.8,4068.29,4061.21,4063.85
2026-07-24 11:00:00+00:00,4063.85,4067.36,4055.43,4061.81
2026-07-24 12:00:00+00:00,4061.8,4064.29,4056.1,4059.97
2026-07-24 13:00:00+00:00,4059.97,4073.41,4049.24,4072.12
2026-07-24 14:00:00+00:00,4072.11,4074.39,4060.41,4067.8
2026-07-24 15:00:00+00:00,4067.81,4086.81,4066.45,4081.25
2026-07-24 16:00:00+00:00,4081.25,4081.97,4068.36,4071.4
2026-07-24 17:00:00+00:00,4071.4,4074.53,4067.32,4068.57
2026-07-24 18:00:00+00:00,4068.57,4069.58,4056.27,4059.4
2026-07-24 19:00:00+00:00,4059.39,4062.63,4053.58,4058.67
2026-07-24 20:00:00+00:00,4058.66,4060.88,4056.46,4057.61
2026-07-24 21:00:00+00:00,4057.61,4061.66,4057.41,4060.97
2026-07-24 22:00:00+00:00,4060.96,4062.0,4060.2,4061.79
2026-07-24 23:00:00+00:00,4061.8,4063.47,4061.44,4063.19
2026-07-25 00:00:00+00:00,4063.18,4064.23,4060.66,4060.93
2026-07-25 01:00:00+00:00,4060.92,4062.71,4060.35,4060.99
2026-07-25 02:00:00+00:00,4060.98,4061.04,4059.51,4060.03
2026-07-25 03:00:00+00:00,4060.02,4060.03,4058.13,4059.51
2026-07-25 04:00:00+00:00,4059.51,4060.4,4058.9,4060.35
2026-07-25 05:00:00+00:00,4060.36,4060.36,4058.54,4059.19
2026-07-25 06:00:00+00:00,4059.2,4060.47,4059.13,4059.6
2026-07-25 07:00:00+00:00,4059.61,4060.27,4058.93,4059.91
2026-07-25 08:00:00+00:00,4059.9,4059.97,4059.31,4059.46
2026-07-25 09:00:00+00:00,4059.46,4059.99,4058.0,4058.62
2026-07-25 10:00:00+00:00,4058.61,4061.01,4057.85,4060.15
2026-07-25 11:00:00+00:00,4060.15,4061.48,4059.58,4060.2
2026-07-25 12:00:00+00:00,4060.2,4060.94,4059.31,4060.48
2026-07-25 13:00:00+00:00,4060.48,4061.42,4059.59,4060.61
2026-07-25 14:00:00+00:00,4060.62,4063.96,4059.98,4062.83
2026-07-25 15:00:00+00:00,4062.84,4064.23,4062.28,4063.3
2026-07-25 16:00:00+00:00,4063.29,4064.23,4061.6,4062.95
2026-07-25 17:00:00+00:00,4062.96,4063.92,4062.32,4063.91
2026-07-25 18:00:00+00:00,4063.91,4065.75,4063.91,4065.42
2026-07-25 19:00:00+00:00,4065.42,4065.43,4062.51,4064.7
2026-07-25 20:00:00+00:00,4064.69,4064.79,4062.35,4063.13
2026-07-25 21:00:00+00:00,4063.13,4065.46,4063.06,4065.03
2026-07-25 22:00:00+00:00,4065.04,4066.0,4064.6,4064.71
2026-07-25 23:00:00+00:00,4064.61,4064.94,4063.73,4064.4
2026-07-26 00:00:00+00:00,4064.4,4064.6,4062.88,4062.88
2026-07-26 01:00:00+00:00,4062.89,4062.95,4062.8,4062.82
2026-07-26 02:00:00+00:00,4062.82,4062.97,4062.42,4062.97
2026-07-26 03:00:00+00:00,4062.97,4064.6,4062.96,4064.4
2026-07-26 04:00:00+00:00,4064.39,4067.85,4064.35,4066.07
2026-07-26 05:00:00+00:00,4066.07,4067.0,4064.0,4066.02
2026-07-26 06:00:00+00:00,4066.02,4066.48,4063.22,4064.29
2026-07-26 07:00:00+00:00,4064.29,4066.75,4064.29,4066.2
2026-07-26 08:00:00+00:00,4066.21,4066.6,4065.79,4065.89
2026-07-26 09:00:00+00:00,4065.89,4066.76,4065.88,4066.76
2026-07-26 10:00:00+00:00,4066.76,4072.8,4066.75,4070.69
2026-07-26 11:00:00+00:00,4070.69,4071.86,4066.42,4068.46
2026-07-26 12:00:00+00:00,4068.46,4070.46,4067.6,4068.39
2026-07-26 13:00:00+00:00,4068.39,4069.98,4068.39,4069.04
2026-07-26 14:00:00+00:00,4069.04,4070.35,4069.04,4069.61
2026-07-26 15:00:00+00:00,4069.59,4072.8,4069.32,4072.75
2026-07-26 16:00:00+00:00,4072.74,4077.0,4072.08,4073.34
2026-07-26 17:00:00+00:00,4073.34,4075.27,4072.05,4073.24
2026-07-26 18:00:00+00:00,4073.23,4073.75,4073.09,4073.47
2026-07-26 19:00:00+00:00,4073.47,4073.47,4072.06,4072.47
2026-07-26 20:00:00+00:00,4072.47,4073.06,4072.06,4072.6
2026-07-26 21:00:00+00:00,4072.59,4081.73,4072.59,4079.7
2026-07-26 22:00:00+00:00,4079.71,4100.0,4079.3,4093.53
2026-07-26 23:00:00+00:00,4093.53,4099.95,4087.85,4098.38
2026-07-27 00:00:00+00:00,4098.39,4120.43,4095.2,4104.31
2026-07-27 01:00:00+00:00,4104.32,4115.18,4100.02,4113.11
2026-07-27 02:00:00+00:00,4113.1,4114.0,4097.43,4097.43
2026-07-27 03:00:00+00:00,4097.43,4099.29,4089.15,4094.86
2026-07-27 04:00:00+00:00,4094.85,4096.67,4090.5,4094.57
2026-07-27 05:00:00+00:00,4094.57,4099.33,4089.22,4097.23
2026-07-27 06:00:00+00:00,4097.23,4103.18,4095.61,4100.02
2026-07-27 07:00:00+00:00,4100.03,4109.4,4093.02,4093.03
2026-07-27 08:00:00+00:00,4093.03,4100.62,4091.23,4099.66
2026-07-27 09:00:00+00:00,4099.67,4104.26,4094.42,4100.86
2026-07-27 10:00:00+00:00,4100.86,4105.97,4091.34,4103.76
2026-07-27 11:00:00+00:00,4103.77,4108.08,4097.21,4097.49
2026-07-27 12:00:00+00:00,4097.49,4101.44,4085.63,4087.58
2026-07-27 13:00:00+00:00,4087.58,4093.35,4074.22,4077.74
2026-07-27 14:00:00+00:00,4077.73,4082.74,4069.59,4080.77
2026-07-27 15:00:00+00:00,4080.78,4084.17,4076.47,4083.0
2026-07-27 16:00:00+00:00,4083.01,4098.33,4082.45,4086.68
2026-07-27 17:00:00+00:00,4086.68,4086.68,4075.56,4081.0
2026-07-27 18:00:00+00:00,4081.01,4083.48,4077.15,4082.21
2026-07-27 19:00:00+00:00,4082.21,4093.75,4080.62,4087.48
2026-07-27 20:00:00+00:00,4087.48,4088.26,4080.16,4081.53
2026-07-27 21:00:00+00:00,4081.52,4084.79,4079.6,4079.75
2026-07-27 22:00:00+00:00,4079.75,4085.23,4075.36,4077.66
2026-07-27 23:00:00+00:00,4077.66,4079.14,4073.8,4076.96
2026-07-28 00:00:00+00:00,4076.95,4077.69,4061.81,4062.39
2026-07-28 01:00:00+00:00,4062.38,4064.28,4047.39,4049.79
2026-07-28 02:00:00+00:00,4049.8,4053.55,4045.57,4046.62
2026-07-28 03:00:00+00:00,4046.62,4055.62,4045.2,4054.07
2026-07-28 04:00:00+00:00,4054.05,4054.23,4046.0,4046.67
2026-07-28 05:00:00+00:00,4046.68,4050.57,4039.18,4049.35
2026-07-28 06:00:00+00:00,4049.35,4056.94,4047.91,4053.21
2026-07-28 07:00:00+00:00,4053.21,4057.19,4050.39,4051.41
2026-07-28 08:00:00+00:00,4051.4,4059.29,4046.82,4050.17
2026-07-28 09:00:00+00:00,4050.17,4050.6,4023.81,4027.74
2026-07-28 10:00:00+00:00,4027.73,4034.0,4022.0,4031.3
2026-07-28 11:00:00+00:00,4031.32,4036.5,4028.01,4032.27
2026-07-28 12:00:00+00:00,4032.27,4041.96,4028.14,4033.76
2026-07-28 13:00:00+00:00,4033.76,4039.99,4024.58,4026.84
2026-07-28 14:00:00+00:00,4026.96,4037.41,4016.16,4029.09
2026-07-28 15:00:00+00:00,4029.09,4051.28,4027.03,4050.68
2026-07-28 16:00:00+00:00,4050.67,4050.93,4041.57,4042.21
2026-07-28 17:00:00+00:00,4042.21,4045.75,4031.01,4032.49
2026-07-28 18:00:00+00:00,4032.49,4035.11,4026.55,4027.7
2026-07-28 19:00:00+00:00,4027.7,4033.17,4027.24,4031.73
2026-07-28 20:00:00+00:00,4031.72,4035.43,4027.9,4034.35
2026-07-28 21:00:00+00:00,4034.36,4038.64,4034.36,4035.35
2026-07-28 22:00:00+00:00,4035.35,4038.63,4019.2,4023.61
2026-07-28 23:00:00+00:00,4023.62,4031.45,4020.62,4030.04
2026-07-29 00:00:00+00:00,4030.04,4034.6,4022.51,4027.02
2026-07-29 01:00:00+00:00,4027.01,4034.82,4016.01,4030.49
2026-07-29 02:00:00+00:00,4030.49,4041.74,4028.12,4034.63
2026-07-29 03:00:00+00:00,4034.61,4037.02,4028.2,4028.27
2026-07-29 04:00:00+00:00,4028.27,4032.66,4025.46,4032.04
2026-07-29 05:00:00+00:00,4032.04,4044.28,4031.81,4038.07
2026-07-29 06:00:00+00:00,4038.08,4049.44,4038.07,4045.65
2026-07-29 07:00:00+00:00,4045.61,4051.98,4045.61,4048.17
2026-07-29 08:00:00+00:00,4048.18,4048.82,4040.77,4042.57
2026-07-29 09:00:00+00:00,4042.58,4043.18,4036.68,4037.98
2026-07-29 10:00:00+00:00,4037.98,4039.78,4031.3,4032.33
2026-07-29 11:00:00+00:00,4032.33,4040.9,4030.86,4038.14
2026-07-29 12:00:00+00:00,4038.13,4038.6,4015.5,4028.42
2026-07-29 13:00:00+00:00,4028.43,4031.52,4008.9,4013.31
2026-07-29 14:00:00+00:00,4013.24,4016.61,4003.11,4012.33
2026-07-29 15:00:00+00:00,4012.21,4020.93,4011.09,4017.33
2026-07-29 16:00:00+00:00,4017.32,4038.92,4015.4,4034.45
2026-07-29 17:00:00+00:00,4034.46,4056.91,4034.45,4051.24
2026-07-29 18:00:00+00:00,4051.25,4113.83,4049.7,4111.08
2026-07-29 19:00:00+00:00,4111.09,4120.44,4051.21,4051.63
2026-07-29 20:00:00+00:00,4051.63,4075.82,4050.01,4073.36
2026-07-29 21:00:00+00:00,4073.38,4074.08,4067.69,4069.96
2026-07-29 22:00:00+00:00,4069.96,4094.99,4069.95,4093.55
2026-07-29 23:00:00+00:00,4093.55,4104.59,4092.0,4092.01
2026-07-30 00:00:00+00:00,4092.01,4093.78,4073.19,4079.5
2026-07-30 01:00:00+00:00,4079.49,4099.98,4077.9,4092.01
2026-07-30 02:00:00+00:00,4092.09,4096.95,4071.94,4072.17
2026-07-30 03:00:00+00:00,4072.17,4077.98,4059.82,4066.89
2026-07-30 04:00:00+00:00,4066.89,4067.96,4054.83,4056.15
2026-07-30 05:00:00+00:00,4056.14,4060.92,4039.0,4043.8
2026-07-30 06:00:00+00:00,4043.7,4050.29,4039.45,4045.74
2026-07-30 07:00:00+00:00,4045.74,4058.46,4044.06,4047.11
2026-07-30 08:00:00+00:00,4047.11,4080.21,4045.25,4069.06
2026-07-30 09:00:00+00:00,4069.24,4081.38,4068.6,4071.98
2026-07-30 10:00:00+00:00,4071.98,4090.77,4071.47,4085.69
2026-07-30 11:00:00+00:00,4085.71,4090.73,4084.0,4085.08
2026-07-30 12:00:00+00:00,4085.08,4094.99,4076.03,4077.63
2026-07-30 13:00:00+00:00,4077.62,4119.11,4073.57,4118.9
2026-07-30 14:00:00+00:00,4118.91,4126.64,4094.6,4106.72
2026-07-30 15:00:00+00:00,4106.71,4116.64,4090.91,4114.74
2026-07-30 16:00:00+00:00,4114.74,4125.47,4114.2,4117.63
2026-07-30 17:00:00+00:00,4117.63,4118.0,4106.26,4109.18
2026-07-30 18:00:00+00:00,4109.31,4114.96,4106.42,4106.93
2026-07-30 19:00:00+00:00,4107.17,4121.95,4106.55,4118.76
2026-07-30 20:00:00+00:00,4118.78,4123.88,4107.04,4111.8
2026-07-30 21:00:00+00:00,4111.8,4114.98,4108.93,4113.52
2026-07-30 22:00:00+00:00,4113.52,4117.81,4109.4,4116.32
2026-07-30 23:00:00+00:00,4116.48,4118.34,4109.43,4111.46
2026-07-31 00:00:00+00:00,4111.47,4112.81,4096.58,4102.15
2026-07-31 01:00:00+00:00,4102.14,4108.27,4089.01,4091.32
2026-07-31 02:00:00+00:00,4091.31,4097.21,4081.45,4083.29
2026-07-31 03:00:00+00:00,4083.27,4086.3,4079.15,4081.8
2026-07-31 04:00:00+00:00,4081.8,4088.88,4080.48,4087.43
2026-07-31 05:00:00+00:00,4087.43,4090.42,4080.45,4081.41
2026-07-31 06:00:00+00:00,4081.41,4094.7,4080.06,4084.55
2026-07-31 07:00:00+00:00,4084.55,4085.77,4073.77,4074.58
2026-07-31 08:00:00+00:00,4074.57,4074.87,4061.85,4068.7
2026-07-31 09:00:00+00:00,4068.7,4071.08,4058.21,4062.82
2026-07-31 10:00:00+00:00,4062.81,4065.64,4059.61,4061.94
2026-07-31 11:00:00+00:00,4061.94,4068.76,4058.1,4060.85
2026-07-31 12:00:00+00:00,4060.86,4066.69,4049.06,4049.07
2026-07-31 13:00:00+00:00,4049.06,4054.98,4030.47,4033.87
2026-07-31 14:00:00+00:00,4033.87,4057.59,4029.47,4056.72
2026-07-31 15:00:00+00:00,4056.71,4059.49,4044.54,4052.58
2026-07-31 16:00:00+00:00,4052.58,4057.11,4049.0,4050.71
2026-07-31 17:00:00+00:00,4050.71,4061.84,4049.0,4061.21
2026-07-31 18:00:00+00:00,4061.21,4062.11,4054.3,4057.39
2026-07-31 19:00:00+00:00,4057.42,4062.49,4053.76,4058.0
2026-07-31 20:00:00+00:00,4058.01,4059.98,4049.76,4050.83
2026-07-31 21:00:00+00:00,4050.82,4058.38,4050.82,4054.2
2026-07-31 22:00:00+00:00,4054.2,4058.23,4054.1,4058.11
2026-07-31 23:00:00+00:00,4058.11,4058.12,4054.72,4054.8
